date,equity,net_return,gross_return,turnover,cost,exposure,benchmark_net_return,benchmark_equity
2008-02-08,101360.47326162801,0.01360473261627996,0.01360473261627996,0.0,0.0,1.0,-0.006420967712653547,99357.90322873465
2008-02-11,102124.3110880289,0.007535854972078684,0.007535854972078684,0.0,0.0,1.0,0.0051100023327168564,99865.62234600734
2008-02-12,101239.48867199908,-0.008664170231387176,-0.008664170231387176,0.0,0.0,1.0,0.009271176321489216,100791.49413923243
2008-02-13,102316.3283878098,0.010636558223832138,0.010636558223832138,0.0,0.0,1.0,0.0102232630712622,101821.91209916338
2008-02-14,102668.44387457335,0.0034414398201322673,0.0034414398201322673,0.0,0.0,1.0,-0.008799916364074178,100925.88778866064
2008-02-15,102537.3820717397,-0.0012765539038827414,-0.0012765539038827414,0.0,0.0,1.0,-0.00022211945224381857,100903.47018574779
2008-02-19,105030.8275147508,0.024317428362531736,0.024317428362531736,0.0,0.0,1.0,0.0028123415521521533,101187.24520770751
2008-02-20,106138.61290819464,0.010547240459362135,0.010547240459362135,0.0,0.0,1.0,0.0029510714301239638,101485.85599613293
2008-02-21,105454.73594414712,-0.006443243842267354,-0.006443243842267354,0.0,0.0,1.0,-0.008313820910634373,100642.12076441865
2008-02-22,106463.80886655314,0.009568777669126893,0.009568777669126893,0.0,0.0,1.0,0.006157969874891256,101261.8719122311
2008-02-25,107219.50707361843,0.007098169933150969,0.007098169933150969,0.0,0.0,1.0,0.012608927992332042,102538.67556354117
2008-02-26,108827.5338301157,0.014997520510826146,0.014997520510826146,0.0,0.0,1.0,0.007499965681282639,103307.7121112719
2008-02-27,109498.03543921461,0.006161139424013751,0.006161139424013751,0.0,0.0,1.0,-0.0010115235180766513,103203.21393087266
2008-02-28,109923.08606346717,0.0038818105050708227,0.0038818105050708227,0.0,0.0,1.0,-0.009767373628951415,102195.18958070122
2008-02-29,107940.00621001789,-0.01804061298191987,-0.01804061298191987,0.0,0.0,1.0,-0.022283848764333536,99917.88743164248
2008-03-03,109060.61013636294,0.010381729311416713,0.010381729311416713,0.0,0.0,1.0,-0.002391201684102673,99678.96361094396
2008-03-04,107317.25145738514,-0.015985227634413755,-0.015985227634413755,0.0,0.0,1.0,-0.003820699059792987,99298.1202883945
2008-03-05,109807.25854059205,0.023202300183728486,0.023202300183728486,0.0,0.0,1.0,0.006316786335354596,99925.36529775862
2008-03-06,108370.13788895393,-0.013087665339599337,-0.013087665339599337,0.0,0.0,1.0,-0.02069770578190666,97857.13948667605
2008-03-07,107351.738327107,-0.009397418714096939,-0.009397418714096939,0.0,0.0,1.0,-0.010300570473141812,96849.15512509349
2008-03-10,107315.14427680986,-0.0003408799043909113,-0.0003408799043909113,0.0,0.0,1.0,-0.013183508388675769,95572.34347606565
2008-03-11,110322.6902130805,0.028025363582542925,0.028025363582542925,0.0,0.0,1.0,0.0359374665270622,99006.97137064966
2008-03-12,110433.43474210419,0.001003823681327972,0.001003823681327972,0.0,0.0,1.0,-0.009351339478971599,98081.12357057788
2008-03-13,110640.60515224755,0.0018759754292451878,0.0018759754292451878,0.0,0.0,1.0,0.0022074198368038367,98297.6297883636
2008-03-14,109424.56263032478,-0.01099092435593089,-0.01099092435593089,0.0,0.0,1.0,-0.015495361944102504,96774.4724365455
2008-03-17,107230.62761275473,-0.02004974902190796,-0.02004974902190796,0.0,0.0,1.0,-0.010107302644133065,95796.34355540303
2008-03-18,108921.231073302,0.015766050224499284,0.015766050224499284,0.0,0.0,1.0,0.041543551656542554,99776.06390240481
2008-03-19,103869.66559593086,-0.046378152611693674,-0.046378152611693674,0.0,0.0,1.0,-0.024770176778338038,97304.59316129549
2008-03-20,101894.37046869595,-0.019017054843702825,-0.019017054843702825,0.0,0.0,1.0,0.018522513992263123,99106.91884963706
2008-03-24,103888.39575426182,0.019569533394177663,0.019569533394177663,0.0,0.0,1.0,0.019988218110217115,101087.88955983518
2008-03-25,105780.17585348965,0.018209734451022364,0.018209734451022364,0.0,0.0,1.0,0.0009650627963306846,101185.44572120898
2008-03-26,106957.29700237133,0.011127993873937665,0.011127993873937665,0.0,0.0,1.0,-0.012236055135281254,99947.33502847626
2008-03-27,107049.42647195286,0.0008613668460552744,0.0008613668460552744,0.0,0.0,1.0,-0.003153161299264129,99632.18495969988
2008-03-28,105536.21208714401,-0.014135660831450679,-0.014135660831450679,0.0,0.0,1.0,-0.009564620792630874,98679.24089181909
2008-03-31,104336.73026602565,-0.011365594779239409,-0.011365594779239409,0.0,0.0,1.0,0.003497853251124061,99024.406395391
2008-04-01,104112.12646517558,-0.0021526819968136213,-0.0021526819968136213,0.0,0.0,1.0,0.035159316866026025,102506.03687731667
2008-04-02,106134.0663379587,0.019420791231840262,0.019420791231840262,0.0,0.0,1.0,0.0006588170893906398,102573.56960617716
2008-04-03,106817.39782050956,0.0064383803064225935,0.0064383803064225935,0.0,0.0,1.0,0.002487416527651609,102828.7127985158
2008-04-04,107255.64746917937,0.0041027927810619955,0.0041027927810619955,0.0,0.0,1.0,-0.0010944791723460634,102716.16891403867
2008-04-07,108480.5959245324,0.011420829431895818,0.011420829431895818,0.0,0.0,1.0,0.0005111660386423189,102768.67393120698
2008-04-08,108102.3188900418,-0.003487047902592392,-0.003487047902592392,0.0,0.0,1.0,-0.0010218875853615916,102663.65589915261
2008-04-09,108917.79888906126,0.0075435939524011175,0.0075435939524011175,0.0,0.0,1.0,-0.0072360175214361,101920.77988625165
2008-04-10,109071.91214385022,0.0014149501400220934,0.0014149501400220934,0.0,0.0,1.0,0.0013984128512423144,102063.30721465322
2008-04-11,108149.6652822858,-0.008455401976891134,-0.008455401976891134,0.0,0.0,1.0,-0.019408608073906986,100082.40048619725
2008-04-14,108236.2426228344,0.0008005326722245742,0.0008005326722245742,0.0,0.0,1.0,-0.003373856368973027,99744.73684189479
2008-04-15,109311.42764025545,0.009933687564965672,0.009933687564965672,0.0,0.0,1.0,0.0023321693601088267,99977.35846098958
2008-04-16,111377.87255606326,0.018904198402828493,0.018904198402828493,0.0,0.0,1.0,0.027094084700292953,102686.15347924316
2008-04-17,110654.85442487721,-0.006491577856473288,-0.006491577856473288,0.0,0.0,1.0,0.0014614353656765555,102836.22265550304
2008-04-18,110457.56449215669,-0.0017829306608005222,-0.0017829306608005222,0.0,0.0,1.0,0.01043381202153082,103909.19647169483
2008-04-21,110541.28737307896,0.0007579642128378028,0.0007579642128378028,0.0,0.0,1.0,0.0005059128613777997,103961.7654706053
2008-04-22,110434.93398180245,-0.000962114643350905,-0.000962114643350905,0.0,0.0,1.0,-0.004402747334030344,103504.0480848385
2008-04-23,110188.51453634386,-0.002231354124766309,-0.002231354124766309,0.0,0.0,1.0,-0.0015950766275028005,103338.95119688645
2008-04-24,108278.87671775742,-0.017330643094898807,-0.017330643094898807,0.0,0.0,1.0,0.004356532806338187,103789.15072794828
2008-04-25,109227.24740664136,0.008758593713120858,0.008758593713120858,0.0,0.0,1.0,0.00925389521093134,104749.60465281627
2008-04-28,109417.25750784688,0.0017395851833392761,0.0017395851833392761,0.0,0.0,1.0,0.0002150802481430958,104772.13422377789
2008-04-29,107109.16540616594,-0.021094406442378956,-0.021094406442378956,0.0,0.0,1.0,-0.003939236598007989,104359.41199819218
2008-04-30,108128.31673092242,0.009515071104249576,0.009515071104249576,0.0,0.0,1.0,-0.005895859410426363,103744.12357689609
2008-05-01,106569.04252844858,-0.014420590735302958,-0.014420590735302958,0.0,0.0,1.0,0.020685929294165906,105890.16718189298
2008-05-02,108060.16023564598,0.013992034382774186,0.013992034382774186,0.0,0.0,1.0,0.0027633585618420664,106182.77968198995
2008-05-05,109502.44406228013,0.013347045048693032,0.013347045048693032,0.0,0.0,1.0,-0.004805283868992372,105672.54128361931
2008-05-06,110542.44251588138,0.009497490786687377,0.009497490786687377,0.0,0.0,1.0,0.00866301461222907,106587.98405287068
2008-05-07,109166.89815128711,-0.012443585769299971,-0.012443585769299971,0.0,0.0,1.0,-0.017810284153579548,104689.62176953185
2008-05-08,110735.23640569145,0.014366426828679241,0.014366426828679241,0.0,0.0,1.0,-0.0025803791110683427,104419.48285637211
2008-05-09,111082.18268061391,0.003133115403767113,0.003133115403767113,0.0,0.0,1.0,-0.001868849646450399,104224.33854275344
2008-05-12,110747.14773448973,-0.0030160997744119733,-0.0030160997744119733,0.0,0.0,1.0,0.011231483698287859,105394.9325020612
2008-05-13,110447.58835548753,-0.0027048947546746134,-0.0027048947546746134,0.0,0.0,1.0,0.00014258476508732798,105409.9602137534
2008-05-14,109858.23687731338,-0.005336028490520395,-0.005336028490520395,0.0,0.0,1.0,0.0020645667433358827,105627.58611202707
2008-05-15,111828.05245517309,0.01793052240643145,0.01793052240643145,0.0,0.0,1.0,0.012502634923211575,106948.20925900583
2008-05-16,113743.62584485738,0.017129632034431998,0.017129632034431998,0.0,0.0,1.0,0.0009112839703981912,107045.66944776637
2008-05-19,113930.50126464239,0.0016429528986522017,0.0016429528986522017,0.0,0.0,1.0,0.00273397782379603,107338.32993416996
2008-05-20,114437.4201656375,0.004449369531146052,0.004449369531146052,0.0,0.0,1.0,-0.008108637729191015,106467.9623022774
2008-05-21,115606.7866509111,0.010218392581561726,0.010218392581561726,0.0,0.0,1.0,-0.016914441411408188,104667.11619172351
2008-05-22,114753.42195085989,-0.007381614218099982,-0.007381614218099982,0.0,0.0,1.0,0.00014304136974940818,104682.08791939128
2008-05-23,114264.53274583702,-0.004260345327499082,-0.004260345327499082,0.0,0.0,1.0,-0.013404161282054128,103278.9123295776
2008-05-27,112812.12514978225,-0.01271092228841834,-0.01271092228841834,0.0,0.0,1.0,0.007410511812865117,104044.2619294158
2008-05-28,113463.78453869568,0.005776501311789046,0.005776501311789046,0.0,0.0,1.0,0.004616332816880009,104524.56487016863
2008-05-29,111398.7834089458,-0.018199649678048914,-0.018199649678048914,0.0,0.0,1.0,0.0050250591099032516,105049.80698707815
2008-05-30,112179.2182780025,0.0070057755136491515,0.0070057755136491515,0.0,0.0,1.0,0.0024995864095038733,105312.38805694405
2008-06-02,112450.38305239432,0.0024172460688735766,0.0024172460688735766,0.0,0.0,1.0,-0.01033163841657736,104224.33854275341
2008-06-03,110428.34476297128,-0.0179816042821385,-0.0179816042821385,0.0,0.0,1.0,-0.005831061959397643,103616.59996703338
2008-06-04,109459.45556077352,-0.008773917641140178,-0.008773917641140178,0.0,0.0,1.0,-0.0005070327346786696,103564.06295899399
2008-06-05,111920.98395532186,0.0224880379857331,0.0224880379857331,0.0,0.0,1.0,0.01999721681691269,105635.05598042537
2008-06-06,112650.62543215192,0.006519255380396957,0.006519255380396957,0.0,0.0,1.0,-0.03189394426925796,102265.93739210574
2008-06-09,112487.28584562158,-0.0014499660867726138,-0.0014499660867726138,0.0,0.0,1.0,0.0024214644843272293,102513.57072745718
2008-06-10,110432.47742770624,-0.018267028157612164,-0.018267028157612164,0.0,0.0,1.0,-0.004977042567113177,102003.35632223985
2008-06-11,111870.76718193472,0.013024155463414842,0.013024155463414842,0.0,0.0,1.0,-0.014712885890906247,100502.59258018128
2008-06-12,111471.22186092657,-0.0035714899528521693,-0.0035714899528521693,0.0,0.0,1.0,0.0038077703821353115,100885.2833755359
2008-06-13,111735.57473749878,0.0023714898981013937,0.0023714898981013937,0.0,0.0,1.0,0.012644341613724519,102160.91136233359
2008-06-16,112340.04532626047,0.005409831114054797,0.005409831114054797,0.0,0.0,1.0,0.0005875326587523322,102220.93423420686
2008-06-17,112980.12059557634,0.005697658991118848,0.005697658991118848,0.0,0.0,1.0,-0.004844513409981488,101725.7235475284
2008-06-18,113755.65337554124,0.006864329546442893,0.006864329546442893,0.0,0.0,1.0,-0.009737137386959582,100735.20620155825
2008-06-19,112990.49075637251,-0.006726370043717197,-0.006726370043717197,0.0,0.0,1.0,0.0012668022389594746,100862.81778631643
2008-06-20,112246.12962145385,-0.006587821062956894,-0.006587821062956894,0.0,0.0,1.0,-0.016232233406943686,99225.58898592691
2008-06-23,111837.28250100702,-0.0036424161957802066,-0.0036424161957802066,0.0,0.0,1.0,-0.0009877697102977923,99127.57695464016
2008-06-24,111843.12305782724,5.2223701163200964e-05,5.2223701163200964e-05,0.0,0.0,1.0,-0.001977815452245957,98931.52090119557
2008-06-25,112424.86397481996,0.005201400864780381,0.005201400864780381,0.0,0.0,1.0,0.004725719199458078,99399.04348894993
2008-06-26,113749.76717667644,0.011784788124388731,0.011784788124388731,0.0,0.0,1.0,-0.027160317806937062,96699.3338780845
2008-06-27,114576.3552109821,0.0072667228674130335,0.0072667228674130335,0.0,0.0,1.0,-0.005458914191919795,96171.46051202822
2008-06-30,114157.74986570881,-0.0036535055116954465,-0.0036535055116954465,0.0,0.0,1.0,0.0035285225286973976,96510.80367706265
2008-07-01,114675.14675521094,0.004532297545376947,0.004532297545376947,0.0,0.0,1.0,0.00312563886531958,96812.46159595891
2008-07-02,114525.6155179343,-0.0013039550548456693,-0.0013039550548456693,0.0,0.0,1.0,-0.017136952622347934,95153.39102833609
2008-07-03,113945.30280862887,-0.0050670996761815745,-0.0050670996761815745,0.0,0.0,1.0,0.0010303786454508579,95251.43505049392
2008-07-07,112952.08386494007,-0.008716629112451486,-0.008716629112451486,0.0,0.0,1.0,-0.010212490911916672,94278.68063569373
2008-07-08,111896.77884731168,-0.009342944207122821,-0.009342944207122821,0.0,0.0,1.0,0.017756912464483632,95952.77891500873
2008-07-09,111381.00766482725,-0.0046093478989972505,-0.0046093478989972505,0.0,0.0,1.0,-0.019254896011842493,94105.21813495294
2008-07-10,113886.98411958941,0.02249913613910951,0.02249913613910951,0.0,0.0,1.0,0.004086768641404115,94489.80438941937
2008-07-11,114822.34421005822,0.008213055229266481,0.008213055229266481,0.0,0.0,1.0,-0.01165228163536014,93388.78257700376
2008-07-14,115093.21275829231,0.002359022976734996,0.002359022976734996,0.0,0.0,1.0,-0.009043644951510776,92544.2075849235
2008-07-15,113338.33237094207,-0.015247470683051469,-0.015247470683051469,0.0,0.0,1.0,-0.014097345965592312,91239.57987348724
2008-07-16,113172.18756070286,-0.0014659189593104749,-0.0014659189593104749,0.0,0.0,1.0,0.024547777116849856,93479.30874445662
2008-07-17,112373.85849209079,-0.007054110076151605,-0.007054110076151605,0.0,0.0,1.0,0.010003210061935608,94414.40190627196
2008-07-18,111391.71981443725,-0.008739921284474315,-0.008739921284474315,0.0,0.0,1.0,0.0062298139255621,95002.58606204127
2008-07-21,112676.88332393639,0.011537334297737992,0.011537334297737992,0.0,0.0,1.0,0.0005556157940356243,95055.37099933157
2008-07-22,111065.60960282909,-0.014299949320350131,-0.014299949320350131,0.0,0.0,1.0,0.011344590701531487,96133.73527730121
2008-07-23,109292.52021334867,-0.015964342120130537,-0.015964342120130537,0.0,0.0,1.0,0.005412829428194987,96654.0907886525
2008-07-24,108278.66440661703,-0.009276534247288987,-0.009276534247288987,0.0,0.0,1.0,-0.020753716381735732,94648.15920129025
2008-07-25,108216.31101591873,-0.0005758603603027346,-0.0005758603603027346,0.0,0.0,1.0,-0.0002391334547195978,94625.5256599976
2008-07-28,107801.66382108211,-0.0038316515407331715,-0.0038316515407331715,0.0,0.0,1.0,-0.014663570316896357,93237.97761070894
2008-07-29,108937.11763536806,0.010532804170540994,0.010532804170540994,0.0,0.0,1.0,0.021352413902366196,95228.83350007235
2008-07-30,108848.28781577748,-0.0008154228927546026,-0.0008154228927546026,0.0,0.0,1.0,0.017817332844769274,96925.55732296225
2008-07-31,107959.35846568047,-0.008166681974837386,-0.008166681974837386,0.0,0.0,1.0,-0.013226090406325497,95643.61113912528
2008-08-01,107398.36492303092,-0.005196340091515927,-0.0048630067581825935,0.6666666666666666,0.0003333333333333333,1.0,-0.005282776464618721,95138.34732120836
2008-08-04,105561.84754820883,-0.017100049671503432,-0.017100049671503432,0.0,0.0,1.0,-0.009273949457479835,94256.03909668331
2008-08-05,104231.53695569499,-0.012602191259548682,-0.012602191259548682,0.0,0.0,1.0,0.026962249033059438,96797.39389567787
2008-08-06,103944.39780383173,-0.0027548202804041906,-0.0027548202804041906,0.0,0.0,1.0,0.004440587957145192,97227.23123729407
2008-08-07,104480.32161816784,0.005155870115747252,0.005155870115747252,0.0,0.0,1.0,-0.014892070920875078,95779.31641426796
2008-08-08,102927.15117170001,-0.01486567443909692,-0.01486567443909692,0.0,0.0,1.0,0.018581257534445728,97559.01655903464
2008-08-11,101221.0176236044,-0.01657612717998469,-0.01657612717998469,0.0,0.0,1.0,0.010357788348053676,98569.5122039974
2008-08-12,100990.64848211421,-0.0022759022473655874,-0.0022759022473655874,0.0,0.0,1.0,-0.010404711512364773,97543.92486560027
2008-08-13,102435.61624815893,0.01430793630660406,0.01430793630660406,0.0,0.0,1.0,-0.006030105432145549,96955.72471439542
2008-08-14,101433.38258062335,-0.009784035126099044,-0.009784035126099044,0.0,0.0,1.0,0.0075443845065761295,97687.19598175456
2008-08-15,100535.4644685578,-0.008852293882163242,-0.008852293882163242,0.0,0.0,1.0,0.004863446245017444,98162.29240823831
2008-08-18,101363.42726590966,0.008235529638506748,0.008235529638506748,0.0,0.0,1.0,-0.013674425531873258,96819.97945066389
2008-08-19,102457.06948630908,0.010789317704604154,0.010789317704604154,0.0,0.0,1.0,-0.010903893465288306,95764.26470942244
2008-08-20,102665.65238515053,0.002035807776732438,0.002035807776732438,0.0,0.0,1.0,0.00464591923683666,96209.17774903747
2008-08-21,105029.6411985582,0.023026092548841467,0.023026092548841467,0.0,0.0,1.0,0.0017247486383356048,96375.11439735552
2008-08-22,103302.04925535065,-0.01644861320569061,-0.01644861320569061,0.0,0.0,1.0,0.014475291832329429,97770.17230363136
2008-08-25,103385.6473259835,0.0008092585891127748,0.0008092585891127748,0.0,0.0,1.0,-0.020285389675166576,95786.86625984403
2008-08-26,103560.70545435054,0.0016932536855435534,0.0016932536855435534,0.0,0.0,1.0,0.002912637166516019,96065.85864657655
2008-08-27,103999.13682849258,0.0042335688253427595,0.0042335688253427595,0.0,0.0,1.0,0.009734458828709602,97001.00779241628
2008-08-28,103670.68753057047,-0.0031581925383068477,-0.0031581925383068477,0.0,0.0,1.0,0.012127712166941862,98177.408094826
2008-08-29,103191.45541324066,-0.004622638556231129,-0.004622638556231129,0.0,0.0,1.0,-0.010753458994281262,97121.66136271346
2008-09-02,101562.16442793331,-0.01578901061897712,-0.01578901061897712,0.0,0.0,1.0,-0.006211712569311856,96518.36951807424
2008-09-03,101379.87657611031,-0.0017948401636550908,-0.0017948401636550908,0.0,0.0,1.0,-0.0008594460219092381,96435.41718935077
2008-09-04,100956.13914870161,-0.004179699578649646,-0.004179699578649646,0.0,0.0,1.0,-0.030106900333201514,93532.04569544028
2008-09-05,100855.75130883837,-0.000994370829844845,-0.000994370829844845,0.0,0.0,1.0,0.003144805205576917,93826.18575963157
2008-09-08,100870.16195602978,0.00014288374241833157,0.00014288374241833157,0.0,0.0,1.0,0.02065605602636289,95764.26470942244
2008-09-09,98965.32773758382,-0.018884020621244724,-0.018884020621244724,0.0,0.0,1.0,-0.029687448977776643,92921.26798696717
2008-09-10,97830.01963451252,-0.011471776318284813,-0.011471776318284813,0.0,0.0,1.0,0.004057590012043644,93298.30439585753
2008-09-11,97036.9552235014,-0.008106554756647861,-0.008106554756647861,0.0,0.0,1.0,0.014468160104018413,94648.15920129024
2008-09-12,97931.51531542408,0.009218756811384657,0.009218756811384657,0.0,0.0,1.0,0.004620852640050188,95085.51439761142
2008-09-15,98574.22288488867,0.00656282676107404,0.00656282676107404,0.0,0.0,1.0,-0.04758483855901052,90560.88554570061
2008-09-16,97573.18453636412,-0.010155173626816505,-0.010155173626816505,0.0,0.0,1.0,0.016737639535893134,92076.66100401583
2008-09-17,102385.33066151387,0.049318326013601935,0.049318326013601935,0.0,0.0,1.0,-0.04496317033802266,87936.60241113589
2008-09-18,100885.66796978406,-0.014647241768332096,-0.014647241768332096,0.0,0.0,1.0,0.029671915375528934,90545.84983629065
2008-09-19,102220.46423501095,0.013230781855225046,0.013230781855225046,0.0,0.0,1.0,0.03971351400671708,94141.74371201429
2008-09-22,104663.35255212504,0.023898231488146626,0.023898231488146626,0.0,0.0,1.0,-0.0226395615829853,92010.41590771651
2008-09-23,103850.25770798924,-0.007768668061066278,-0.007768668061066278,0.0,0.0,1.0,-0.022751452812200812,89917.04527196112
2008-09-24,103086.03316887916,-0.007358908451233215,-0.007358908451233215,0.0,0.0,1.0,0.003205418418374517,90205.2670250017
2008-09-25,103513.12594195454,0.0041430711799307724,0.0041430711799307724,0.0,0.0,1.0,0.0156393243440216,91616.01645354477
2008-09-26,103431.62380306046,-0.0007873604255732576,-0.0007873604255732576,0.0,0.0,1.0,0.0004970637968375602,91661.5554585343
2008-09-29,103462.64178519584,0.00029988876704131057,0.00029988876704131057,0.0,0.0,1.0,-0.07836225643846362,84478.74914414418
2008-09-30,101851.85450925607,-0.0155687816215249,-0.0155687816215249,0.0,0.0,1.0,0.041390601046667586,87975.37534689096
2008-10-01,101846.7191660397,-5.0419732081715025e-05,-5.0419732081715025e-05,0.0,0.0,1.0,0.0006029058023320211,88028.41621114995
2008-10-02,98805.32603118588,-0.029862455656479967,-0.029862455656479967,0.0,0.0,1.0,-0.03627411396630342,84835.26340923349
2008-10-03,98430.39979910736,-0.0037945953638183942,-0.0037945953638183942,0.0,0.0,1.0,-0.013500154702824507,83689.97422895397
2008-10-06,98301.37319066237,-0.0013108410481754698,-0.0013108410481754698,0.0,0.0,1.0,-0.05093379045877422,79427.32661807621
2008-10-07,99768.17431774607,0.014921471384115257,0.014921471384115257,0.0,0.0,1.0,-0.04478570620875577,75870.11770321216
2008-10-08,100592.9548222476,0.008266970004630243,0.008266970004630243,0.0,0.0,1.0,-0.025192508362698818,73958.75912849506
2008-10-09,98927.59091492357,-0.01655547260011203,-0.01655547260011203,0.0,0.0,1.0,-0.06983911189671832,68793.54507397764
2008-10-10,94782.49456506268,-0.04190030618885298,-0.04190030618885298,0.0,0.0,1.0,-0.02425581984473435,67124.90123818263
2008-10-13,95665.72470979768,0.009318494399076097,0.009318494399076097,0.0,0.0,1.0,0.14519766276854051,76871.28001153586
2008-10-14,94956.83574294367,-0.007410062161807951,-0.007410062161807951,0.0,0.0,1.0,-0.014800161304217019,75733.5726677035
2008-10-15,94246.69498164445,-0.007478563873185794,-0.007478563873185794,0.0,0.0,1.0,-0.09844796892051644,68277.75625947375
2008-10-16,91976.6725878671,-0.02408596284696725,-0.02408596284696725,0.0,0.0,1.0,0.041658023076774464,71122.0726053613
2008-10-17,91307.98164094471,-0.0072702232871447725,-0.0072702232871447725,0.0,0.0,1.0,-0.005972137446985215,70697.32181224761
2008-10-20,92671.79445542196,0.014936403039114735,0.014936403039114735,0.0,0.0,1.0,0.0600790503102655,74944.74976620667
2008-10-21,90757.83023184958,-0.02065314732297596,-0.02065314732297596,0.0,0.0,1.0,-0.029854866736095387,72707.28424936655
2008-10-22,88220.83842978913,-0.02795342060932341,-0.02795342060932341,0.0,0.0,1.0,-0.05445460149396042,68748.0380598592
2008-10-23,88121.19586056791,-0.0011294674931084194,-0.0011294674931084194,0.0,0.0,1.0,0.011584283169401521,69544.4348000854
2008-10-24,87282.85343557746,-0.009513516206894813,-0.009513516206894813,0.0,0.0,1.0,-0.05071424587446316,66017.5412344333
2008-10-27,87075.85830566527,-0.00237154402914852,-0.00237154402914852,0.0,0.0,1.0,-0.0355012797491322,63673.83403471981
2008-10-28,88096.3559467283,0.011719639184959404,0.011719639184959404,0.0,0.0,1.0,0.11685567312342693,71114.48277119636
2008-10-29,89765.8443200004,0.018950708634096387,0.018950708634096387,0.0,0.0,1.0,-0.007252711388308852,70598.70995212802
2008-10-30,87739.21694795272,-0.02257682069833914,-0.02257682069833914,0.0,0.0,1.0,0.034594159950707803,73041.01301652555
2008-10-31,87134.87431434807,-0.006887941956025897,-0.006887941956025897,0.0,0.0,1.0,0.005503610529685954,73443.00230486224
2008-11-03,86795.40840233506,-0.003895867351438986,-0.003895867351438986,0.0,0.0,1.0,0.0028912135964356267,73655.3417116891
2008-11-04,90434.2231598226,0.04192404672629727,0.04192404672629727,0.0,0.0,1.0,0.033982243422449265,76158.3154630994
2008-11-05,88940.45420638441,-0.016517739648167162,-0.016517739648167162,0.0,0.0,1.0,-0.04202759231656039,72957.56482930026
2008-11-06,87191.64003547763,-0.01966275286663936,-0.01966275286663936,0.0,0.0,1.0,-0.05541136674114355,68914.88644800315
2008-11-07,87150.06140249559,-0.00047686490316167784,-0.00047686490316167784,0.0,0.0,1.0,0.03301833309948843,71190.34112425672
2008-11-10,87914.43486142068,0.008770773613054523,0.008770773613054523,0.0,0.0,1.0,-0.013105004958808397,70257.39135080409
2008-11-11,86832.75018504026,-0.012303834723904764,-0.012303834723904764,0.0,0.0,1.0,-0.03087545590732954,68088.16236198833
2008-11-12,85344.80828156325,-0.017135722412410126,-0.017135722412410126,0.0,0.0,1.0,-0.044001203272610145,65092.201289439996
2008-11-13,86070.76502103389,0.008506161699673774,0.008506161699673774,0.0,0.0,1.0,0.06233978842457666,69150.03534591364
2008-11-14,86916.75519949163,0.0098290073087068,0.0098290073087068,0.0,0.0,1.0,-0.0499072369304463,65698.94814815639
2008-11-17,86128.94579326814,-0.009063953255218655,-0.009063953255218655,0.0,0.0,1.0,-0.01327599798994783,64826.72904459977
2008-11-18,86010.12090052757,-0.001379616244529239,-0.001379616244529239,0.0,0.0,1.0,0.01883709931592814,66047.87657793966
2008-11-19,86319.5652577333,0.0035977667972772647,0.0035977667972772647,0.0,0.0,1.0,-0.06407903621799071,61815.59230258049
2008-11-20,86815.77826051951,0.005748557714634228,0.005748557714634228,0.0,0.0,1.0,-0.07423341545530082,57226.80975756754
2008-11-21,89024.04424747473,0.025436228657981896,0.025436228657981896,0.0,0.0,1.0,0.05394323232443221,60313.80885150609
2008-11-24,91375.06059966533,0.02640877947147739,0.02640877947147739,0.0,0.0,1.0,0.06929092198341746,64493.00827515855
2008-11-25,91237.15144783817,-0.0015092646825305422,-0.0015092646825305422,0.0,0.0,1.0,0.007408921695900794,64970.831923402286
2008-11-26,92065.21379445268,0.009075933799707947,0.009075933799707947,0.0,0.0,1.0,0.03864157973399096,67481.40750555416
2008-11-28,91085.00509076448,-0.01064689542650336,-0.01064689542650336,0.0,0.0,1.0,0.012588320612668236,68330.88509862819
2008-12-01,89544.40184562988,-0.01691390634055956,-0.01691390634055956,0.0,0.0,1.0,-0.08857781984077806,62278.284268801
2008-12-02,90185.7838090193,0.007162725420793029,0.007162725420793029,0.0,0.0,1.0,0.03848410563904725,64675.00833962015
2008-12-03,89621.40112148233,-0.0062580005816896085,-0.0062580005816896085,0.0,0.0,1.0,0.024041501317660252,66229.89263783682
2008-12-04,88374.02156350373,-0.013918322436041335,-0.013918322436041335,0.0,0.0,1.0,-0.02313316143183408,64697.7858398327
2008-12-05,86785.06628160585,-0.017979891078693206,-0.017979891078693206,0.0,0.0,1.0,0.030832195339878243,66692.56061090402
2008-12-08,88710.68992968221,0.02218842170181649,0.02218842170181649,0.0,0.0,1.0,0.0349145917549083,69021.10413772322
2008-12-09,88700.25305423033,-0.00011765070771245067,-0.00011765070771245067,0.0,0.0,1.0,-0.016483586516958137,67883.38879617308
2008-12-10,90848.61714104559,0.024220495577411384,0.024220495577411384,0.0,0.0,1.0,0.0068153930709149435,68346.04077380475
2008-12-11,92212.040415014,0.015007639267107834,0.015007639267107834,0.0,0.0,1.0,-0.024081253562467042,66700.18243594005
2008-12-12,92947.14077318412,0.007971847872161764,0.007971847872161764,0.0,0.0,1.0,0.011939348927601401,67496.53918757741
2008-12-15,93109.75556000552,0.001749540496551886,0.001749540496551886,0.0,0.0,1.0,-0.013933508897176705,66556.07555827867
2008-12-16,95020.47953444505,0.020521200629811,0.020521200629811,0.0,0.0,1.0,0.047065246707671315,69688.55367432346
2008-12-17,95811.38556880104,0.008323532339881479,0.008323532339881479,0.0,0.0,1.0,-0.009687090974923596,69013.47431496944
2008-12-18,95410.75946634208,-0.004181403912286385,-0.004181403912286385,0.0,0.0,1.0,-0.018682613551792904,67724.1222444763
2008-12-19,94758.67793281573,-0.006834465391257945,-0.006834465391257945,0.0,0.0,1.0,-0.004301877282656186,67432.78138150494
2008-12-22,93939.43573322303,-0.008645563841377638,-0.008645563841377638,0.0,0.0,1.0,-0.012812958733454782,66568.76793638164
2008-12-23,93712.50535240152,-0.002415709430765189,-0.002415709430765189,0.0,0.0,1.0,-0.010338235715498745,65880.564322165
2008-12-24,93475.09503315024,-0.0025333899500233894,-0.0025333899500233894,0.0,0.0,1.0,0.00580315160552991,66262.87922478438
2008-12-26,94867.65272834086,0.014897633371720858,0.014897633371720858,0.0,0.0,1.0,0.0057697900364426236,66645.20212512153
2008-12-29,95454.63187594603,0.006187347644048971,0.006187347644048971,0.0,0.0,1.0,-0.0028681052594630163,66454.05667038851
2008-12-30,95780.68507339264,0.003415792309275985,0.003415792309275985,0.0,0.0,1.0,0.023702428443900914,68029.17919342533
2008-12-31,96677.47233734843,0.009362923884587149,0.009362923884587149,0.0,0.0,1.0,0.014274740614765413,69000.27808064687
2009-01-02,96884.80775417588,0.0021446094091492514,0.0021446094091492514,0.0,0.0,1.0,0.03014142226203287,71080.04459847334
2009-01-05,95735.39452511717,-0.011863709653789132,-0.011863709653789132,0.0,0.0,1.0,-0.0011827793537042552,70995.97258926187
2009-01-06,96495.22316531981,0.007936757810125372,0.007936757810125372,0.0,0.0,1.0,0.006676896065113569,71470.00531928203
2009-01-07,94081.28823202479,-0.02501610809438074,-0.02501610809438074,0.0,0.0,1.0,-0.029955574454751943,69329.08025365877
2009-01-08,94820.57430056955,0.007857950102910275,0.007857950102910275,0.0,0.0,1.0,0.004080585948747384,69611.98352438143
2009-01-09,94301.420115241,-0.005475121714438276,-0.005475121714438276,0.0,0.0,1.0,-0.021419279293004023,68120.9450071327
2009-01-12,92019.90094529041,-0.024193900443518917,-0.024193900443518917,0.0,0.0,1.0,-0.024020645378223904,66484.63594428687
2009-01-13,92607.99482935393,0.006390942372489198,0.006390942372489198,0.0,0.0,1.0,0.0018403813519409784,66606.99302846933
2009-01-14,92270.15746977917,-0.003648036653825515,-0.003648036653825515,0.0,0.0,1.0,-0.031454867469156156,64511.8788902398
2009-01-15,92521.83186386022,0.0027275817120338735,0.0027275817120338735,0.0,0.0,1.0,0.0003556159550999194,64534.820343666644
2009-01-16,93071.94560491074,0.005945772256865692,0.005945772256865692,0.0,0.0,1.0,0.007820274106785208,65039.50032818625
2009-01-20,92779.7048547052,-0.003139944569828949,-0.003139944569828949,0.0,0.0,1.0,-0.05278651100263365,61606.29202850665
2009-01-21,91791.58172857623,-0.010650207690101868,-0.010650207690101868,0.0,0.0,1.0,0.043192806839531306,64267.240700193695
2009-01-22,90961.28509263926,-0.00904545515287162,-0.00904545515287162,0.0,0.0,1.0,-0.015467294531681941,63273.2003595453
2009-01-23,93552.94093826247,0.02849185610101875,0.02849185610101875,0.0,0.0,1.0,0.0043501743747982324,63548.44981436087
2009-01-26,93489.08949149637,-0.0006825167239609873,-0.0006825167239609873,0.0,0.0,1.0,0.00685832040305967,63984.28544430552
2009-01-27,93179.04619328931,-0.0033163580894138844,-0.0033163580894138844,0.0,0.0,1.0,0.010157783728096836,64634.2239778456
2009-01-28,92805.85274766241,-0.0040051219761655385,-0.0040051219761655385,0.0,0.0,1.0,0.033834396439757164,66821.08393548807
2009-01-29,92455.40086838877,-0.0037761829550397126,-0.0037761829550397126,0.0,0.0,1.0,-0.0324980110757378,64649.53160965978
2009-01-30,92799.37724397203,0.003720457348650897,0.003720457348650897,0.0,0.0,1.0,-0.02034323632808699,63334.35090962435
2009-02-02,92757.59145108222,-0.00045028096233830735,-0.00011694762900497403,0.6666666666666666,0.0003333333333333333,1.0,-0.003018290192021711,63143.189459455774
2009-02-03,92113.0664646312,-0.0069484877341918026,-0.0069484877341918026,0.0,0.0,1.0,0.014047039758960933,64030.16435230036
2009-02-04,92027.64919893998,-0.0009273088929682518,-0.0009273088929682518,0.0,0.0,1.0,-0.004895669895827015,63716.69380425594
2009-02-05,92733.75546217103,0.007672762146782844,0.007672762146782844,0.0,0.0,1.0,0.014879953637942256,64664.795254026234
2009-02-06,93552.96481197033,0.008833993034321677,0.008833993034321677,0.0,0.0,1.0,0.028497022907693292,66507.54940570152
2009-02-09,93072.06696416216,-0.005140380625827556,-0.005140380625827556,0.0,0.0,1.0,0.001380622178268398,66599.37120343331
2009-02-10,92976.73210057564,-0.0010243123065402458,-0.0010243123065402458,0.0,0.0,1.0,-0.045810062977218124,63548.44981436091
2009-02-11,94211.46129372474,0.01327998054194331,0.01327998054194331,0.0,0.0,1.0,0.0058958650350000585,63923.12289764985
2009-02-12,94481.85915607959,0.0028701164236463552,0.0028701164236463552,0.0,0.0,1.0,0.0007175949515245694,63968.99380792689
2009-02-13,93106.20844683619,-0.014559945385610042,-0.014559945385610042,0.0,0.0,1.0,-0.010757580948003942,63280.84217887575
2009-02-17,93815.66934699612,0.00761990969232762,0.00761990969232762,0.0,0.0,1.0,-0.04277432941172754,60574.04659006498
2009-02-18,93582.83236831894,-0.0024818559660430744,-0.0024818559660430744,0.0,0.0,1.0,-0.0023982308228510663,60428.77604446787
2009-02-19,92250.35583181986,-0.014238471980146716,-0.014238471980146716,0.0,0.0,1.0,-0.010755844636255674,59778.813517774484
2009-02-20,92787.95998116356,0.005827664776966094,0.005827664776966094,0.0,0.0,1.0,-0.00972107238439468,59197.69934451498
2009-02-23,91863.67407497842,-0.009961269828248964,-0.009961269828248964,0.0,0.0,1.0,-0.03577847838586812,57079.69573802413
2009-02-24,92021.73441243934,0.0017205967326315123,0.0017205967326315123,0.0,0.0,1.0,0.037909986803975615,59243.58625022756
2009-02-25,90520.22875282119,-0.016316858937785745,-0.016316858937785745,0.0,0.0,1.0,-0.007872631229588811,58777.18334296118
2009-02-26,89610.12851726508,-0.010054108878152057,-0.010054108878152057,0.0,0.0,1.0,-0.016261263317610353,57821.392087553824
2009-02-27,89095.51174980743,-0.00574284152888486,-0.00574284152888486,0.0,0.0,1.0,-0.02234908561328619,56529.136845509696
2009-03-02,88052.3743871032,-0.011708079814766662,-0.011374746481433329,0.6666666666666666,0.0003333333333333333,1.0,-0.045042354384101646,53982.93143068688
2009-03-03,87546.93193271573,-0.005740247868449473,-0.005740247868449473,0.0,0.0,1.0,-0.007506972066694817,53577.683072358406
2009-03-04,87851.28804663024,0.0034764909197324565,0.0034764909197324565,0.0,0.0,1.0,0.02369071825313207,54846.97686668125
2009-03-05,88774.28905735484,0.010506402709026658,0.010506402709026658,0.0,0.0,1.0,-0.040847842724559214,52606.59618171352
2009-03-06,88439.00714047592,-0.003776790785249765,-0.003776790785249765,0.0,0.0,1.0,0.0017441504258097762,52698.34999884425
2009-03-09,87089.41407012622,-0.015260156281560373,-0.015260156281560373,0.0,0.0,1.0,-0.011752687950924323,52079.00273577924
2009-03-10,87546.41366731115,0.005247475850703731,0.005247475850703731,0.0,0.0,1.0,0.05960955401580503,55183.40886244694
2009-03-11,88668.21591102779,0.01281380009442364,0.01281380009442364,0.0,0.0,1.0,0.006511838695504757,55542.754319627275
2009-03-12,90411.81489354192,0.019664306590579196,0.019664306590579196,0.0,0.0,1.0,0.03937283953354909,57729.630272705304
2009-03-13,90399.80341642426,-0.00013285295878414283,-0.00013285295878414283,0.0,0.0,1.0,0.007814137556362288,58180.73754473416
2009-03-16,89256.29888868716,-0.012649413876151741,-0.012649413876151741,0.0,0.0,1.0,-0.0030222687153742545,58004.899721815316
2009-03-17,89971.93461738003,0.008017761632547119,0.008017761632547119,0.0,0.0,1.0,0.030582137103359663,59778.8135177745
2009-03-18,92502.4387568198,0.028125483243203853,0.028125483243203853,0.0,0.0,1.0,0.022384421453039538,61116.927673519014
2009-03-19,92937.41505198138,0.004702322457736385,0.004702322457736385,0.0,0.0,1.0,-0.012385962671602302,60359.9356887518
2009-03-20,92044.4227023509,-0.009608534400607308,-0.009608534400607308,0.0,0.0,1.0,-0.02129401250406615,59074.630463450885
2009-03-23,93092.20858325409,0.011383480390674642,0.011383480390674642,0.0,0.0,1.0,0.07182949936884309,63317.93159503997
2009-03-24,92434.1721821128,-0.007068651728815692,-0.007068651728815692,0.0,0.0,1.0,-0.019703423013767818,62070.35160446608
2009-03-25,92510.52525517119,0.0008260264711188832,0.0008260264711188832,0.0,0.0,1.0,0.010545537383803705,62724.91681773682
2009-03-26,93802.77360801525,0.013968663017312513,0.013968663017312513,0.0,0.0,1.0,0.020380596242285387,64003.288021730055
2009-03-27,93025.66721698576,-0.008284471355579266,-0.008284471355579266,0.0,0.0,1.0,-0.018048109799025158,62848.149652015236
2009-03-30,92136.89031294832,-0.009554104051351153,-0.009554104051351153,0.0,0.0,1.0,-0.034554593856999216,60676.45736612595
2009-03-31,92724.35506337254,0.006375999324796711,0.006375999324796711,0.0,0.0,1.0,0.00926526695358465,61238.6409414209
2009-04-01,93721.93812147075,0.010758587184741245,0.010758587184741245,0.0,0.0,1.0,0.019365968289599023,62424.5865199906
2009-04-02,93579.95853100577,-0.0015149024157072501,-0.0015149024157072501,0.0,0.0,1.0,0.029238017757164947,64249.75768914576
2009-04-03,93096.10220802067,-0.005170512261178077,-0.005170512261178077,0.0,0.0,1.0,0.00994832707963389,64888.9352934246
2009-04-06,92064.74314825551,-0.011078434384509579,-0.011078434384509579,0.0,0.0,1.0,-0.007833122150596838,64380.652337049025
2009-04-07,91863.31020074095,-0.002187948834986593,-0.002187948834986593,0.0,0.0,1.0,-0.02332519822039536,62878.96085972899
2009-04-08,92605.15941842848,0.008075576811530297,0.008075576811530297,0.0,0.0,1.0,0.010777446215794573,63556.63547849978
2009-04-09,93067.57757499251,0.004993438372851747,0.004993438372851747,0.0,0.0,1.0,0.03974368952514684,66082.61066622021
2009-04-13,93869.69573642308,0.008618663796038076,0.008618663796038076,0.0,0.0,1.0,0.00023273310662319524,66097.99027749433
2009-04-14,93471.15811066845,-0.004245647358586124,-0.004245647358586124,0.0,0.0,1.0,-0.017243591694293015,64958.223521335865
2009-04-15,93377.19239582078,-0.0010052910089807983,-0.0010052910089807983,0.0,0.0,1.0,0.010669907209900797,65651.32173882851
2009-04-16,93336.74365176473,-0.000433175843246425,-0.000433175843246425,0.0,0.0,1.0,0.014662877704870514,66613.95904064806
2009-04-17,92846.45164274311,-0.005252936730371416,-0.005252936730371416,0.0,0.0,1.0,0.006704789136812828,67060.5915895839
2009-04-20,92949.20756171159,0.0011067296288701138,0.0011067296288701138,0.0,0.0,1.0,-0.04191483901067694,64249.75768914573
2009-04-21,93054.17388189872,0.0011292868754952578,0.0011292868754952578,0.0,0.0,1.0,0.019537035579024087,65505.00749106224
2009-04-22,93135.84870870848,0.0008777126635224712,0.0008777126635224712,0.0,0.0,1.0,-0.006113391032557702,65104.549765678756
2009-04-23,93940.28009270455,0.00863718315932264,0.00863718315932264,0.0,0.0,1.0,0.009818631562046543,65743.78735284088
2009-04-24,94498.83293985433,0.0059458290586164395,0.0059458290586164395,0.0,0.0,1.0,0.015110606724058284,66737.21586807977
2009-04-27,94421.64306746188,-0.0008168341342541519,-0.0008168341342541519,0.0,0.0,1.0,-0.009463262321765753,66105.66408769583
2009-04-28,93228.62151904675,-0.012635043297888077,-0.012635043297888077,0.0,0.0,1.0,-0.003144854205991421,65897.77141194978
2009-04-29,93585.75770841724,0.0038307569451460815,0.0038307569451460815,0.0,0.0,1.0,0.021269187283028845,67299.36345364476
2009-04-30,93400.38724551276,-0.001980755057645093,-0.001980755057645093,0.0,0.0,1.0,0.0003430851351442499,67322.45286485038
2009-05-01,93153.66324521898,-0.0026415736333642945,-0.0026415736333642945,0.0,0.0,1.0,0.005376641717674158,67684.42157345968
2009-05-04,94473.86216764926,0.014172270595037784,0.014172270595037784,0.0,0.0,1.0,0.03401927480043354,69986.9965106756
2009-05-05,94269.54836188917,-0.002162649023467633,-0.002162649023467633,0.0,0.0,1.0,-0.0034107461988640564,69748.28862835691
2009-05-06,94663.56543042246,0.004179685544060415,0.004179685544060415,0.0,0.0,1.0,0.01733466161771835,70957.35161014443
2009-05-07,93119.3510126145,-0.01631265852692761,-0.01631265852692761,0.0,0.0,1.0,-0.013892044814138527,69971.6089016837
2009-05-08,93400.27990920968,0.003016869142023148,0.003016869142023148,0.0,0.0,1.0,0.02333275078703756,71604.23901435475
2009-05-11,93851.78566742169,0.004834094273067321,0.004834094273067321,0.0,0.0,1.0,-0.01871366335890512,70264.26139036955
2009-05-12,93935.29893060045,0.0008898420268176701,0.0008898420268176701,0.0,0.0,1.0,-0.0029592948138981168,70056.32872603464
2009-05-13,93570.34300522487,-0.0038851840525381265,-0.0038851840525381265,0.0,0.0,1.0,-0.025173125529422746,68292.79196888367
2009-05-14,94020.62921787132,0.00481227489591766,0.00481227489591766,0.0,0.0,1.0,0.008570055047203873,68878.06495538424
2009-05-15,94171.28385714386,0.001602357275480859,0.001602357275480859,0.0,0.0,1.0,-0.008161895633121086,68315.88937780706
2009-05-18,94095.00856598714,-0.0008099633777152908,-0.0008099633777152908,0.0,0.0,1.0,0.02840742067096591,70256.56758587359
2009-05-19,94284.08947068427,0.0020094679577454073,0.0020094679577454073,0.0,0.0,1.0,-0.0012060910844085004,70171.83176608714
2009-05-20,94950.76903750654,0.0070709657436907785,0.0070709657436907785,0.0,0.0,1.0,-0.006694223899707086,69702.08581279237
2009-05-21,94122.08104060579,-0.008727554345277758,-0.008727554345277758,0.0,0.0,1.0,-0.014363333592266492,68700.93150218645
2009-05-22,93771.502065096,-0.0037247261390080206,-0.0037247261390080206,0.0,0.0,1.0,-0.002129669070101592,68554.62125327907
2009-05-26,94335.73348684727,0.0060170884471869215,0.0060170884471869215,0.0,0.0,1.0,0.02561197082563904,70310.44021278078
2009-05-27,93458.42587520053,-0.009299844069893778,-0.009299844069893778,0.0,0.0,1.0,-0.01785307837407224,69055.1824131465
2009-05-28,94533.44708682896,0.011502667646724325,0.011502667646724325,0.0,0.0,1.0,0.013939769254493806,70017.79572181274
2009-05-29,96390.03779570047,0.019639511369623792,0.019639511369623792,0.0,0.0,1.0,0.017708043727716394,71257.67391017292
2009-06-01,96200.40571732167,-0.0019673410522021975,-0.0019673410522021975,0.0,0.0,1.0,0.02420864511252896,72982.7256494086
2009-06-02,96627.99756660477,0.004444802972448499,0.004444802972448499,0.0,0.0,1.0,0.0008445616454388905,73044.36406027169
2009-06-03,96181.44578720593,-0.004621349822457247,-0.004621349822457247,0.0,0.0,1.0,-0.012652259882706463,72120.1877832141
2009-06-04,96498.82720378513,0.003299819564798153,0.003299819564798153,0.0,0.0,1.0,0.009396406758519715,72797.85840312601
2009-06-05,95446.34238251459,-0.0109067110116056,-0.0109067110116056,0.0,0.0,1.0,0.0002120336454549676,72813.29399842455
2009-06-08,95218.82244465743,-0.0023837470580626943,-0.0023837470580626943,0.0,0.0,1.0,-0.004124772812372779,72512.95570296053
2009-06-09,95549.2151796986,0.0034698258869271244,0.0034698258869271244,0.0,0.0,1.0,0.005097551415034207,72882.59422291248
2009-06-10,94946.15985101702,-0.006311462920416732,-0.006311462920416732,0.0,0.0,1.0,-0.002535958820681472,72697.76696521873
2009-06-11,95243.88952023617,0.0031357736814879482,0.0031357736814879482,0.0,0.0,1.0,0.004449595998333944,73021.24265819498
2009-06-12,94863.72520333387,-0.003991482485829478,-0.003991482485829478,0.0,0.0,1.0,0.002741652483061907,73221.44152944509
2009-06-15,94134.2249323283,-0.007689981280430747,-0.007689981280430747,0.0,0.0,1.0,-0.02292826924580882,71542.60060349172
2009-06-16,94660.32874420534,0.005588868578407569,0.005588868578407569,0.0,0.0,1.0,-0.013562871637495033,70572.27749489399
2009-06-17,94928.62578313061,0.0028343134075760794,0.0028343134075760794,0.0,0.0,1.0,-0.0009819751742170535,70502.97727040605
2009-06-18,94134.45235038736,-0.008366005787944109,-0.008366005787944109,0.0,0.0,1.0,0.007318793831739834,71018.97402557198
2009-06-19,95000.74674667332,0.009202734754980346,0.009202734754980346,0.0,0.0,1.0,0.003685174559862947,71280.69134191859
2009-06-22,93893.68669802097,-0.011653172070366941,-0.011653172070366941,0.0,0.0,1.0,-0.02998688714631792,69143.20529493695
2009-06-23,94322.15588958813,0.00456334399718683,0.00456334399718683,0.0,0.0,1.0,0.000784350739534867,69197.43781914386
2009-06-24,94719.93295705505,0.004217217722764436,0.004217217722764436,0.0,0.0,1.0,0.008617744402892757,69793.7636516043
2009-06-25,96216.63120414852,0.015801301799612366,0.015801301799612366,0.0,0.0,1.0,0.02174908986319024,71311.7144891533
2009-06-26,96334.76640201258,0.0012278043451075342,0.0012278043451075342,0.0,0.0,1.0,-0.002606962277160507,71125.80753956044
2009-06-29,96365.94291709467,0.00032362683013098525,0.00032362683013098525,0.0,0.0,1.0,0.009364504344468338,71791.86547326847
2009-06-30,95949.85918267914,-0.00431774672483091,-0.00431774672483091,0.0,0.0,1.0,-0.008090641565395296,71211.02322241318
2009-07-01,96328.44468947669,0.003945659847991666,0.003945659847991666,0.0,0.0,1.0,0.004132338145971248,71505.2912500888
2009-07-02,95301.60434894291,-0.010659783243089693,-0.010659783243089693,0.0,0.0,1.0,-0.02729312833250863,69553.68815954673
2009-07-06,94900.84301608292,-0.004205189782457652,-0.004205189782457652,0.0,0.0,1.0,-0.00011142167619593302,69545.93837102638
2009-07-07,94308.99834755031,-0.0062364532255240555,-0.0062364532255240555,0.0,0.0,1.0,-0.01937642217904134,68198.38690831178
2009-07-08,94554.44107611809,0.0026025377521586845,0.0026025377521586845,0.0,0.0,1.0,-0.0006815811604025113,68151.90417262522
2009-07-09,94318.08059580947,-0.0024997290197965967,-0.0024997290197965967,0.0,0.0,1.0,0.001931837878174969,68283.56260257565
2009-07-10,94768.4734596851,0.004775254765899461,0.004775254765899461,0.0,0.0,1.0,-0.0023816213882578152,68120.93700941492
2009-07-13,95412.40203668585,0.006794755191183592,0.006794755191183592,0.0,0.0,1.0,0.02432965735322612,69778.29606543468
2009-07-14,95218.72882929692,-0.0020298535961232886,-0.0020298535961232886,0.0,0.0,1.0,0.005660317239090107,70173.2633575682
2009-07-15,95968.54289288024,0.007874648956168812,0.007874648956168812,0.0,0.0,1.0,0.029245645253147323,72225.52572397931
2009-07-16,96605.08734018476,0.006632844764716594,0.006632844764716594,0.0,0.0,1.0,-0.0016082797839873653,72109.36687106958
2009-07-17,96263.04152962641,-0.0035406604349300284,-0.0035406604349300284,0.0,0.0,1.0,0.010954784603742329,72899.30945305439
2009-07-20,97210.61084910927,0.009843542281917417,0.009843542281917417,0.0,0.0,1.0,0.010623790594287641,73673.7764511518
2009-07-21,98027.18678019311,0.008400069950710779,0.008400069950710779,0.0,0.0,1.0,0.004625455256001887,74014.55120766729
2009-07-22,98116.4051946215,0.0009101394965913183,0.0009101394965913183,0.0,0.0,1.0,-0.00020941256533746344,73999.05163062659
2009-07-23,98175.76645132092,0.0006050084752052818,0.0006050084752052818,0.0,0.0,1.0,0.022082630236667455,75633.14532564978
2009-07-24,98137.13091149543,-0.00039353438452286815,-0.00039353438452286815,0.0,0.0,1.0,0.004095976658590406,75942.93692351942
2009-07-27,98117.92251208534,-0.00019573019133212167,-0.00019573019133212167,0.0,0.0,1.0,0.002957377203868461,76167.52883397184
2009-07-28,97624.53449403339,-0.005028520839209238,-0.005028520839209238,0.0,0.0,1.0,-0.004677194414163144,75811.27849356899
2009-07-29,97697.91459535627,0.0007516563505597746,0.0007516563505597746,0.0,0.0,1.0,-0.0024518114245698497,75625.4035348472
2009-07-30,98500.02631139371,0.00821012116133309,0.00821012116133309,0.0,0.0,1.0,0.010445783271412434,76415.37010998532
2009-07-31,99659.37644430739,0.011770048966774398,0.011770048966774398,0.0,0.0,1.0,0.0014184720796068806,76523.76317893916
2009-08-03,99837.81444506929,0.001790478800172098,0.001790478800172098,0.0,0.0,1.0,0.016496101670115504,77786.10695651878
2009-08-04,99860.3459964986,0.00022568153714641603,0.00022568153714641603,0.0,0.0,1.0,0.002588823938380669,77987.48149228127
2009-08-05,99140.20479794602,-0.0072114831104012804,-0.0072114831104012804,0.0,0.0,1.0,-0.0028796405617883547,77762.90557726438
2009-08-06,98898.99020763287,-0.0024330652816862233,-0.0024330652816862233,0.0,0.0,1.0,-0.005178986987430134,77360.17250117497
2009-08-07,98746.79127333798,-0.0015389331476021546,-0.0015389331476021546,0.0,0.0,1.0,0.013114532418339708,78374.71499132998
2009-08-10,98638.81125128682,-0.0010935041094373528,-0.0010935041094373528,0.0,0.0,1.0,-0.0020750772860417266,78212.08140045147
2009-08-11,98687.36903267691,0.0004922786555727012,0.0004922786555727012,0.0,0.0,1.0,-0.012476250856400806,77236.2878528982
2009-08-12,98903.8304653007,0.0021934056480128836,0.0021934056480128836,0.0,0.0,1.0,0.010728785122038786,78064.93938889589
2009-08-13,99826.29866345949,0.009326920846431719,0.009326920846431719,0.0,0.0,1.0,0.007638638314368951,78661.2492259208
2009-08-14,99317.6542232108,-0.005095294997998989,-0.005095294997998989,0.0,0.0,1.0,-0.0076795579099385725,78057.16560722222
2009-08-17,98351.55046879404,-0.009727412130027849,-0.009727412130027849,0.0,0.0,1.0,-0.024605606802507785,76136.52168217268
2009-08-18,98790.84515225669,0.004466576087196805,0.004466576087196805,0.0,0.0,1.0,0.00793432117818682,76740.61329858903
2009-08-19,99459.525121879,0.006768643072055195,0.006768643072055195,0.0,0.0,1.0,0.008779806476369556,77414.38103222854
2009-08-20,100026.7386526813,0.005702958365297106,0.005702958365297106,0.0,0.0,1.0,0.010304291755440564,78212.08140045147
2009-08-21,100283.81170109904,0.002570043289228348,0.002570043289228348,0.0,0.0,1.0,0.019606106776558718,79745.51581960563
2009-08-24,100389.02266383318,0.0010491320677733134,0.0010491320677733134,0.0,0.0,1.0,-9.738207692400191e-05,79737.75003564973
2009-08-25,100830.25238109882,0.0043951988529975505,0.0043951988529975505,0.0,0.0,1.0,0.0019422144072709369,79892.61784257235
2009-08-26,100936.91044428445,0.0010577982368080348,0.0010577982368080348,0.0,0.0,1.0,9.690245496574157e-05,79900.35963337493
2009-08-27,101032.8474212657,0.0009504647661492394,0.0009504647661492394,0.0,0.0,1.0,0.0022297416668710657,80078.51679444745
2009-08-28,101466.20979478398,0.004289321587773731,0.004289321587773731,0.0,0.0,1.0,-0.00019345487333000122,80063.02521512452
2009-08-31,100985.50272942161,-0.004737607390032483,-0.004737607390032483,0.0,0.0,1.0,-0.008899447333232557,79350.50853888325
2009-09-01,100411.84986353791,-0.0056805467159058605,-0.0053472133825725274,0.6666666666666666,0.0003333333333333333,1.0,-0.02205703006477555,77600.27198638588
2009-09-02,102073.4317980558,0.016547667797934373,0.016547667797934373,0.0,0.0,1.0,-0.0037925127195216346,77305.97196783917
2009-09-03,102993.47160347419,0.009013509090579259,0.009013509090579259,0.0,0.0,1.0,0.008315225195437481,77948.78853370393
2009-09-04,103096.66234149721,0.0010019153293552296,0.0010019153293552296,0.0,0.0,1.0,0.014008279382527578,79040.71694101361
2009-09-08,103527.65282094319,0.004180450362382793,0.004180450362382793,0.0,0.0,1.0,0.008623068369849385,79722.29044719788
2009-09-09,103549.34728374152,0.00020955234864505895,0.00020955234864505895,0.0,0.0,1.0,0.007674057220361297,80334.08386582794
2009-09-10,104858.62471357042,0.012643995005021594,0.012643995005021594,0.0,0.0,1.0,0.010218797593857687,81155.00160874083
2009-09-11,105456.07944176841,0.005697716614441406,0.005697716614441406,0.0,0.0,1.0,-0.00019088878092332617,81139.5100294179
2009-09-14,104685.30323362655,-0.007308978412832659,-0.007308978412832659,0.0,0.0,1.0,0.004867952584700852,81534.49331698696
2009-09-15,105257.84890025658,0.005469207701030135,0.005469207701030135,0.0,0.0,1.0,0.004179124095610387,81875.23608263138
2009-09-16,106561.24187537732,0.012382857798622247,0.012382857798622247,0.0,0.0,1.0,0.015134422322237606,83114.37048323883
2009-09-17,106614.6729679809,0.0005014120674951732,0.0005014120674951732,0.0,0.0,1.0,-0.0014906284590042729,82990.4778372443
2009-09-18,106159.08657502984,-0.004273205369094775,-0.004273205369094775,0.0,0.0,1.0,0.0006372888673449317,83043.3667448656
2009-09-21,105820.95186606617,-0.003185169728496917,-0.003185169728496917,0.0,0.0,1.0,-0.002529811334128773,82833.28269445023
2009-09-22,106902.14025079945,0.010217148548254581,0.010217148548254581,0.0,0.0,1.0,0.005824305320545342,83315.72902356576
2009-09-23,106174.0452117889,-0.006810855585326792,-0.006810855585326792,0.0,0.0,1.0,-0.008312696461452385,82623.15065772823
2009-09-24,105123.18307830482,-0.009897542581031924,-0.009897542581031924,0.0,0.0,1.0,-0.011018948021753516,81712.73045523721
2009-09-25,105518.93578038947,0.003764656762627383,0.003764656762627383,0.0,0.0,1.0,-0.0053329713225185316,81276.95880703475
2009-09-28,106298.24597575491,0.007385500901822587,0.007385500901822587,0.0,0.0,1.0,0.017903730364489334,82732.11956236161
2009-09-29,106487.39392158302,0.001779407967571256,0.001779407967571256,0.0,0.0,1.0,-0.003009628529882513,82483.12661498907
2009-09-30,107192.68837125498,0.006623267071324323,0.006623267071324323,0.0,0.0,1.0,-0.003868293596260286,82164.05766450477
2009-10-01,106361.61310913754,-0.007753096547397418,-0.007753096547397418,0.0,0.0,1.0,-0.024812531111785607,80125.35942743371
2009-10-02,106299.45469728817,-0.0005844064416886305,-0.0005844064416886305,0.0,0.0,1.0,-0.004661762686095194,79751.83401664493
2009-10-05,107648.92626911198,0.012694999947711283,0.012694999947711283,0.0,0.0,1.0,0.014928061305534479,80942.37428407422
2009-10-06,108770.91008680227,0.010422619682108558,0.010422619682108558,0.0,0.0,1.0,0.014324130661524492,82101.8034293733
2009-10-07,109187.74334360879,0.003832212642827774,0.003832212642827774,0.0,0.0,1.0,0.0027485827985240796,82327.4670340071
2009-10-08,109705.33661806598,0.004740397214991014,0.004740397214991014,0.0,0.0,1.0,0.00765591560802692,82957.75917384207
2009-10-09,108612.33234505789,-0.009963091192303097,-0.009963091192303097,0.0,0.0,1.0,0.006097074825124782,83463.55883884967
2009-10-12,109222.22150519227,0.005615284627134083,0.005615284627134083,0.0,0.0,1.0,0.0039158015937643675,83790.38557557209
2009-10-13,109721.29348302002,0.004569326378369117,0.004569326378369117,0.0,0.0,1.0,-0.002042992761044027,83619.2024243961
2009-10-14,110332.78297322353,0.005573115944884077,0.005573115944884077,0.0,0.0,1.0,0.01721553385466601,85058.75163463347
2009-10-15,109493.05662851672,-0.007610850756031406,-0.007610850756031406,0.0,0.0,1.0,0.0036592963597532613,85370.00681485524
2009-10-16,109399.94368947172,-0.0008504003990033033,-0.0008504003990033033,0.0,0.0,1.0,-0.007474029200614241,84731.94889106437
2009-10-19,110755.619138611,0.012391920904340825,0.012391920904340825,0.0,0.0,1.0,0.008264841923878441,85432.24505455115
2009-10-20,110179.3372851593,-0.005203183892010946,-0.005203183892010946,0.0,0.0,1.0,-0.005282305558899636,84980.96583159023
2009-10-21,109879.11883267135,-0.0027248162848441853,-0.0027248162848441853,0.0,0.0,1.0,-0.008973755210503809,84218.36744666535
2009-10-22,110065.6208879774,0.0016973384687409832,0.0016973384687409832,0.0,0.0,1.0,0.010163433140556233,85074.31519341633
2009-10-23,109334.1921725401,-0.006645387629091984,-0.006645387629091984,0.0,0.0,1.0,-0.011433420661061011,84101.6247603583
2009-10-26,107832.02919702991,-0.013739187583145147,-0.013739187583145147,0.0,0.0,1.0,-0.01082504897675407,83191.22055330283
2009-10-27,107694.33621805397,-0.0012769209668155304,-0.0012769209668155304,0.0,0.0,1.0,-0.00458350277402042,82809.91336312263
2009-10-28,105826.72332132928,-0.01734179309990136,-0.01734179309990136,0.0,0.0,1.0,-0.018887034460338903,81245.87967577565
2009-10-29,107689.72972991377,0.017604309668813246,0.017604309668813246,0.0,0.0,1.0,0.021453772372719726,82988.91028456112
2009-10-30,106478.74016770777,-0.011245172267059934,-0.011245172267059934,0.0,0.0,1.0,-0.0289733393700079,80584.44442293938
2009-11-02,107611.15466202643,0.010635122960086249,0.010968456293419582,0.6666666666666666,0.0003333333333333333,1.0,0.007338677422332296,81175.8276658172
2009-11-03,108647.10575709131,0.009626800291461455,0.009626800291461455,0.0,0.0,1.0,0.0031634875467418944,81432.62638573449
2009-11-04,109599.5695999546,0.008766582747199658,0.008766582747199658,0.0,0.0,1.0,0.002580047521195006,81642.7264315854
2009-11-05,111211.57645721467,0.014708149522338527,0.014708149522338527,0.0,0.0,1.0,0.018394920266964432,83144.537874672
2009-11-06,111539.64519564783,0.0029499513349618236,0.0029499513349618236,0.0,0.0,1.0,0.0026204226169732614,83362.41170219658
2009-11-09,113965.92735746207,0.02175264371298994,0.02175264371298994,0.0,0.0,1.0,0.02277604687586199,85261.07789881072
2009-11-10,113956.60336466096,-8.181386329501428e-05,-8.181386329501428e-05,0.0,0.0,1.0,0.00018254001903827977,85276.64145759359
2009-11-11,114949.40036512996,0.008712062058326309,0.008712062058326309,0.0,0.0,1.0,0.005109906362618766,85712.3971103605
2009-11-12,113391.09805717114,-0.013556419633412215,-0.013556419633412215,0.0,0.0,1.0,-0.010168042551035428,84840.86980939112
2009-11-13,114883.60334053487,0.013162455509613553,0.013162455509613553,0.0,0.0,1.0,0.005411601568041879,85299.99479348566
2009-11-16,116895.75454158778,0.017514694373648387,0.017514694373648387,0.0,0.0,1.0,0.01450446681471984,86537.22573726355
2009-11-17,116998.2236057457,0.0008765849928404159,0.0008765849928404159,0.0,0.0,1.0,0.001168828048176307,86638.37287391663
2009-11-18,116570.11749028559,-0.0036590821831852987,-0.0036590821831852987,0.0,0.0,1.0,-0.000629010530618479,86583.87642502328
2009-11-19,115263.50591945284,-0.011208803756602787,-0.011208803756602787,0.0,0.0,1.0,-0.013030948525841302,85455.606388161
2009-11-20,115128.85073708194,-0.001168237780872235,-0.001168237780872235,0.0,0.0,1.0,-0.00355114679935864,85152.14098504843
2009-11-23,117008.44645383123,0.016326018237094043,0.016326018237094043,0.0,0.0,1.0,0.012702197931728554,86233.76033415097
2009-11-24,116809.91007158479,-0.0016967696629045883,-0.0016967696629045883,0.0,0.0,1.0,0.0015340888434152156,86366.05058380534
2009-11-25,118072.3517324605,0.010807658871598033,0.010807658871598033,0.0,0.0,1.0,0.0035134339003357606,86669.49199376459
2009-11-27,115421.83987085719,-0.02244820080834079,-0.02244820080834079,0.0,0.0,1.0,-0.016250402102912842,85261.07789881073
2009-11-30,116033.91736707096,0.005302960833916792,0.005302960833916792,0.0,0.0,1.0,0.0033768027468426,85548.9877408582
2009-12-01,118563.45062389997,0.02179994706915644,0.022133280402489776,0.6666666666666666,0.0003333333333333333,1.0,0.012370199150670613,86607.2457563509
2009-12-02,118841.0471018071,0.002341332648858977,0.002341332648858977,0.0,0.0,1.0,-0.00044888745446824974,86568.36885026481
2009-12-03,118219.69712296834,-0.00522841218578692,-0.00522841218578692,0.0,0.0,1.0,-0.007819932753973635,85891.41002723457
2009-12-04,118648.82902902027,0.0036299526770531645,0.0036299526770531645,0.0,0.0,1.0,0.005707254255090222,86381.6141425882
2009-12-07,117903.91472008779,-0.006278311509929005,-0.006278311509929005,0.0,0.0,1.0,-0.0015314630430034448,86249.32389293384
2009-12-08,116249.34057879985,-0.014033241773320361,-0.014033241773320361,0.0,0.0,1.0,-0.011097024714393444,85292.21301409423
2009-12-09,116829.01453912263,0.004986470954902641,0.004986470954902641,0.0,0.0,1.0,0.003740516846016062,85611.24997370744
2009-12-10,117371.25453196929,0.004641312733705197,0.004641312733705197,0.0,0.0,1.0,0.00563540804487106,86093.70430054075
2009-12-11,117349.46693378927,-0.0001856297631553927,-0.0001856297631553927,0.0,0.0,1.0,0.004247646771175395,86459.39994563146
2009-12-14,118367.48883598749,0.008675130179948809,0.008675130179948809,0.0,0.0,1.0,0.006840195961170803,87050.79918394482
2009-12-15,117301.68396366974,-0.00900420278235814,-0.00900420278235814,0.0,0.0,1.0,-0.004648372380610666,86646.1546533081
2009-12-16,118041.33532029693,0.006305547641210976,0.006305547641210976,0.0,0.0,1.0,0.0015268796163141474,86778.45290068023
2009-12-17,115505.49245568951,-0.021482668403628113,-0.021482668403628113,0.0,0.0,1.0,-0.01201596033031771,85735.72645309931
2009-12-18,116329.72267689649,0.0071358530549807675,0.0071358530549807675,0.0,0.0,1.0,0.005657636587380832,86220.78803592605
2009-12-21,116830.9048224449,0.004308289696008641,0.004308289696008641,0.0,0.0,1.0,0.010162537147491824,87097.00999722716
2009-12-22,117704.48584894255,0.007477311143188281,0.007477311143188281,0.0,0.0,1.0,0.0035925769448643674,87409.91270730982
2009-12-23,118736.95294197615,0.008771688568935435,0.008771688568935435,0.0,0.0,1.0,0.0019692832798854365,87582.04758690057
2009-12-24,119656.97929032963,0.007748441622913141,0.007748441622913141,0.0,0.0,1.0,0.004734231404234235,87996.68126703361
2009-12-28,120172.94314520882,0.004312024738876892,0.004312024738876892,0.0,0.0,1.0,0.0021337443345847973,88184.44368714941
2009-12-29,119929.43725875509,-0.0020262954378963416,-0.0020262954378963416,0.0,0.0,1.0,-0.0014197092906250708,88059.24741315815
2009-12-30,120061.26163547023,0.0010991828172321656,0.0010991828172321656,0.0,0.0,1.0,-0.0003552048776505057,88027.96833895477
2009-12-31,119552.30100142973,-0.004239174460666721,-0.004239174460666721,0.0,0.0,1.0,-0.00959848222472337,87183.03344957481
2010-01-04,122182.66169609583,0.022001757160948873,0.022335090494282207,0.6666666666666666,0.0003333333333333333,1.0,0.01696002078343528,88661.65950884252
2010-01-05,122441.1807964436,0.0021158411247479045,0.0021158411247479045,0.0,0.0,1.0,0.0026469731288567555,88896.34453912229
2010-01-06,122953.79446991466,0.00418661164598925,0.00418661164598925,0.0,0.0,1.0,0.0007041699781937805,88958.9426761179
2010-01-07,122489.16183513687,-0.0037789206651240486,-0.0037789206651240486,0.0,0.0,1.0,0.004221237699294722,89334.45951863173
2010-01-08,123351.76992046856,0.00704232172388212,0.00704232172388212,0.0,0.0,1.0,0.0033280232737815663,89631.76667906043
2010-01-11,123644.67656842875,0.0023745638035758496,0.0023745638035758496,0.0,0.0,1.0,0.0013963384862258899,89756.92296446282
2010-01-12,121607.44759535602,-0.01647647945397205,-0.01647647945397205,0.0,0.0,1.0,-0.009326357188217504,88919.81784078092
2010-01-13,122621.59941888918,0.008339553568361172,0.008339553568361172,0.0,0.0,1.0,0.008446280041758847,89670.85952352635
2010-01-14,122730.7473594883,0.0008901200205868228,0.0008901200205868228,0.0,0.0,1.0,0.0027045887034455873,89913.38231722194
2010-01-15,121354.96554509114,-0.01120975667464478,-0.01120975667464478,0.0,0.0,1.0,-0.011223957916384308,88904.19829797366
2010-01-19,123068.31380855782,0.014118485022601488,0.014118485022601488,0.0,0.0,1.0,0.01249555153579518,90015.10528955454
2010-01-20,120542.08961574899,-0.020527007437012263,-0.020527007437012263,0.0,0.0,1.0,-0.010168546718247407,89099.78248606974
2010-01-21,118374.70246239811,-0.017980335003813464,-0.017980335003813464,0.0,0.0,1.0,-0.01922939691764869,87386.44740336895
2010-01-22,116270.91089679045,-0.017772307104855924,-0.017772307104855924,0.0,0.0,1.0,-0.022291284165000702,85438.49127213057
2010-01-25,116798.43248489327,0.004537004002411896,0.004537004002411896,0.0,0.0,1.0,0.005127466345853593,85876.57426076892
2010-01-26,116052.67112412631,-0.006385028847569604,-0.006385028847569604,0.0,0.0,1.0,-0.004190587592146633,85516.70095421569
2010-01-27,115888.5007252757,-0.001414619734818749,-0.001414619734818749,0.0,0.0,1.0,0.004756730752504712,85923.48087549735
2010-01-28,114608.91620747624,-0.011041514126003144,-0.011041514126003144,0.0,0.0,1.0,-0.011472052869176741,84937.76216018994
2010-01-29,113341.07575876918,-0.011062319500621604,-0.011062319500621604,0.0,0.0,1.0,-0.010868576540100316,84014.60959100709
2010-02-01,115423.02016285257,0.018368842806067355,0.01870217613940069,0.6666666666666666,0.0003333333333333333,1.0,0.015550666584291717,85321.09277296627
2010-02-02,116610.48618018648,0.010287947895129435,0.010287947895129435,0.0,0.0,1.0,0.012103564056849425,86353.78208474426
2010-02-03,115966.0818462296,-0.005526126809566211,-0.005526126809566211,0.0,0.0,1.0,-0.004983003625998128,85923.48087549732
2010-02-04,111669.15854349623,-0.037053276564358376,-0.037053276564358376,0.0,0.0,1.0,-0.030865453530041442,83271.41366939526
2010-02-05,112252.48768814988,0.0052237265173485925,0.0052237265173485925,0.0,0.0,1.0,0.0020666743053643355,83443.50856039717
2010-02-08,110792.56531124441,-0.013005701761918065,-0.013005701761918065,0.0,0.0,1.0,-0.007219112821640894,82841.1204578661
2010-02-09,112260.06735540663,0.01324549206022644,0.01324549206022644,0.0,0.0,1.0,0.012559935007354195,83881.5995467533
2010-02-10,112156.47025342817,-0.0009228312829218098,-0.0009228312829218098,0.0,0.0,1.0,-0.001957916102222401,83717.36641232055
2010-02-11,114061.59069780426,0.0169862731955747,0.0169862731955747,0.0,0.0,1.0,0.010465761344683022,84593.53238959728
2010-02-12,114110.2122100939,0.0004262741909188215,0.0004262741909188215,0.0,0.0,1.0,-0.0008322611380752187,84523.12848005691
2010-02-16,116654.29590604745,0.022294969456980063,0.022294969456980063,0.0,0.0,1.0,0.015735296316208958,85853.1249522636
2010-02-17,117362.79401857908,0.006073484967088039,0.006073484967088039,0.0,0.0,1.0,0.004737904718928876,86259.88887810972
2010-02-18,118340.35756732253,0.008329416123040796,0.008329416123040796,0.0,0.0,1.0,0.0058955661378083946,86768.43975803062
2010-02-19,118011.84452281952,-0.002776001790565141,-0.002776001790565141,0.0,0.0,1.0,0.002073526497467615,86948.35641701282
2010-02-22,118080.62017209578,0.0005827859869011649,0.0005827859869011649,0.0,0.0,1.0,0.00018000954041363926,86964.00795069119
2010-02-23,116360.35628414685,-0.014568553971360771,-0.014568553971360771,0.0,0.0,1.0,-0.0121451003866887,85907.82134410125
2010-02-24,117524.59752243354,0.010005480177833537,0.010005480177833537,0.0,0.0,1.0,0.00919821381324959,86698.01985305473
2010-02-25,117343.1739052043,-0.0015437076242240666,-0.0015437076242240666,0.0,0.0,1.0,-0.0013539236989228431,86580.63734932599
2010-02-26,117861.45056539,0.004416760199484374,0.004416760199484374,0.0,0.0,1.0,0.0006327554105667321,86635.4217160591
2010-03-01,119432.03934443572,0.013325720763757005,0.013325720763757005,0.0,0.0,1.0,0.010384566173811116,87535.09298586554
2010-03-02,120024.65307408886,0.004961932601218318,0.004961932601218318,0.0,0.0,1.0,0.0027705778953677207,87777.61577956115
2010-03-03,120011.86886661877,-0.00010651317993985254,-0.00010651317993985254,0.0,0.0,1.0,0.0008916358164257066,87855.88144567066
2010-03-04,120183.49520716065,0.0014300780594677467,0.0014300780594677467,0.0,0.0,1.0,0.0030276413027479077,88121.87754102489
2010-03-05,122922.01601268743,0.022786163780695274,0.022786163780695274,0.0,0.0,1.0,0.014292938579525849,89381.39812423126
2010-03-08,123446.29207826908,0.004265111186653033,0.004265111186653033,0.0,0.0,1.0,0.00017537795515210064,89397.07365106292
2010-03-09,124003.73645493246,0.004515683438348628,0.004515683438348628,0.0,0.0,1.0,0.0016625777667083064,89545.70323812397
2010-03-10,124999.6394443648,0.008031233718463815,0.008031233718463815,0.0,0.0,1.0,0.004455893752344009,89944.70937773197
2010-03-11,125414.7020118471,0.0033205101176874137,0.0033205101176874137,0.0,0.0,1.0,0.0041747074614870705,90320.20222709248
2010-03-12,125615.57816099256,0.001601695382782838,0.001601695382782838,0.0,0.0,1.0,8.677752288610563e-05,90328.03999050832
2010-03-15,125110.02407705267,-0.0040246129607584,-0.0040246129607584,0.0,0.0,1.0,0.00025977873474647417,90351.50529444918
2010-03-16,126921.52624447257,0.014479272790358062,0.014479272790358062,0.0,0.0,1.0,0.007965806630533034,91071.22791440235
2010-03-17,128123.50374981939,0.009470241502072577,0.009470241502072577,0.0,0.0,1.0,0.005927733290993276,91611.07386396218
2010-03-18,127710.58835608336,-0.003222791928499687,-0.003222791928499687,0.0,0.0,1.0,-0.0005121936484844269,91564.15125379822
2010-03-19,126438.63792265393,-0.00995963177213599,-0.00995963177213599,0.0,0.0,1.0,-0.005062109210715371,91100.64352036503
2010-03-22,127506.48064543903,0.008445541175778521,0.008445541175778521,0.0,0.0,1.0,0.005346318047060761,91587.6965349168
2010-03-23,127977.52685273944,0.003694292281584133,0.003694292281584133,0.0,0.0,1.0,0.007033261090967136,92231.85671736715
2010-03-24,127371.37720628122,-0.004736375685363151,-0.004736375685363151,0.0,0.0,1.0,-0.0048549843430678585,91784.07249707225
2010-03-25,127299.57367253662,-0.0005637336685802389,-0.0005637336685802389,0.0,0.0,1.0,-0.0016260491310644554,91634.82708574281
2010-03-26,127328.66295135267,0.00022851041819578932,0.00022851041819578932,0.0,0.0,1.0,-0.0006001245284580348,91579.83477834766
2010-03-29,128425.36600369959,0.008613167113565929,0.008613167113565929,0.0,0.0,1.0,0.006347621368948397,92161.14889455146
2010-03-30,128670.46414077787,0.001908486965661038,0.001908486965661038,0.0,0.0,1.0,0.0006819149609174069,92223.994960798
2010-03-31,128102.6606769246,-0.004412850047949187,-0.004412850047949187,0.0,0.0,1.0,-0.003407338069490784,91909.75663184754
2010-04-01,129790.63465852228,0.013176728513506375,0.013510061846839708,0.6666666666666666,0.0003333333333333333,1.0,0.00683754034764017,92538.19330115958
2010-04-05,131942.65922547315,0.016580738453223793,0.016580738453223793,0.0,0.0,1.0,0.008149551772491881,93292.33809840026
2010-04-06,133341.16540420597,0.010599348133062698,0.010599348133062698,0.0,0.0,1.0,0.002357334458078064,93512.25934167427
2010-04-07,131836.35167767853,-0.011285440036209349,-0.011285440036209349,0.0,0.0,1.0,-0.005711931064776632,92978.12376260312
2010-04-08,131996.9186955827,0.001217926739179679,0.001217926739179679,0.0,0.0,1.0,0.00346356853360108,93300.15986638053
2010-04-09,133156.6461346722,0.008786019026429948,0.008786019026429948,0.0,0.0,1.0,0.006567718009012236,93912.92900657868
2010-04-12,132706.17516166647,-0.0033830153137841172,-0.0033830153137841172,0.0,0.0,1.0,0.0015892743483354455,94062.18241562588
2010-04-13,133798.65670754883,0.008232333910245544,0.008232333910245544,0.0,0.0,1.0,0.0007516285852853244,94132.88224072379
2010-04-14,135478.61902713357,0.012555898249836087,0.012555898249836087,0.0,0.0,1.0,0.011349478605209518,95201.24137376159
2010-04-15,134134.87759064385,-0.009918476038057178,-0.009918476038057178,0.0,0.0,1.0,0.0008252159376642698,95279.80295542863
2010-04-16,131200.83953520615,-0.021873789339055334,-0.021873789339055334,0.0,0.0,1.0,-0.01591253661641112,93763.65960209594
2010-04-19,131006.48992676043,-0.0014813137563313519,-0.0014813137563313519,0.0,0.0,1.0,0.0037701933212450633,94117.16672530326
2010-04-20,132858.4657575997,0.014136519739400924,0.014136519739400924,0.0,0.0,1.0,0.00893040221012864,94957.67087903795
2010-04-21,133793.88791584084,0.0070407418368640205,0.0070407418368640205,0.0,0.0,1.0,-0.0018194075075279592,94784.90417974326
2010-04-22,135142.16100618723,0.010077239785381664,0.010077239785381664,0.0,0.0,1.0,0.0029831681980347913,95067.66349154605
2010-04-23,136459.9206996835,0.009750914767715871,0.009750914767715871,0.0,0.0,1.0,0.006528138785981019,95688.2783928778
2010-04-26,136650.16702074974,0.0013941552954944703,0.0013941552954944703,0.0,0.0,1.0,-0.003776605489864693,95326.90151538355
2010-04-27,132522.90558677082,-0.0302031203031915,-0.0302031203031915,0.0,0.0,1.0,-0.023650371671469994,93072.3848642551
2010-04-28,133106.0030310465,0.004399974794500124,0.004399974794500124,0.0,0.0,1.0,0.007595961561067677,93779.35912208089
2010-04-29,136777.8658227009,0.02758600444788306,0.02758600444788306,0.0,0.0,1.0,0.012397314802061965,94941.97135905294
2010-04-30,133478.32890074782,-0.024123325087043845,-0.024123325087043845,0.0,0.0,1.0,-0.016961649743120533,93331.5988949393
2010-05-03,136201.73592894708,0.020403364730647484,0.020403364730647484,0.0,0.0,1.0,0.012961856432756713,94541.34968045514
2010-05-04,131659.82753185343,-0.03334692003825157,-0.03334692003825157,0.0,0.0,1.0,-0.02351451111623759,92318.25606244997
2010-05-05,129632.40611522301,-0.01539893720535146,-0.01539893720535146,0.0,0.0,1.0,-0.005956471737383673,91768.36497936945
2010-05-06,124471.1315363586,-0.03981469397610993,-0.03981469397610993,0.0,0.0,1.0,-0.033213474368282814,88720.41874130793
2010-05-07,122795.91269371282,-0.013458693770743452,-0.013458693770743452,0.0,0.0,1.0,-0.014875396379607442,87400.66734556622
2010-05-10,130741.6184789274,0.06470659821580045,0.06470659821580045,0.0,0.0,1.0,0.044041283647692886,91249.90492712996
2010-05-11,130502.32987978584,-0.0018302404538467951,-0.0018302404538467951,0.0,0.0,1.0,-0.002841055251096569,90990.65890557469
2010-05-12,133078.796176601,0.019742684281487694,0.019742684281487694,0.0,0.0,1.0,0.013986104340675265,92263.26375505485
2010-05-13,131516.17574711496,-0.01174206916789644,-0.01174206916789644,0.0,0.0,1.0,-0.012431044228692678,91116.33504263223
2010-05-14,128376.4731773522,-0.023873128548079953,-0.023873128548079953,0.0,0.0,1.0,-0.01810478063673948,89466.6937842617
2010-05-17,128255.13751059616,-0.00094515500973776,-0.00094515500973776,0.0,0.0,1.0,0.0005271519456260254,89513.85632595881
2010-05-18,125459.65187272028,-0.021796285841921392,-0.021796285841921392,0.0,0.0,1.0,-0.013602682171200642,88296.22778843828
2010-05-19,124174.8121814505,-0.010241058954740662,-0.010241058954740662,0.0,0.0,1.0,-0.005694201669574572,87793.45126074822
2010-05-20,117899.27301862188,-0.050537939639952636,-0.050537939639952636,0.0,0.0,1.0,-0.037759331450237466,84478.42923543334
2010-05-21,121072.0081648203,0.026910557333948017,0.026910557333948017,0.0,0.0,1.0,0.01459923048936651,85711.74929522109
2010-05-24,119209.29530607407,-0.015385165299401333,-0.015385165299401333,0.0,0.0,1.0,-0.012830985013939533,84611.98312449556
2010-05-25,119092.41470796967,-0.0009804654729675582,-0.0009804654729675582,0.0,0.0,1.0,0.0010212187400633344,84698.39046729621
2010-05-26,119086.31044680036,-5.12565068420493e-05,-5.12565068420493e-05,0.0,0.0,1.0,-0.0060289962909524375,84187.74418531924
2010-05-27,125369.69768841597,0.052763304346578055,0.052763304346578055,0.0,0.0,1.0,0.03349831106740342,87007.89142810206
2010-05-28,123610.504191438,-0.01403204705295006,-0.01403204705295006,0.0,0.0,1.0,-0.01254976289377141,85915.96302079238
2010-06-01,121082.47266484455,-0.020451591417168197,-0.020118258083834863,0.6666666666666666,0.0003333333333333333,1.0,-0.016823736613991502,84470.53548799313
2010-06-02,123978.99242388694,0.023921874861772514,0.023921874861772514,0.0,0.0,1.0,0.026039332199060183,86670.09182259749
2010-06-03,124786.77491217913,0.006515478731512554,0.006515478731512554,0.0,0.0,1.0,0.00344491154396942,86968.66262243403
2010-06-04,118918.41689743724,-0.047027082949069245,-0.047027082949069245,0.0,0.0,1.0,-0.0351372539643201,83912.8226369323
2010-06-07,116961.60394870452,-0.016455087443860074,-0.016455087443860074,0.0,0.0,1.0,-0.012451372919195514,82867.99278957753
2010-06-08,117571.92244176568,0.005218109810881369,0.005218109810881369,0.0,0.0,1.0,0.01071239512211375,83755.70747131597
2010-06-09,117502.22113769122,-0.0005928397071928155,-0.0005928397071928155,0.0,0.0,1.0,-0.005345835468697824,83307.96323960993
2010-06-10,121668.30525672235,0.03545536483220372,0.03545536483220372,0.0,0.0,1.0,0.029231312305794344,85743.1643306266
2010-06-11,123090.23023738679,0.011686897238061784,0.011686897238061784,0.0,0.0,1.0,0.004856097694291073,86159.54151323377
2010-06-14,123849.00781755692,0.006164401339625331,0.006164401339625331,0.0,0.0,1.0,-0.0015501694233073238,86025.97962645377
2010-06-15,126913.77957034063,0.024746033955301762,0.024746033955301762,0.0,0.0,1.0,0.022737524632039374,87981.99745720558
2010-06-16,126505.85298905241,-0.0032142024504291005,-0.0032142024504291005,0.0,0.0,1.0,-0.000357516593205931,87950.54243321123
2010-06-17,126781.82206448352,0.002181472784938965,0.002181472784938965,0.0,0.0,1.0,0.0016080815098360457,88091.97407427813
2010-06-18,126710.61992610166,-0.0005616115719305389,-0.0005616115719305389,0.0,0.0,1.0,0.0010843750757514314,88187.49881533803
2010-06-21,125585.09744033217,-0.008882621570519592,-0.008882621570519592,0.0,0.0,1.0,-0.0028642599434475224,87934.90689496843
2010-06-22,123156.9650180371,-0.01933455857251465,-0.01933455857251465,0.0,0.0,1.0,-0.01651550704865845,86482.61732032146
2010-06-23,122982.36029324355,-0.0014177413739287306,-0.0014177413739287306,0.0,0.0,1.0,-0.0031031833430558153,86214.24590278916
2010-06-24,120837.50329302842,-0.01744036295205938,-0.01744036295205938,0.0,0.0,1.0,-0.016570629514902624,84785.62157502734
2010-06-25,122552.90791137103,0.014195962111057446,0.014195962111057446,0.0,0.0,1.0,0.00418932638646452,85140.81621668438
2010-06-28,121692.69591809368,-0.007019107159003075,-0.007019107159003075,0.0,0.0,1.0,-0.0031519949154766858,84872.45279686987
2010-06-29,117266.44805545273,-0.036372337955435596,-0.036372337955435596,0.0,0.0,1.0,-0.030875273885883292,82251.99257139981
2010-06-30,115806.82513647522,-0.012447063445524376,-0.012447063445524376,0.0,0.0,1.0,-0.009499697260899054,81470.6235428658
2010-07-01,113885.45177316603,-0.01659119279925777,-0.016257859465924434,0.6666666666666666,0.0003333333333333333,1.0,-0.004456874990551474,81107.51915833296
2010-07-02,113211.62224892476,-0.005916730484446667,-0.005916730484446667,0.0,0.0,1.0,-0.0054491850331707115,80665.54927885777
2010-07-06,111250.18349939087,-0.017325418632560242,-0.017325418632560242,0.0,0.0,1.0,0.006555872945966712,81194.38237104658
2010-07-07,114735.23121813702,0.03132621995868656,0.03132621995868656,0.0,0.0,1.0,0.031495556526992985,83751.64463068816
2010-07-08,115593.22945883177,0.007478071308920753,0.007478071308920753,0.0,0.0,1.0,0.00989548930890849,84580.40813473464
2010-07-09,117058.20800257877,0.012673567047183809,0.012673567047183809,0.0,0.0,1.0,0.0074656982962995055,85211.85994364646
2010-07-12,116404.30091856403,-0.005586170292307605,-0.005586170292307605,0.0,0.0,1.0,0.0006482693451663746,85267.10018029253
2010-07-13,118925.38150734788,0.021657967694403313,0.021657967694403313,0.0,0.0,1.0,0.015088502676329885,86553.65304956576
2010-07-14,118529.11390215013,-0.0033320692368203524,-0.0033320692368203524,0.0,0.0,1.0,-9.12930290010161e-05,86545.75130440776
2010-07-15,118011.84055951952,-0.004364103683907087,-0.004364103683907087,0.0,0.0,1.0,0.00027334963081160346,86569.40855357514
2010-07-16,114781.52317925314,-0.0273728243280568,-0.0273728243280568,0.0,0.0,1.0,-0.02753462036772203,84185.7527535942
2010-07-19,115107.61071941059,0.0028409410428210657,0.0028409410428210657,0.0,0.0,1.0,0.005906867630190549,84683.02685145765
2010-07-20,116773.65783799197,0.014473822435968765,0.014473822435968765,0.0,0.0,1.0,0.011091478513418407,85622.28682423182
2010-07-21,114997.66976604177,-0.015208807404270476,-0.015208807404270476,0.0,0.0,1.0,-0.012997859112409693,84509.38040320812
2010-07-22,118131.99348525591,0.02725554113914478,0.02725554113914478,0.0,0.0,1.0,0.022321944427803997,86395.79409619668
2010-07-23,119344.21430503739,0.010261579306479418,0.010261579306479418,0.0,0.0,1.0,0.008678871926236731,87145.6121281231
2010-07-26,121050.68188629557,0.014298703889377741,0.014298703889377741,0.0,0.0,1.0,0.010415911441579828,88053.31310657189
2010-07-27,120195.02422144661,-0.007068590209617254,-0.007068590209617254,0.0,0.0,1.0,-8.964736432659492e-05,88045.41935913167
2010-07-28,119564.67396889401,-0.005244395569913517,-0.005244395569913517,0.0,0.0,1.0,-0.006454643904549973,87477.1175297417
2010-07-29,119303.796100607,-0.0021818975423700815,-0.0021818975423700815,0.0,0.0,1.0,-0.004872204180746298,87050.91115199367
2010-07-30,119981.37033446578,0.005679402131407496,0.005679402131407496,0.0,0.0,1.0,-0.00018154307757223265,87035.10766167767
2010-08-02,120739.53386543825,0.006319010433528006,0.006652343766861339,0.6666666666666666,0.0003333333333333333,1.0,0.02258113099636261,89000.45882906854
2010-08-03,120738.82498760078,-5.871132799632143e-06,-5.871132799632143e-06,0.0,0.0,1.0,-0.004789350186085284,88574.20446501386
2010-08-04,120969.6944063714,0.0019121390223428474,0.0019121390223428474,0.0,0.0,1.0,0.006683199495076009,89166.16354357118
2010-08-05,120740.9786804605,-0.001890686151050184,-0.001890686151050184,0.0,0.0,1.0,-0.00106153484753857,89071.51055374836
2010-08-06,121289.60176856986,0.004543801898121831,0.004543801898121831,0.0,0.0,1.0,-0.004076908240876698,88708.37417834446
2010-08-09,121451.28301085002,0.001333018164151138,0.001333018164151138,0.0,0.0,1.0,0.005338851688436508,89181.97503160496
2010-08-10,121254.86212254768,-0.0016172812952893372,-0.0016172812952893372,0.0,0.0,1.0,-0.005398474458807367,88700.52841721085
2010-08-11,120654.40137137401,-0.004952055040620093,-0.004952055040620093,0.0,0.0,1.0,-0.027407032720118463,86269.51013258855
2010-08-12,120542.65788458893,-0.0009261451344915548,-0.0009261451344915548,0.0,0.0,1.0,-0.006130382359272435,85740.64504952866
2010-08-13,121033.60318340224,0.004072793046287048,0.004072793046287048,0.0,0.0,1.0,-0.002945346821210948,85488.10911318344
2010-08-16,122347.28483021147,0.010853858864456074,0.010853858864456074,0.0,0.0,1.0,-0.000461686866285671,85448.64037598229
2010-08-17,123055.4134216099,0.005787857020130368,0.005787857020130368,0.0,0.0,1.0,0.012285139227085295,86498.38881976638
2010-08-18,123366.86769615575,0.0025310083147559817,0.0025310083147559817,0.0,0.0,1.0,0.0018250854523520488,86656.25577085323
2010-08-19,123016.58445635527,-0.0028393623534578296,-0.0028393623534578296,0.0,0.0,1.0,-0.01739694140989445,85148.70196640686
2010-08-20,122694.99540412916,-0.0026141926606667587,-0.0026141926606667587,0.0,0.0,1.0,-0.0032443145128150386,84872.45279686988
2010-08-23,122422.98432183063,-0.0022169696604379396,-0.0022169696604379396,0.0,0.0,1.0,-0.0038128231928808987,84548.8491404093
2010-08-24,123108.85620011091,0.005602476382026821,0.005602476382026821,0.0,0.0,1.0,-0.014843417594764596,83293.85526546143
2010-08-25,123969.59449662692,0.006991684620291501,0.006991684620291501,0.0,0.0,1.0,0.0038855644755304564,83617.49891051088
2010-08-26,123972.9763098645,2.7279376457671305e-05,2.7279376457671305e-05,0.0,0.0,1.0,-0.006701947457573576,83057.09882627893
2010-08-27,123504.64049578096,-0.0037777250173695043,-0.0037777250173695043,0.0,0.0,1.0,0.015489884546128652,84343.64369783438
2010-08-30,123940.88101292447,0.0035321791585508256,0.0035321791585508256,0.0,0.0,1.0,-0.014505264762898817,83120.2168149297
2010-08-31,125113.01589785739,0.009457209561151148,0.009457209561151148,0.0,0.0,1.0,0.0,83120.2168149297
2010-09-01,127765.71323145309,0.021202408994451544,0.02153574232778488,0.6666666666666666,0.0003333333333333333,1.0,0.02991179056040849,85606.49133163363
2010-09-02,128588.76475845581,0.006441881050761525,0.006441881050761525,0.0,0.0,1.0,0.009312337179140373,86403.68784363696
2010-09-03,129571.10388467791,0.007639385354290836,0.007639385354290836,0.0,0.0,1.0,0.01297167049735437,87524.48801210088
2010-09-07,128578.38454402404,-0.007661579710993533,-0.007661579710993533,0.0,0.0,1.0,-0.011272804594211983,86537.84156153201
2010-09-08,129137.23498863225,0.00434637942131603,0.00434637942131603,0.0,0.0,1.0,0.007023176862563263,87145.61212812313
2010-09-09,128481.93048499554,-0.005074481451413944,-0.005074481451413944,0.0,0.0,1.0,0.004618994870740689,87548.13726355048
2010-09-10,128924.75627368296,0.003446599743760344,0.003446599743760344,0.0,0.0,1.0,0.00504867246936036,87990.13913389675
2010-09-13,130619.2602743486,0.013143356246247406,0.013143356246247406,0.0,0.0,1.0,0.011123436248228202,88968.89183702538
2010-09-14,131294.6227095015,0.0051704659307851095,0.0051704659307851095,0.0,0.0,1.0,-0.0006212534108933632,88913.61960950823
2010-09-15,131707.0343923336,0.0031411163254156196,0.0031411163254156196,0.0,0.0,1.0,0.003817628155713848,89253.05874715591
2010-09-16,131498.45426571835,-0.001583667323295142,-0.001583667323295142,0.0,0.0,1.0,-0.0002655061696357208,89229.36150939969
2010-09-17,131527.4947633595,0.00022084288217153825,0.00022084288217153825,0.0,0.0,1.0,0.0003732235245905713,89262.6640061992
2010-09-20,133405.41415837416,0.014277770578641213,0.014277770578641213,0.0,0.0,1.0,0.01528982529101075,90627.47454386417
2010-09-21,133027.90146544584,-0.0028298153812569646,-0.0028298153812569646,0.0,0.0,1.0,-0.0020132960137285716,90445.01461063072
2010-09-22,132523.95206205262,-0.0037882985286671333,-0.0037882985286671333,0.0,0.0,1.0,-0.0049130535165679,90000.65341354194
2010-09-23,131185.42005353718,-0.010100302531641292,-0.010100302531641292,0.0,0.0,1.0,-0.008111404200655259,89270.6217353816
2010-09-24,133365.0238925289,0.016614680488900614,0.016614680488900614,0.0,0.0,1.0,0.02062217815211098,91111.57640055836
2010-09-27,132747.46641417991,-0.004630580494977739,-0.004630580494977739,0.0,0.0,1.0,-0.004790208596287426,90675.13294406311
2010-09-28,133641.84821061272,0.006737467920045221,0.006737467920045221,0.0,0.0,1.0,0.003500468263814671,90992.53836925098
2010-09-29,133478.3600462146,-0.0012233306152759083,-0.0012233306152759083,0.0,0.0,1.0,-0.0017442607054934944,90833.82366008038
2010-09-30,133852.86336705624,0.0028057231203019173,0.0028057231203019173,0.0,0.0,1.0,-0.002970116226609698,90564.03664650257
2010-10-01,134164.19682536717,0.0023259379775626425,0.002659271310895976,0.6666666666666666,0.0003333333333333333,1.0,0.0042057677965794404,90944.92795535868
2010-10-04,134533.65324794175,0.002753763159745848,0.002753763159745848,0.0,0.0,1.0,-0.007503763841791966,90262.49869337288
2010-10-05,135860.67449023158,0.009863860902105743,0.009863860902105743,0.0,0.0,1.0,0.02013196489253266,92079.66014818015
2010-10-06,136468.44930780304,0.004473515385168603,0.004473515385168603,0.0,0.0,1.0,-8.63353693077995e-05,92071.71041671552
2010-10-07,135720.1055381118,-0.0054836394308501735,-0.0054836394308501735,0.0,0.0,1.0,-0.0012064542042526938,91960.63011459053
2010-10-08,136095.6965970488,0.00276739439192053,0.00276739439192053,0.0,0.0,1.0,0.005608800351424081,92476.41892909442
2010-10-11,136313.0957303756,0.0015973990270277867,0.0015973990270277867,0.0,0.0,1.0,0.0009437983763693758,92563.69802313215
2010-10-12,136072.51051814127,-0.0017649457005232128,-0.0017649457005232128,0.0,0.0,1.0,0.0030860314760177143,92849.35250876813
2010-10-13,137197.4932491842,0.008267523886780573,0.008267523886780573,0.0,0.0,1.0,0.0077773502536417904,93571.47444405268
2010-10-14,136628.76326203826,-0.004145338035535147,-0.004145338035535147,0.0,0.0,1.0,-0.003901101662493911,93206.44260953697
2010-10-15,135652.24720238915,-0.0071472216854974535,-0.0071472216854974535,0.0,0.0,1.0,0.002043224161734969,93396.88426510616
2010-10-18,136802.38966050136,0.008478609693772638,0.008478609693772638,0.0,0.0,1.0,0.004928008719344623,93857.14492512422
2010-10-19,135098.63811119247,-0.012454106639050999,-0.012454106639050999,0.0,0.0,1.0,-0.013104777635635334,92627.16791136486
2010-10-20,136599.79548111936,0.011111565526599568,0.011111565526599568,0.0,0.0,1.0,0.00976618285743891,93531.78177075395
2010-10-21,135368.56616205102,-0.009013405289018245,-0.009013405289018245,0.0,0.0,1.0,0.002205935984076257,93738.10689381683
2010-10-22,135788.21571374228,0.003100051685476816,0.003100051685476816,0.0,0.0,1.0,0.0018626168422846145,93912.70507048113
2010-10-25,136389.9088891866,0.004431114823047662,0.004431114823047662,0.0,0.0,1.0,0.002957222341731791,94190.42582008801
2010-10-26,135371.6432779841,-0.0074658427408276955,-0.0074658427408276955,0.0,0.0,1.0,0.00016829180338251426,94206.27729671064
2010-10-27,134187.63842001726,-0.008746328472466886,-0.008746328472466886,0.0,0.0,1.0,-0.002863959990304865,93936.4742876973
2010-10-28,134626.24634857214,0.0032686164964168167,0.0032686164964168167,0.0,0.0,1.0,0.00016908732858200715,93952.35775519101
2010-10-29,135525.8146730372,0.006681968404109876,0.006681968404109876,0.0,0.0,1.0,0.0007597428400303308,94023.73738629949
2010-11-01,135322.97207972239,-0.0014967081644495781,-0.0011633748311162448,0.6666666666666666,0.0003333333333333333,1.0,0.0003377757378348889,94055.49632356914
2010-11-02,136766.22110850897,0.010665218230178443,0.010665218230178443,0.0,0.0,1.0,0.007930670428931474,94801.41946694095
2010-11-03,136628.75116366267,-0.0010051454498930892,-0.0010051454498930892,0.0,0.0,1.0,0.004017611925667186,95182.29478036151
2010-11-04,140376.91702448446,0.027433214670402602,0.027433214670402602,0.0,0.0,1.0,0.01925817116316675,97015.3317049447
2010-11-05,141262.4147250952,0.006308000769501776,0.006308000769501776,0.0,0.0,1.0,0.003762455198218495,97380.34754402487
2010-11-08,141452.70896897154,0.0013470974869476497,0.0013470974869476497,0.0,0.0,1.0,-0.0018741760955163222,97197.83962448478
2010-11-09,138164.84090600803,-0.02324358498984084,-0.02324358498984084,0.0,0.0,1.0,-0.0071842001738308126,96499.55088815858
2010-11-10,139811.04061442596,0.011914751232101393,0.011914751232101393,0.0,0.0,1.0,0.004029210950609041,96888.36793532601
2010-11-11,139399.39127866595,-0.0029443263847473977,-0.0029443263847473977,0.0,0.0,1.0,-0.003767715750923939,96523.32010537476
2010-11-12,136853.85711436282,-0.018260726542302298,-0.018260726542302298,0.0,0.0,1.0,-0.011837739743064346,95380.70216283084
2010-11-15,135990.79365073369,-0.006306460642230319,-0.006306460642230319,0.0,0.0,1.0,-0.0014144737669576912,95245.78866174752
2010-11-16,133057.06818893325,-0.02157297110372869,-0.02157297110372869,0.0,0.0,1.0,-0.015579235444832529,93761.93209505739
2010-11-17,133317.5260998104,0.001957490228984356,0.001957490228984356,0.0,0.0,1.0,0.0005072679980340222,93809.49452264304
2010-11-18,135164.52910256348,0.01385416499080742,0.01385416499080742,0.0,0.0,1.0,0.014718659302122239,95190.24451182612
2010-11-19,135590.2944927412,0.003149978718563669,0.003149978718563669,0.0,0.0,1.0,0.0027507575085430336,95452.08979165708
2010-11-22,136365.225748969,0.005715241338820842,0.005715241338820842,0.0,0.0,1.0,-0.000831342256619183,95372.73643593067
2010-11-23,135893.04755778695,-0.0034625997103637043,-0.0034625997103637043,0.0,0.0,1.0,-0.014476988416094794,93992.02643533643
2010-11-24,137706.6237309869,0.013345614111926769,0.013345614111926769,0.0,0.0,1.0,0.01477439927789792,95380.70216283083
2010-11-26,136929.39229943938,-0.005644110722414256,-0.005644110722414256,0.0,0.0,1.0,-0.011647251087750332,94269.7791758144
2010-11-29,137109.71247813897,0.0013168843859707735,0.0013168843859707735,0.0,0.0,1.0,0.0030299263982571656,94555.40966829707
2010-11-30,137198.06906569994,0.0006444225282367095,0.0006444225282367095,0.0,0.0,1.0,-0.0056228647717008196,94023.73738629947
2010-12-01,139407.54439309885,0.016104274225177902,0.016437607558511237,0.6666666666666666,0.0003333333333333333,1.0,0.021267792874998914,96023.41475836458
2010-12-02,141064.13874427494,0.011883104019857408,0.011883104019857408,0.0,0.0,1.0,0.012808969785326862,97253.37577668838
2010-12-03,141516.03148221612,0.0032034558319629087,0.0032034558319629087,0.0,0.0,1.0,0.0026927319346050638,97515.25304739042
2010-12-06,141886.40183407036,0.0026171618012108544,0.0026171618012108544,0.0,0.0,1.0,-0.001057748022719851,97412.10648129451
2010-12-07,142289.6846706533,0.002842293774244719,0.002842293774244719,0.0,0.0,1.0,0.0005697870966703267,97467.61064262703
2010-12-08,141735.00802299887,-0.0038982210758166094,-0.0038982210758166094,0.0,0.0,1.0,0.0036640899166713314,97824.74073198473
2010-12-09,141519.9109287758,-0.0015176003248835355,-0.0015176003248835355,0.0,0.0,1.0,0.0038932821608848034,98205.60004996974
2010-12-10,142731.33480516393,0.008560094960756787,0.008560094960756787,0.0,0.0,1.0,0.005817397106310462,98776.90102352393
2010-12-13,142400.02327142408,-0.0023212249376921568,-0.0023212249376921568,0.0,0.0,1.0,0.0006428818726420538,98840.4029026277
2010-12-14,141997.4712753623,-0.002826909622721733,-0.002826909622721733,0.0,0.0,1.0,0.0008831114523226713,98927.6899943832
2010-12-15,141190.6705453693,-0.005681796462617646,-0.005681796462617646,0.0,0.0,1.0,-0.004571813389234292,98475.41105670086
2010-12-16,142069.13978398615,0.006221864626208218,0.006221864626208218,0.0,0.0,1.0,0.005801376909282174,99046.70403253727
2010-12-17,142649.40044504165,0.004084354011981706,0.004084354011981706,0.0,0.0,1.0,0.0010714310803512372,99152.82574964408
2010-12-20,143441.5958228436,0.005553443444770304,0.005553443444770304,0.0,0.0,1.0,0.002413281882680973,99392.10946764232
2010-12-21,144764.88204996067,0.009225261469841445,0.009225261469841445,0.0,0.0,1.0,0.006340344069177162,100022.28963942849
2010-12-22,145112.20279637116,0.0023992058121571347,0.0023992058121571347,0.0,0.0,1.0,0.0031103389525035663,100333.39286301262
2010-12-23,144708.2280212366,-0.002783878732110723,-0.002783878732110723,0.0,0.0,1.0,-0.001430979510736008,100189.81783358303
2010-12-27,145481.07617334166,0.005340733990548388,0.005340733990548388,0.0,0.0,1.0,0.000398250189725724,100229.71844754384
2010-12-28,145451.4124289367,-0.0002039010514990336,-0.0002039010514990336,0.0,0.0,1.0,0.0014325394640564149,100373.30147469121
2010-12-29,145759.07617123847,0.0021152337895110245,0.0021152337895110245,0.0,0.0,1.0,0.000715045915844037,100445.07299397048
2010-12-30,145683.15243174596,-0.000520885158488027,-0.000520885158488027,0.0,0.0,1.0,-0.0015881563317203806,100285.55051530499
2010-12-31,145088.56048291706,-0.0040814050142650524,-0.0040814050142650524,0.0,0.0,1.0,0.00023861036259598123,100309.47968687658
2011-01-03,146529.50890947253,0.00993150956739349,0.010264842900726823,0.6666666666666666,0.0003333333333333333,1.0,0.01033768786382483,101346.4477776622
2011-01-04,143719.85753033555,-0.019174645435226324,-0.019174645435226324,0.0,0.0,1.0,-0.0005505873971278774,101290.64770077214
2011-01-05,144319.9993723377,0.00417577537519805,0.00417577537519805,0.0,0.0,1.0,0.005197496333185558,101817.10547078289
2011-01-06,143451.7442450226,-0.006016180232062296,-0.006016180232062296,0.0,0.0,1.0,-0.0019585618151926054,101617.69037587439
2011-01-07,143107.30800250926,-0.002401059982407953,-0.002401059982407953,0.0,0.0,1.0,-0.0019626414192659425,101418.25128781254
2011-01-10,143564.8700747386,0.0031973354723527914,0.0031973354723527914,0.0,0.0,1.0,-0.0012581915525073928,101290.64770077214
2011-01-11,143936.28697444726,0.002587101562626944,0.002587101562626944,0.0,0.0,1.0,0.0035432450392201,101649.5452857573
2011-01-12,144744.4105353373,0.005614453296502638,0.005614453296502638,0.0,0.0,1.0,0.009024754797845702,102566.90750727378
2011-01-13,144381.61945895987,-0.002506425464276041,-0.002506425464276041,0.0,0.0,1.0,-0.00163288736999323,102399.42729942588
2011-01-14,144576.59171728193,0.0013503952861357855,0.0013503952861357855,0.0,0.0,1.0,0.00724437952163548,103141.24761358106
2011-01-18,145296.7875127012,0.004981413566780131,0.004981413566780131,0.0,0.0,1.0,0.001701801325725505,103316.77352550684
2011-01-19,143519.88606292935,-0.01222946136793664,-0.01222946136793664,0.0,0.0,1.0,-0.009805560832314986,102303.69461770396
2011-01-20,142127.42483317913,-0.009702218054574422,-0.009702218054574422,0.0,0.0,1.0,-0.0013257907858517104,102168.06132202123
2011-01-21,141783.2281096532,-0.0024217474138431556,-0.0024217474138431556,0.0,0.0,1.0,0.0022645626667561203,102399.42729942592
2011-01-24,142129.1483011912,0.0024397821671156743,0.0024397821671156743,0.0,0.0,1.0,0.005686768412680898,102981.74912806893
2011-01-25,142660.21661360576,0.0037365193471022478,0.0037365193471022478,0.0,0.0,1.0,0.0005419219918125773,103037.55720267676
2011-01-26,143880.75251030904,0.008555544956230676,0.008555544956230676,0.0,0.0,1.0,0.0038712697066063395,103436.4433765182
2011-01-27,143594.82044187246,-0.0019872850499311765,-0.0019872850499311765,0.0,0.0,1.0,0.002467748813232973,103691.69853690565
2011-01-28,142511.22310112297,-0.0075462146713580385,-0.0075462146713580385,0.0,0.0,1.0,-0.017463030347251385,101880.92725859763
2011-01-31,143324.59707119098,0.005707437999397509,0.005707437999397509,0.0,0.0,1.0,0.007516200569129605,102646.68474204215
2011-02-01,145392.81121586135,0.014430280544539431,0.014763613877872764,0.6666666666666666,0.0003333333333333333,1.0,0.016008730221371392,104289.92782619566
2011-02-02,145134.04738394963,-0.0017797567138826407,-0.0017797567138826407,0.0,0.0,1.0,-0.0019118922211500688,104090.53672444046
2011-02-03,145524.54164156195,0.002690576502557477,0.002690576502557477,0.0,0.0,1.0,0.0022222768599073905,104321.85471553852
2011-02-04,145527.21258718168,1.8353918793197806e-05,1.8353918793197806e-05,0.0,0.0,1.0,0.0028291270292064574,104616.99449445121
2011-02-07,146711.46794669155,0.00813769011620713,0.00813769011620713,0.0,0.0,1.0,0.006252266671233242,105271.08784237347
2011-02-08,147591.63659583434,0.005999317309418309,0.005999317309418309,0.0,0.0,1.0,0.004546579975857501,105749.71126239434
2011-02-09,147322.80460006345,-0.0018214581935090584,-0.0018214581935090584,0.0,0.0,1.0,-0.002263038886938462,105510.39555352504
2011-02-10,147796.99550515178,0.0032187203221905047,0.0032187203221905047,0.0,0.0,1.0,0.00037809180824077693,105550.28816976809
2011-02-11,149009.58370872476,0.008204417142774126,0.008204417142774126,0.0,0.0,1.0,0.005970350105106714,106180.4603438365
2011-02-14,149391.26575916327,0.0025614597460026367,0.0025614597460026367,0.0,0.0,1.0,0.002404050211108455,106435.7235019417
2011-02-15,148852.33101735005,-0.003607538493462255,-0.003607538493462255,0.0,0.0,1.0,-0.003147894142751295,106100.67511135044
2011-02-16,149684.5447264764,0.00559086783148414,0.00559086783148414,0.0,0.0,1.0,0.006315669344038266,106770.77189253297
2011-02-17,150068.81349158773,0.0025671906596204845,0.0025671906596204845,0.0,0.0,1.0,0.002987905383870171,107089.79285671063
2011-02-18,150209.08611265998,0.000934721997252937,0.000934721997252937,0.0,0.0,1.0,0.0020866249580657747,107313.24909123954
2011-02-22,147039.43372678023,-0.021101602225996035,-0.021101602225996035,0.0,0.0,1.0,-0.020070749823520417,105159.39171598015
2011-02-23,145378.0261646591,-0.011299061211078043,-0.011299061211078043,0.0,0.0,1.0,-0.0061441171829100805,104513.28009039363
2011-02-24,145575.40459811882,0.001357690970684759,0.001357690970684759,0.0,0.0,1.0,-0.0006870276206836223,104441.47658024328
2011-02-25,148321.96322341828,0.018866913905420425,0.018866913905420425,0.0,0.0,1.0,0.010693235499746878,105558.29388525711
2011-02-28,149706.3380853293,0.009333579679131693,0.009333579679131693,0.0,0.0,1.0,0.006196210008491798,106212.35524230826
2011-03-01,146418.32322876825,-0.021963097211602056,-0.021963097211602056,0.0,0.0,1.0,-0.01667300059418686,104441.47658024325
2011-03-02,146436.339736636,0.00012304817778578192,0.00012304817778578192,0.0,0.0,1.0,0.002139229078077731,104664.90082390107
2011-03-03,149214.99536746315,0.018975178127400127,0.018975178127400127,0.0,0.0,1.0,0.017223554093935167,106467.60240497791
2011-03-04,148265.56555804543,-0.006362831075252521,-0.006362831075252521,0.0,0.0,1.0,-0.007491972805795055,105669.95002306161
2011-03-07,146432.28083974626,-0.01236487185273923,-0.01236487185273923,0.0,0.0,1.0,-0.007850966731309916,104840.33876093138
2011-03-08,148111.922782012,0.011470434883848652,0.011470434883848652,0.0,0.0,1.0,0.008750240869060066,105757.71697788339
2011-03-09,147527.99798050226,-0.00394245642445116,-0.00394245642445116,0.0,0.0,1.0,-0.0014333586897313788,105606.12823524697
2011-03-10,144743.74830576367,-0.01887268662797529,-0.01887268662797529,0.0,0.0,1.0,-0.018505766163786297,103651.80592066268
2011-03-11,145660.00699618267,0.006330212538668463,0.006330212538668463,0.0,0.0,1.0,0.006925987793527044,104369.69706324622
2011-03-14,144740.79525956855,-0.006310666569157833,-0.006310666569157833,0.0,0.0,1.0,-0.006037961108618539,103739.51689146004
2011-03-15,143372.79379553106,-0.00945138833584691,-0.00945138833584691,0.0,0.0,1.0,-0.011457127129920752,102550.960058038
2011-03-16,141036.30586244445,-0.016296592060685972,-0.016296592060685972,0.0,0.0,1.0,-0.018512808082774335,100652.4538157793
2011-03-17,141932.70542963347,0.006355807192392518,0.006355807192392518,0.0,0.0,1.0,0.01323528441900601,101984.617669502
2011-03-18,142930.3914010982,0.00702928876360609,0.00702928876360609,0.0,0.0,1.0,0.003636922562965106,102355.52782657958
2011-03-21,145469.53052275823,0.017764865098106153,0.017764865098106153,0.0,0.0,1.0,0.015498247707548929,103941.85915107281
2011-03-22,144814.97126613406,-0.004499631326724965,-0.004499631326724965,0.0,0.0,1.0,-0.0034687960703084775,103581.306038509
2011-03-23,144704.20047405604,-0.0007649125716046403,-0.0007649125716046403,0.0,0.0,1.0,0.002862016477345408,103877.75744313619
2011-03-24,146098.48831505093,0.009635434468571994,0.009635434468571994,0.0,0.0,1.0,0.009563669190067348,104871.20995152839
2011-03-25,147023.47861105457,0.006331279034242613,0.006331279034242613,0.0,0.0,1.0,0.0030555245845955703,105191.64651175156
2011-03-28,146588.73243037038,-0.0029569847264617755,-0.0029569847264617755,0.0,0.0,1.0,-0.0024371407013673574,104935.27966859392
2011-03-29,147720.098053115,0.007717957608249633,0.007717957608249633,0.0,0.0,1.0,0.0067182631840045914,105640.26249469467
2011-03-30,149304.14025062526,0.010723267980370968,0.010723267980370968,0.0,0.0,1.0,0.006901459110482566,106369.33444672245
2011-03-31,149948.92478172807,0.004318597796554524,0.004318597796554524,0.0,0.0,1.0,-0.001355267131986304,106225.17558389554
2011-04-01,150034.03697829292,0.0005676079150866621,0.0012342745817533287,1.3333333333333333,0.0006666666666666666,1.0,0.004223254802613097,106673.79156683866
2011-04-04,150685.63587890536,0.004343007185141171,0.004343007185141171,0.0,0.0,1.0,0.0008261340562387698,106761.91841896012
2011-04-05,151579.5459100223,0.005932284294405325,0.005932284294405325,0.0,0.0,1.0,-0.00015019797666471213,106745.88299482875
2011-04-06,151869.34443116994,0.0019118576943071286,0.0019118576943071286,0.0,0.0,1.0,0.0031523087173690456,107082.37897233659
2011-04-07,151451.74101922972,-0.0027497544912988467,-0.0027497544912988467,0.0,0.0,1.0,-0.0025440811369412675,106809.95271189426
2011-04-08,152691.46134470144,0.008185579889202505,0.008185579889202505,0.0,0.0,1.0,-0.0034501545257697996,106441.44187014806
2011-04-11,151424.71066228815,-0.008296146171222946,-0.008296146171222946,0.0,0.0,1.0,-0.003010449262929815,106121.00530992488
2011-04-12,149941.46385398653,-0.00979527582925103,-0.00979527582925103,0.0,0.0,1.0,-0.007473635176240112,105327.89563170266
2011-04-13,150356.42264517368,0.0027674719221845536,0.0027674719221845536,0.0,0.0,1.0,-7.661500481714878e-05,105319.82593447146
2011-04-14,151885.49489285104,0.010169650359970342,0.010169650359970342,0.0,0.0,1.0,0.0007607412557091298,105399.94707110392
2011-04-15,153235.47290739857,0.008888129939596126,0.008888129939596126,0.0,0.0,1.0,0.0036483724977620646,105784.4853392637
2011-04-18,152774.93156765215,-0.0030054486145302635,-0.0030054486145302635,0.0,0.0,1.0,-0.011208729163759035,104598.77569336827
2011-04-19,153192.19506850714,0.0027312301604287548,0.0027312301604287548,0.0,0.0,1.0,0.005744355387871769,105199.62823408726
2011-04-20,154797.27295921426,0.010477543519690064,0.010477543519690064,0.0,0.0,1.0,0.013632203730264303,106633.7309985224
2011-04-21,155605.16728380628,0.005219047526792586,0.005219047526792586,0.0,0.0,1.0,0.005108895059033891,107178.51153994711
2011-04-25,155849.7233539614,0.001571644916579388,0.001571644916579388,0.0,0.0,1.0,-0.0010465529902425885,107066.34354820523
2011-04-26,156115.92271261528,0.0017080515314699487,0.0017080515314699487,0.0,0.0,1.0,0.008605216718886144,107987.67263773625
2011-04-27,157815.6082549767,0.01088732983047628,0.01088732983047628,0.0,0.0,1.0,0.006528734229273692,108692.69545242583
2011-04-28,158356.65448747724,0.0034283442460671205,0.0034283442460671205,0.0,0.0,1.0,0.00324315637788386,109045.20286091176
2011-04-29,159501.2902940097,0.007228214123600122,0.007228214123600122,0.0,0.0,1.0,0.002351087752135328,109301.57770178714
2011-05-02,157609.29106980344,-0.011861968142820218,-0.011528634809486885,0.6666666666666666,0.0003333333333333333,1.0,-0.0015393006422375066,109133.3297130332
2011-05-03,156210.62543611747,-0.008874258771118396,-0.008874258771118396,0.0,0.0,1.0,-0.003597067734638082,108740.76973394884
2011-05-04,153957.2895071911,-0.01442498500108676,-0.01442498500108676,0.0,0.0,1.0,-0.006630909849795641,108019.71949284563
2011-05-05,148805.11246138465,-0.03346497630802847,-0.03346497630802847,0.0,0.0,1.0,-0.009048802197608508,107042.27041771372
2011-05-06,149545.6594611433,0.004976623366692542,0.004976623366692542,0.0,0.0,1.0,0.004415910757404662,107514.95953114833
2011-05-09,152670.07372955405,0.02089271116038353,0.02089271116038353,0.0,0.0,1.0,0.0038749688039421137,107931.57664528863
2011-05-10,154092.31505262962,0.009315783298794825,0.009315783298794825,0.0,0.0,1.0,0.008536455329586357,108852.92972797295
2011-05-11,151023.11272673513,-0.01991794545267367,-0.01991794545267367,0.0,0.0,1.0,-0.010524816173161589,107707.27265267597
2011-05-12,151536.16876855041,0.003397202140467274,0.003397202140467274,0.0,0.0,1.0,0.004760734020625268,108220.03832986233
2011-05-13,150588.7200610779,-0.00625229418938004,-0.00625229418938004,0.0,0.0,1.0,-0.0076994449562184375,107386.8041015817
2011-05-16,149108.9335958121,-0.009826675362308707,-0.009826675362308707,0.0,0.0,1.0,-0.006341241694738486,106705.83842194804
2011-05-17,148857.8972741237,-0.0016835766686445668,-0.0016835766686445668,0.0,0.0,1.0,-0.00015035186533751688,106689.79500009888
2011-05-18,150916.60939236757,0.013830049704737668,0.013830049704737668,0.0,0.0,1.0,0.00893588695077896,107643.16294702154
2011-05-19,150647.8471853378,-0.0017808656589349083,-0.0017808656589349083,0.0,0.0,1.0,0.0023817104018171165,107899.53778789696
2011-05-20,151381.4869433859,0.004869898719133606,0.004869898719133606,0.0,0.0,1.0,-0.007945051366840983,107042.27041771372
2011-05-23,149782.35530026187,-0.010563587895804508,-0.010563587895804508,0.0,0.0,1.0,-0.011600255287952832,105800.55275426616
2011-05-24,150473.96361123986,0.004617421789045487,0.004617421789045487,0.0,0.0,1.0,-0.000833557401807572,105712.36192040252
2011-05-25,152010.57743150525,0.010211825244633821,0.010211825244633821,0.0,0.0,1.0,0.003334817189163397,106064.89332204174
2011-05-26,152742.22887727278,0.004813161413699806,0.004813161413699806,0.0,0.0,1.0,0.00460756173985688,106553.59386645438
2011-05-27,153889.28820683982,0.007509772104273171,0.007509772104273171,0.0,0.0,1.0,0.003834646851309742,106962.18926967011
2011-05-31,154888.40498537078,0.006492438753684104,0.006492438753684104,0.0,0.0,1.0,0.010411325960220541,108075.80748757545
2011-06-01,151303.90597815465,-0.023142461874758914,-0.02280912854142558,0.6666666666666666,0.0003333333333333333,1.0,-0.02246130136233615,105648.2842056192
2011-06-02,151982.50485168482,0.004485005652320499,0.004485005652320499,0.0,0.0,1.0,-0.0010617114379593007,105536.11621387734
2011-06-03,151468.5780153283,-0.003381486815591472,-0.003381486815591472,0.0,0.0,1.0,-0.009944619412010414,104486.5997039086
2011-06-06,149399.54318701845,-0.013659828694638332,-0.013659828694638332,0.0,0.0,1.0,-0.01058084502246992,103381.04318551671
2011-06-07,150440.26218410884,0.006966011909337765,0.006966011909337765,0.0,0.0,1.0,-0.0006198981024604366,103316.95747301563
2011-06-08,149651.46467383322,-0.005243260672533851,-0.005243260672533851,0.0,0.0,1.0,-0.004187623685924735,102884.30493474397
2011-06-09,150712.09058635676,0.007087307263147731,0.007087307263147731,0.0,0.0,1.0,0.0076314841924198795,103669.46488150157
2011-06-10,148219.9440735803,-0.0165358101203464,-0.0165358101203464,0.0,0.0,1.0,-0.013910407354945087,102227.38039473072
2011-06-13,147829.43882687794,-0.0026346336125219567,-0.0026346336125219567,0.0,0.0,1.0,0.0007836759447943376,102307.49353364541
2011-06-14,150105.18416100208,0.01539439878946728,0.01539439878946728,0.0,0.0,1.0,0.012685968496459532,103605.36317356497
2011-06-15,146229.1285978731,-0.025822263133640513,-0.025822263133640513,0.0,0.0,1.0,-0.017785200757798547,101762.72098993848
2011-06-16,145975.9095983745,-0.0017316590882170781,-0.0017316590882170781,0.0,0.0,1.0,0.00220450063934452,101987.05697342222
2011-06-17,146250.3516923601,0.0018800505832820744,0.0018800505832820744,0.0,0.0,1.0,0.0029838409914664243,102291.37013461856
2011-06-20,146374.00834429386,0.0008455135355428154,0.0008455135355428154,0.0,0.0,1.0,0.005115921961334147,102814.68480154521
2011-06-21,148521.98193869027,0.01467455608200622,0.01467455608200622,0.0,0.0,1.0,0.0137043256883842,104223.69072761414
2011-06-22,147882.95024974394,-0.004302606796683557,-0.004302606796683557,0.0,0.0,1.0,-0.00602577764538248,103595.66194190843
2011-06-23,146604.03782623354,-0.008648139771018784,-0.008648139771018784,0.0,0.0,1.0,-0.002875516100211306,103297.77094808244
2011-06-24,145307.5313391015,-0.00884359330313115,-0.00884359330313115,0.0,0.0,1.0,-0.011613354881957139,102098.13727554724
2011-06-27,146064.73134971535,0.005211016962684481,0.005211016962684481,0.0,0.0,1.0,0.008910685482718117,103007.90166518101
2011-06-28,148265.48282942755,0.015066960103072919,0.015066960103072919,0.0,0.0,1.0,0.013053370499940042,104352.501970038
2011-06-29,150260.24112208368,0.013453962814467276,0.013453962814467276,0.0,0.0,1.0,0.008564058957133414,105246.18294923379
2011-06-30,150821.99671353426,0.003738551111428956,0.003738551111428956,0.0,0.0,1.0,0.009562045809093256,106252.55177182655
2011-07-01,152486.04171195495,0.01103317178316728,0.011366505116500614,0.6666666666666666,0.0003333333333333333,1.0,0.01477649192618724,107822.59174521973
2011-07-05,153682.87024225938,0.007848774332835113,0.007848774332835113,0.0,0.0,1.0,-0.0008214857654874619,107734.01702090306
2011-07-06,154255.21316298106,0.0037241816203685456,0.0037241816203685456,0.0,0.0,1.0,0.0011957897925072292,107862.84425876244
2011-07-07,156760.4570275692,0.016240902418909776,0.016240902418909776,0.0,0.0,1.0,0.01037547872152289,108981.97290421216
2011-07-08,156324.40689211735,-0.00278163347900399,-0.00278163347900399,0.0,0.0,1.0,-0.007092213675071957,108209.04946564458
2011-07-11,153911.62766625528,-0.015434437103140223,-0.015434437103140223,0.0,0.0,1.0,-0.01808072156145557,106252.55177182649
2011-07-12,154245.46753564687,0.0021690360530491146,0.0021690360530491146,0.0,0.0,1.0,-0.004318889689017835,105793.65872154731
2011-07-13,154900.50055533546,0.004246692172897934,0.004246692172897934,0.0,0.0,1.0,0.0033485079847030974,106147.90963250738
2011-07-14,153309.99606819835,-0.010267910571205277,-0.010267910571205277,0.0,0.0,1.0,-0.006902433832933652,105415.23070976477
2011-07-15,154671.99024654515,0.008883922857456279,0.008883922857456279,0.0,0.0,1.0,0.005805094492963292,106027.1760850325
2011-07-18,153195.45106628494,-0.009546260948130453,-0.009546260948130453,0.0,0.0,1.0,-0.008201594019361158,105157.58423176373
2011-07-19,155523.22121228516,0.015194773276871427,0.015194773276871427,0.0,0.0,1.0,0.01623195252915388,106864.49714709423
2011-07-20,155982.55995632967,0.002953505852463937,0.002953505852463937,0.0,0.0,1.0,-0.0006030591217968118,106800.05153729345
2011-07-21,156620.008301199,0.004086664208151217,0.004086664208151217,0.0,0.0,1.0,0.01387154053942341,108281.53278180552
2011-07-22,157373.7642203517,0.004812641292312699,0.004812641292312699,0.0,0.0,1.0,0.0006691752614325086,108353.9921048131
2011-07-25,156010.09676170722,-0.00866515117942468,-0.00866515117942468,0.0,0.0,1.0,-0.005573026622008093,107750.13242221212
2011-07-26,156139.85620778144,0.0008317374885834137,0.0008317374885834137,0.0,0.0,1.0,-0.0037359501982169308,107347.58329363145
2011-07-27,152771.95055971318,-0.021569801137682993,-0.021569801137682993,0.0,0.0,1.0,-0.02047566146936175,105149.57051855694
2011-07-28,152573.04679378943,-0.0013019652180588093,-0.0013019652180588093,0.0,0.0,1.0,-0.002909462194447321,104843.64181837083
2011-07-29,152101.20264284706,-0.0030925786753153903,-0.0030925786753153903,0.0,0.0,1.0,-0.00683504974943161,104127.03031063067
2011-08-01,151537.31112925545,-0.0037073442142050808,-0.0033740108808717473,0.6666666666666666,0.0003333333333333333,1.0,-0.0042526674988995206,103684.21267307173
2011-08-02,151179.39306957426,-0.0023619137558531875,-0.0023619137558531875,0.0,0.0,1.0,-0.02554745848672013,101035.34455407817
2011-08-03,150755.9986743313,-0.0028006091746123713,-0.0028006091746123713,0.0,0.0,1.0,0.005419210067076685,101582.87631041618
2011-08-04,145556.90697252273,-0.03448679818731348,-0.03448679818731348,0.0,0.0,1.0,-0.04684193176497575,96824.53814979369
2011-08-05,145246.25735028976,-0.002134214230669322,-0.002134214230669322,0.0,0.0,1.0,-0.0014967966437261504,96679.61150606074
2011-08-08,140841.05199435898,-0.030329217676891746,-0.030329217676891746,0.0,0.0,1.0,-0.06512276231759373,90383.56814499425
2011-08-09,144845.2427722832,0.028430565671183773,0.028430565671183773,0.0,0.0,1.0,0.04649872535321564,94586.288856612
2011-08-10,144398.1900123519,-0.0030864165876275766,-0.0030864165876275766,0.0,0.0,1.0,-0.044177730652610325,90407.68126407459
2011-08-11,146790.0730469312,0.016564494571398115,0.016564494571398115,0.0,0.0,1.0,0.04488435035343108,94465.57130457264
2011-08-12,146801.8277099534,8.007805145245506e-05,8.007805145245506e-05,0.0,0.0,1.0,0.0067325534988331714,95101.56581717852
2011-08-15,149306.5229903635,0.017061744526497558,0.017061744526497558,0.0,0.0,1.0,0.02116534668652692,97114.42342813066
2011-08-16,149005.19247175465,-0.0020182006289725107,-0.0020182006289725107,0.0,0.0,1.0,-0.008539486922544137,96285.11607927573
2011-08-17,149589.36335288323,0.003920473316655126,0.003920473316655126,0.0,0.0,1.0,0.0006689883291688403,96349.52969820543
2011-08-18,146470.08815707098,-0.020852252632788115,-0.020852252632788115,0.0,0.0,1.0,-0.043118741661913096,92195.05921790168
2011-08-19,147094.00523852743,0.004259689396700517,0.004259689396700517,0.0,0.0,1.0,-0.016330184995737684,90689.49684518036
2011-08-22,148269.75824525484,0.007993208185614331,0.007993208185614331,0.0,0.0,1.0,0.0007989825230951819,90761.95616818796
2011-08-23,149311.2923906191,0.007024589219613277,0.007024589219613277,0.0,0.0,1.0,0.032910480890748106,93748.97579226801
2011-08-24,147855.0757302429,-0.00975289033441969,-0.00975289033441969,0.0,0.0,1.0,0.014084326810024805,95069.36700543143
2011-08-25,147067.99456851717,-0.005323328657054427,-0.005323328657054427,0.0,0.0,1.0,-0.015243968610578418,93620.13255897307
2011-08-26,150243.1656826166,0.02158981716868502,0.02158981716868502,0.0,0.0,1.0,0.014533836739491823,94980.79228111477
2011-08-29,151771.65931560376,0.010173465302348899,0.010173465302348899,0.0,0.0,1.0,0.028736306296057723,97710.18942034712
2011-08-30,154262.12354068947,0.01640928376428219,0.01640928376428219,0.0,0.0,1.0,0.0026364342443752076,97967.7959097593
2011-08-31,153845.37896580482,-0.0027015353174152006,-0.0027015353174152006,0.0,0.0,1.0,0.004437906655382351,98402.56784324037
2011-09-01,153014.60968917736,-0.005400027496517171,-0.005066694163183838,0.6666666666666666,0.0003333333333333333,1.0,-0.010472591829325362,97372.03791526062
2011-09-02,153085.42807790736,0.00046282109188019137,0.00046282109188019137,0.0,0.0,1.0,-0.02555010777021527,94884.17185272022
2011-09-06,152829.02170239514,-0.0016749234641831496,-0.0016749234641831496,0.0,0.0,1.0,-0.007297175146195545,94191.7854321092
2011-09-07,152961.78860335873,0.0008687283310766869,0.0008687283310766869,0.0,0.0,1.0,0.028207574669069757,96848.70725289841
2011-09-08,153750.0577820052,0.005153373177993397,0.005153373177993397,0.0,0.0,1.0,-0.010391721636398676,95842.28244628123
2011-09-09,151487.63308691472,-0.014714951836299523,-0.014714951836299523,0.0,0.0,1.0,-0.026209425733479397,93330.31126237827
2011-09-12,150886.46002194504,-0.0039684629875018276,-0.0039684629875018276,0.0,0.0,1.0,0.006469877591537276,93934.14695182593
2011-09-13,151936.25510661653,0.006957516827678237,0.006957516827678237,0.0,0.0,1.0,0.009171214016648,94795.63711699238
2011-09-14,152039.34167841292,0.0006784856696914199,0.0006784856696914199,0.0,0.0,1.0,0.013844112919473517,96107.99862151346
2011-09-15,152196.1774648243,0.001031547392142099,0.001031547392142099,0.0,0.0,1.0,0.017256823041629232,97766.51734661005
2011-09-16,152908.80092544697,0.004682269111439208,0.004682269111439208,0.0,0.0,1.0,0.005918783747325573,98345.1762205138
2011-09-19,151277.43042126426,-0.01066891175857243,-0.01066891175857243,0.0,0.0,1.0,-0.009956935443012793,97365.95964975441
2011-09-20,151684.91663659812,0.0026936352250242677,0.0026936352250242677,0.0,0.0,1.0,-0.0011638529883397641,97252.63998665349
2011-09-21,149429.10105937536,-0.01487171979417819,-0.01487171979417819,0.0,0.0,1.0,-0.02945826945269714,94387.7455129405
2011-09-22,144747.58814892042,-0.03132932526037713,-0.03132932526037713,0.0,0.0,1.0,-0.03232438006462557,91336.72015353706
2011-09-23,141763.98242500055,-0.020612472802311894,-0.020612472802311894,0.0,0.0,1.0,0.006025298003178081,91887.051111095
2011-09-26,141817.46448062957,0.00037726123881505957,0.00037726123881505957,0.0,0.0,1.0,0.023780156580651468,94072.13957425115
2011-09-27,144022.83423416156,0.015550762817602221,0.015550762817602221,0.0,0.0,1.0,0.011183542640587962,95124.19935847115
2011-09-28,140699.92502736943,-0.02307209981293338,-0.02307209981293338,0.0,0.0,1.0,-0.020418587045917036,93181.89761369703
2011-09-29,141136.75172375847,0.003104669006071129,0.003104669006071129,0.0,0.0,1.0,0.007903314556502616,93918.3434615099
2011-09-30,138407.59694462197,-0.019336953315165974,-0.019336953315165974,0.0,0.0,1.0,-0.024988540120817748,91571.46116784122
2011-10-03,136798.4025766353,-0.011626488744187332,-0.011293155410854,0.6666666666666666,0.0003333333333333333,1.0,-0.02845821536443882,88965.50080469044
2011-10-04,137565.71755851354,0.005609093143089994,0.005609093143089994,0.0,0.0,1.0,0.021922604031100246,90915.85625126021
2011-10-05,138349.35310152994,0.005696444993158097,0.005696444993158097,0.0,0.0,1.0,0.01851592996839746,92599.24787862544
2011-10-06,140872.46828348254,0.018237274879781957,0.018237274879781957,0.0,0.0,1.0,0.01809096726445336,94274.45784071065
2011-10-07,138967.86199383976,-0.013520074666471094,-0.013520074666471094,0.0,0.0,1.0,-0.0066958949478564955,93643.20597474312
2011-10-10,143507.24019426666,0.03266494954515549,0.03266494954515549,0.0,0.0,1.0,0.03344561127451695,96775.16024027391
2011-10-11,142569.79182503332,-0.006532411660654361,-0.006532411660654361,0.0,0.0,1.0,0.0010035249402351454,96872.27652717028
2011-10-12,143774.97615199976,0.008453293727506287,0.008453293727506287,0.0,0.0,1.0,0.008772184744837874,97722.05803351963
2011-10-13,143286.6598628582,-0.0033963927674402665,-0.0033963927674402665,0.0,0.0,1.0,-0.0019878476861326932,97527.80146657357
2011-10-14,145802.6716901133,0.017559288699054022,0.017559288699054022,0.0,0.0,1.0,0.01709400027258301,99194.94173142759
2011-10-17,143819.36918061727,-0.013602648610659924,-0.013602648610659924,0.0,0.0,1.0,-0.01909060666911444,97301.25011526719
2011-10-18,145541.90839102742,0.011977101695160863,0.011977101695160863,0.0,0.0,1.0,0.01954549710026865,99203.05141724765
2011-10-19,143442.95437418285,-0.014421646933509186,-0.014421646933509186,0.0,0.0,1.0,-0.01182924430341381,98029.55428638891
2011-10-20,143014.40673116926,-0.0029875823799312418,-0.0029875823799312418,0.0,0.0,1.0,0.0043757986638210955,98458.51187905027
2011-10-21,145361.1853357146,0.01640938600652079,0.01640938600652079,0.0,0.0,1.0,0.018987190623927175,100327.96241264598
2011-10-24,147786.80423376098,0.016686840386203196,0.016686840386203196,0.0,0.0,1.0,0.012261157692560865,101558.09938076077
2011-10-25,148543.80543472734,0.005122251644124906,0.005122251644124906,0.0,0.0,1.0,-0.01944420491267196,99583.38288585976
2011-10-26,149164.08381421556,0.004175727003040697,0.004175727003040697,0.0,0.0,1.0,0.01015895707135095,100595.0461976171
2011-10-27,153481.56295989724,0.028944495452800197,0.028944495452800197,0.0,0.0,1.0,0.034834717751331734,104099.24623909326
2011-10-28,153390.14117473995,-0.0005956532067710185,-0.0005956532067710185,0.0,0.0,1.0,-0.00023317242259390802,104074.97316565749
2011-10-31,151347.90715883652,-0.013313984851066347,-0.013313984851066347,0.0,0.0,1.0,-0.02410566165560757,101566.1770757097
2011-11-01,152397.70031969095,0.006936291228346492,0.007269624561679825,0.6666666666666666,0.0003333333333333333,1.0,-0.027888572644602316,98733.64136809923
2011-11-02,152589.20333369166,0.0012566004185036173,0.0012566004185036173,0.0,0.0,1.0,0.016311486212444715,100344.13379797943
2011-11-03,153318.4057188782,0.004778859639183638,0.004778859639183638,0.0,0.0,1.0,0.018227493736149736,102173.15586824148
2011-11-04,153285.86770586364,-0.00021222509366702907,-0.00021222509366702907,0.0,0.0,1.0,-0.006099118383936397,101549.98969494068
2011-11-07,155594.06623296704,0.015058130026262587,0.015058130026262587,0.0,0.0,1.0,0.006216089929167223,102181.23356319044
2011-11-08,154756.2396236782,-0.005384695120920324,-0.005384695120920324,0.0,0.0,1.0,0.012830632720790325,103492.28344199703
2011-11-09,154253.41534258568,-0.0032491373680004383,-0.0032491373680004383,0.0,0.0,1.0,-0.03690963071977027,99672.42147780713
2011-11-10,153154.1081582537,-0.00712663108230375,-0.00712663108230375,0.0,0.0,1.0,0.009418574346557351,100611.19358979724
2011-11-11,154178.19228625557,0.006686625258159514,0.006686625258159514,0.0,0.0,1.0,0.018822513980140565,102504.94918769984
2011-11-14,154232.54575221852,0.0003525366665478131,0.0003525366665478131,0.0,0.0,1.0,-0.009474146187320898,101533.80231417165
2011-11-15,154579.2266505246,0.0022477804319135744,0.0022477804319135744,0.0,0.0,1.0,0.004942125646506534,102035.59512257585
2011-11-16,154370.6072108151,-0.0013495955713450263,-0.0013495955713450263,0.0,0.0,1.0,-0.01586319079605103,100416.98500915781
2011-11-17,152264.91623696234,-0.013640491618829593,-0.013640491618829593,0.0,0.0,1.0,-0.015876846421606805,98822.67996004662
2011-11-18,152335.83020488374,0.0004657275600575458,0.0004657275600575458,0.0,0.0,1.0,-0.001064957641247144,98717.43799189465
2011-11-21,151017.68576415366,-0.008652885135146874,-0.008652885135146874,0.0,0.0,1.0,-0.01901921551791952,96839.90976334995
2011-11-22,152471.31160233982,0.009625533796460731,0.009625533796460731,0.0,0.0,1.0,-0.003927837790540067,96459.53830614897
2011-11-23,152057.8265324777,-0.0027118876693377567,-0.0027118876693377567,0.0,0.0,1.0,-0.022065548600380236,94331.1056756844
2011-11-25,150466.9626831222,-0.010462229308635532,-0.010462229308635532,0.0,0.0,1.0,-0.0018874494446809997,94153.06048266069
2011-11-28,152054.77297753168,0.010552550979269399,0.010552550979269399,0.0,0.0,1.0,0.028966596789073762,96880.35422211919
2011-11-29,152373.01548323128,0.002092946505182214,0.002092946505182214,0.0,0.0,1.0,0.002840467247286149,97155.53969519261
2011-11-30,153163.9255718156,0.0051906178142897925,0.0051906178142897925,0.0,0.0,1.0,0.04114922503529006,101153.41486153514
2011-12-01,152286.7609823068,-0.0057269659695260424,-0.005393632636192709,0.6666666666666666,0.0003333333333333333,1.0,-0.0001599489554890976,101137.2354784839
2011-12-02,153009.40029472415,0.00474525367639363,0.00474525367639363,0.0,0.0,1.0,-0.0008800576825659379,101048.22887740759
2011-12-05,152587.92397621437,-0.0027545779389890335,-0.0027545779389890335,0.0,0.0,1.0,0.010892283139526171,102148.87479708796
2011-12-06,152282.00688783557,-0.0020048577921966495,-0.0020048577921966495,0.0,0.0,1.0,0.00031678044586191945,102181.23356319049
2011-12-07,153386.9357386635,0.007255806995253374,0.007255806995253374,0.0,0.0,1.0,0.003722596035048875,102561.61301810922
2011-12-08,151833.2177685985,-0.0101294022374383,-0.0101294022374383,0.0,0.0,1.0,-0.02193645283089496,100311.77503187695
2011-12-09,152031.4641093857,0.0013056849067729272,0.0013056849067729272,0.0,0.0,1.0,0.016942248585813946,102011.28206055125
2011-12-12,150353.4246691191,-0.011037448399886997,-0.011037448399886997,0.0,0.0,1.0,-0.014597356701648079,100522.18698872095
2011-12-13,149136.65034900972,-0.008092760925047774,-0.008092760925047774,0.0,0.0,1.0,-0.009339272562449819,99583.38288585974
2011-12-14,148622.19845714764,-0.0034495336368235057,-0.0034495336368235057,0.0,0.0,1.0,-0.010645967646403354,98523.22141353748
2011-12-15,149085.5818052577,0.003117860944868804,0.003117860944868804,0.0,0.0,1.0,0.003614441107119948,98879.32779502045
2011-12-16,151162.050404113,0.01392803095853819,0.01392803095853819,0.0,0.0,1.0,0.0014822731823165292,99025.89397089649
2011-12-19,151247.10739944663,0.000562687494025512,0.000562687494025512,0.0,0.0,1.0,-0.010691444816972484,97967.16409005527
2011-12-20,152205.16428984102,0.006334381575074747,0.006334381575074747,0.0,0.0,1.0,0.030260037438599063,100931.65414317373
2011-12-21,151540.11870051094,-0.0043694022632745355,-0.0043694022632745355,0.0,0.0,1.0,0.0019366790498647202,101127.126363221
2011-12-22,152118.2738471812,0.003815195287083517,0.003815195287083517,0.0,0.0,1.0,0.008859031018866759,102023.01471252165
2011-12-23,151862.6942005775,-0.0016801376990409622,-0.0016801376990409622,0.0,0.0,1.0,0.00894068568565265,102935.17041976901
2011-12-27,151876.00354809215,8.764066504070777e-05,8.764066504070777e-05,0.0,0.0,1.0,0.0007912626699924097,103016.61917755147
2011-12-28,150937.6250659813,-0.006178582924153074,-0.006178582924153074,0.0,0.0,1.0,-0.013123845564296244,101664.64497690937
2011-12-29,151243.8813643698,0.0020290255544609024,0.0020290255544609024,0.0,0.0,1.0,0.010333938628384054,102715.2411787772
2011-12-30,151743.5281821633,0.0033035836774764444,0.0033035836774764444,0.0,0.0,1.0,-0.004915569635263961,102210.33725815998
2012-01-03,153210.97545648817,0.009670575687176886,0.010003909020510219,0.6666666666666666,0.0003333333333333333,1.0,0.015935992803721044,103839.16045717192
2012-01-04,153077.90975855154,-0.0008685128303645242,-0.0008685128303645242,0.0,0.0,1.0,0.0015686713676230646,104002.0499750191
2012-01-05,153755.20562580944,0.004424517347579463,0.004424517347579463,0.0,0.0,1.0,0.0026624185267787315,104278.94695969555
2012-01-06,154149.363028554,0.002563538588110314,0.002563538588110314,0.0,0.0,1.0,-0.002577042851572564,104010.21564486355
2012-01-09,153660.79598155452,-0.0031694392853831577,-0.0031694392853831577,0.0,0.0,1.0,0.0024274534069121945,104262.69559718436
2012-01-10,154648.088763354,0.006425144263329,0.006425144263329,0.0,0.0,1.0,0.008670464806809441,105166.70163002281
2012-01-11,155760.33233319176,0.00719209386117751,0.00719209386117751,0.0,0.0,1.0,0.0005418420301956939,105223.68536914302
2012-01-12,156122.89712953655,0.0023277094425377953,0.0023277094425377953,0.0,0.0,1.0,0.0023996113315225553,105476.18131689937
2012-01-13,156089.6933532347,-0.00021267717235802942,-0.00021267717235802942,0.0,0.0,1.0,-0.005173758377226445,104930.47304021321
2012-01-17,157209.8307704709,0.007176242025802951,0.007176242025802951,0.0,0.0,1.0,0.0038810059594276414,105337.70883140786
2012-01-18,157630.85238649268,0.0026780870760970315,0.0026780870760970315,0.0,0.0,1.0,0.011055904686146478,106502.31250010496
2012-01-19,157111.43302592222,-0.003295163051563706,-0.003295163051563706,0.0,0.0,1.0,0.005276877230113275,107064.31212789116
2012-01-20,156715.72172236376,-0.0025186665027311745,-0.0025186665027311745,0.0,0.0,1.0,0.003727162863757849,107463.35825608802
2012-01-23,156754.08607603138,0.00024480220137464625,0.00024480220137464625,0.0,0.0,1.0,-0.0025767385915332897,107186.45327369378
2012-01-24,156383.9949667637,-0.0023609662659010615,-0.0023609662659010615,0.0,0.0,1.0,-0.0011395203598234538,107064.31212789114
2012-01-25,158332.78151940103,0.012461547315321564,0.012461547315321564,0.0,0.0,1.0,0.008367460086601275,107960.16848632069
2012-01-26,159118.55677995767,0.0049628084153903185,0.0049628084153903185,0.0,0.0,1.0,-0.005129984194234938,107406.33452837891
2012-01-27,159982.87426490514,0.005431908775685482,0.005431908775685482,0.0,0.0,1.0,-0.0004545175988931449,107357.51645910316
2012-01-30,160358.10247575166,0.00234542736258884,0.00234542736258884,0.0,0.0,1.0,-0.0034143058910260926,106990.9650582109
2012-01-31,161453.46592826524,0.00683073343724061,0.00683073343724061,0.0,0.0,1.0,-0.0003802600554191349,106950.28066790852
2012-02-01,161394.71549911817,-0.00036388459553530545,-3.055126220197213e-05,0.6666666666666666,0.0003333333333333333,1.0,0.008757085383545471,107886.85340751156
2012-02-02,161965.74918131944,0.003538118831433401,0.003538118831433401,0.0,0.0,1.0,0.001585282999146287,108057.88460204987
2012-02-03,160481.41274256134,-0.00916450821399517,-0.00916450821399517,0.0,0.0,1.0,0.014018558088207511,109572.70033423255
2012-02-06,160697.97648887688,0.0013494631098678693,0.0013494631098678693,0.0,0.0,1.0,-0.0006685889328386097,109499.44123944784
2012-02-07,160705.34069946656,4.582640522665638e-05,4.582640522665638e-05,0.0,0.0,1.0,0.002528606412113499,109776.32222868876
2012-02-08,160461.63053621087,-0.001516503198928857,-0.001516503198928857,0.0,0.0,1.0,0.0029675892884983845,110102.09326666535
2012-02-09,159519.2193136479,-0.00587312505434312,-0.00587312505434312,0.0,0.0,1.0,0.0012575282262858867,110240.54975672135
2012-02-10,159438.78216070245,-0.0005042474085037441,-0.0005042474085037441,0.0,0.0,1.0,-0.007387622795442361,109426.1341583565
2012-02-13,160164.33647791072,0.004550676487712716,0.004550676487712716,0.0,0.0,1.0,0.00744260596089652,110240.54975672133
2012-02-14,159777.3186577004,-0.0024163795057063524,-0.0024163795057063524,0.0,0.0,1.0,-0.0012559488351748804,110102.09326666534
2012-02-15,159680.11144824518,-0.0006083917934778249,-0.0006083917934778249,0.0,0.0,1.0,-0.0046601619314564635,109588.99968305037
2012-02-16,159780.8567137157,0.0006309193083395099,0.0006309193083395099,0.0,0.0,1.0,0.011073280314429335,110802.50939591869
2012-02-17,159603.78956691208,-0.0011081874915772245,-0.0011081874915772245,0.0,0.0,1.0,0.0026456832862888913,111095.65774310635
2012-02-21,159354.14828743323,-0.0015641312788139405,-0.0015641312788139405,0.0,0.0,1.0,0.00044014363339495155,111144.55578955979
2012-02-22,160168.55387231734,0.0051106644768050815,0.0051106644768050815,0.0,0.0,1.0,-0.0032242851244373982,110786.19405166533
2012-02-23,160859.96974950735,0.00431680164722703,0.00431680164722703,0.0,0.0,1.0,0.0044110599985880405,111274.87860064242
2012-02-24,161033.82557251758,0.0010807898526959958,0.0010807898526959958,0.0,0.0,1.0,0.0021956643158513867,111519.20088083655
2012-02-27,161256.77849710663,0.001384509892852437,0.001384509892852437,0.0,0.0,1.0,0.0016797335719660467,111706.52342647492
2012-02-28,161326.1519633018,0.0004302049615631336,0.0004302049615631336,0.0,0.0,1.0,0.002916025287636126,112032.26247358043
2012-02-29,157927.25384556185,-0.02106848813026359,-0.02106848813026359,0.0,0.0,1.0,-0.0039251774821426055,111592.51595964564
2012-03-01,158494.40966324596,0.0035912472602020276,0.0035912472602020276,0.0,0.0,1.0,0.005181807985282116,112170.76694994306
2012-03-02,158827.4699059663,0.002101400569446188,0.002101400569446188,0.0,0.0,1.0,-0.003049978014804222,111828.64857684201
2012-03-05,158723.35925492406,-0.0006554952433852623,-0.0006554952433852623,0.0,0.0,1.0,-0.0040780056885108,111372.61071180717
2012-03-06,157721.99384611088,-0.006308872326756106,-0.006308872326756106,0.0,0.0,1.0,-0.014624845311305146,109743.80350823079
2012-03-07,157984.7958045818,0.001666235330041251,0.001666235330041251,0.0,0.0,1.0,0.006975351063155388,110509.30506470664
2012-03-08,157714.35914318523,-0.0017117891631235336,-0.0017117891631235336,0.0,0.0,1.0,0.009949191629084808,111608.7833175924
2012-03-09,158426.90044580348,0.004517922822558991,0.004517922822558991,0.0,0.0,1.0,0.0038672658176996944,112040.40415027158
2012-03-12,158389.18556826672,-0.00023805854580642282,-0.00023805854580642282,0.0,0.0,1.0,7.295285682173969e-05,112048.57781783382
2012-03-13,157641.7267599209,-0.004719127796914488,-0.004719127796914488,0.0,0.0,1.0,0.018025749908869182,114068.33745922256
2012-03-14,155292.28041683728,-0.014903708500108396,-0.014903708500108396,0.0,0.0,1.0,-0.001070841797480182,113946.18831570215
2012-03-15,155787.2933554736,0.003187621028602298,0.003187621028602298,0.0,0.0,1.0,0.005789151629588707,114605.84007747543
2012-03-16,156258.50186324707,0.0030246915369297094,0.0030246915369297094,0.0,0.0,1.0,0.0013850838859224002,114764.57877979933
2012-03-19,156093.17193613734,-0.0010580539627497538,-0.0010580539627497538,0.0,0.0,1.0,0.003920021553114994,115214.4584021503
2012-03-20,155757.46200387576,-0.0021507022254563615,-0.0021507022254563615,0.0,0.0,1.0,-0.002910817825758638,114879.0901028482
2012-03-21,156296.9211557789,0.0034634562284388366,0.0034634562284388366,0.0,0.0,1.0,-0.0016376375802145127,114690.95978771494
2012-03-22,155542.08227770895,-0.004829518537461089,-0.004829518537461089,0.0,0.0,1.0,-0.007203603845092554,113864.7715487908
2012-03-23,156992.15355077825,0.009322694230621782,0.009322694230621782,0.0,0.0,1.0,0.003232246210936207,114232.8105251885
2012-03-26,158267.1898676353,0.008121656324974375,0.008121656324974375,0.0,0.0,1.0,0.014035883895850532,115836.16899081675
2012-03-27,158282.68943989475,9.793294663555171e-05,9.793294663555171e-05,0.0,0.0,1.0,-0.0031074342916114217,115476.2157070858
2012-03-28,157565.62461788257,-0.0045302794926572,-0.0045302794926572,0.0,0.0,1.0,-0.004958498186048765,114903.62710097044
2012-03-29,157909.889886005,0.0021849008561183325,0.0021849008561183325,0.0,0.0,1.0,-0.0017089796849067973,114707.25913653277
2012-03-30,157727.50455899918,-0.001154996226882865,-0.001154996226882865,0.0,0.0,1.0,0.004136447909112606,115181.73973874812
2012-04-02,158776.93370307624,0.006653431479888172,0.006986764813221505,0.6666666666666666,0.0003333333333333333,1.0,0.007314766891365121,116024.26731507895
2012-04-03,156853.63201316958,-0.012113231091257688,-0.012113231091257688,0.0,0.0,1.0,-0.004089356629948249,115549.80270829916
2012-04-04,155983.28090340813,-0.005548810687968975,-0.005548810687968975,0.0,0.0,1.0,-0.009910265522606987,114404.67348237506
2012-04-05,157047.2562823709,0.006821086034352719,0.006821086034352719,0.0,0.0,1.0,-0.0005010253648023433,114347.35383910846
2012-04-09,158227.55162929883,0.00751554261352901,0.00751554261352901,0.0,0.0,1.0,-0.011230566355036387,113063.16829429552
2012-04-10,158550.50346401395,0.0020410594197383114,0.0020410594197383114,0.0,0.0,1.0,-0.016785257958075617,111165.37384891845
2012-04-11,158163.26322611203,-0.002442377850851773,-0.002442377850851773,0.0,0.0,1.0,0.008094168214608732,112065.16508449147
2012-04-12,159080.56087819982,0.005799688457213939,0.005799688457213939,0.0,0.0,1.0,0.013065810133396472,113529.38725405317
2012-04-13,158530.6838112646,-0.0034565949723814513,-0.0034565949723814513,0.0,0.0,1.0,-0.011888647328752833,112179.67640754032
2012-04-16,157734.8658472073,-0.005019961719238871,-0.005019961719238871,0.0,0.0,1.0,-0.0006559744471538176,112106.08940632698
2012-04-17,158702.9233975722,0.00613724521313271,0.00613724521313271,0.0,0.0,1.0,0.014812024603952478,113766.60756086638
2012-04-18,158412.23760684766,-0.0018316347582100208,-0.0018316347582100208,0.0,0.0,1.0,-0.003379219120521526,113382.16526531984
2012-04-19,157907.11746567595,-0.003188643433124897,-0.003188643433124897,0.0,0.0,1.0,-0.006420976784983101,112654.14101432009
2012-04-20,157808.58856190508,-0.0006239674648757336,-0.0006239674648757336,0.0,0.0,1.0,0.0016699103621196087,112842.2633317356
2012-04-23,157555.0284920879,-0.0016067570981264838,-0.0016067570981264838,0.0,0.0,1.0,-0.008409058757523735,111893.36610904706
2012-04-24,156978.84105961374,-0.0036570551761418986,-0.0036570551761418986,0.0,0.0,1.0,0.003801535624261332,112318.73272642911
2012-04-25,158206.2137581131,0.007818714230622081,0.007818714230622081,0.0,0.0,1.0,0.013692045086218574,113856.60587894633
2012-04-26,159298.45315196432,0.006903896932399863,0.006903896932399863,0.0,0.0,1.0,0.006968814644028765,114650.05146131496
2012-04-27,159776.97247757248,0.00300391696303337,0.00300391696303337,0.0,0.0,1.0,0.001640630090128381,114838.14978557716
2012-04-30,159575.4303180283,-0.001261396785901018,-0.001261396785901018,0.0,0.0,1.0,-0.003703635350008505,114412.83115450172
2012-05-01,159910.79166063917,0.0021015850744848796,0.002434918407818213,0.6666666666666666,0.0003333333333333333,1.0,0.006220114590807846,115124.49207494146
2012-05-02,160357.11860862153,0.0027910996083962223,0.0027910996083962223,0.0,0.0,1.0,-0.0029842994642182985,114780.92611492382
2012-05-03,159591.44587248826,-0.004774797294792983,-0.004774797294792983,0.0,0.0,1.0,-0.007625641822472717,113905.6478843197
2012-05-04,158217.54249973386,-0.008608878535082224,-0.008608878535082224,0.0,0.0,1.0,-0.01615795910047757,112065.16508449144
2012-05-07,158647.0528549844,0.0027146822562437536,0.0027146822562437536,0.0,0.0,1.0,0.0007301524113763058,112146.98973500916
2012-05-08,158636.47176713657,-6.669577314810638e-05,-6.669577314810638e-05,0.0,0.0,1.0,-0.004011731537042151,111697.08611950488
2012-05-09,158338.9191294591,-0.0018756887011092127,-0.0018756887011092127,0.0,0.0,1.0,-0.005931640283772466,111034.53918389842
2012-05-10,158117.18147312402,-0.0014003989515287696,-0.0014003989515287696,0.0,0.0,1.0,0.002062481209408995,111263.5458345606
2012-05-11,158657.48755757752,0.0034171244353058037,0.0034171244353058037,0.0,0.0,1.0,-0.0030144670265309648,110928.14554438739
2012-05-14,158232.93320770463,-0.0026759175151996146,-0.0026759175151996146,0.0,0.0,1.0,-0.011060870693710645,109701.18367022781
2012-05-15,157995.1021690022,-0.0015030438599671716,-0.0015030438599671716,0.0,0.0,1.0,-0.005741672420659927,109071.31540943471
2012-05-16,157208.81371703502,-0.004976663460909858,-0.004976663460909858,0.0,0.0,1.0,-0.003824589074268192,108654.16244820372
2012-05-17,155499.2779480157,-0.010874299783829956,-0.010874299783829956,0.0,0.0,1.0,-0.014830947310124243,107042.71828990872
2012-05-18,154210.245030573,-0.008289639247544592,-0.008289639247544592,0.0,0.0,1.0,-0.008558924663023215,106126.54772834019
2012-05-21,156658.58531531208,0.015876638314488933,0.015876638314488933,0.0,0.0,1.0,0.01718800350033045,107950.65120217288
2012-05-22,156119.0758657306,-0.0034438549824484426,-0.0034438549824484426,0.0,0.0,1.0,0.0017429659403740416,108138.80551045947
2012-05-23,156654.8540204201,0.003431855791602804,0.003431855791602804,0.0,0.0,1.0,0.0005293166113560233,108196.04517654834
2012-05-24,156347.15482612845,-0.001964185509703749,-0.001964185509703749,0.0,0.0,1.0,0.0019660912460597313,108408.76847382826
2012-05-25,156268.044815569,-0.0005059894479525113,-0.0005059894479525113,0.0,0.0,1.0,-0.0032445680596840942,108057.02884624839
2012-05-29,157510.32495038127,0.007949674780140858,0.007949674780140858,0.0,0.0,1.0,0.012111924054674539,109365.80737320794
2012-05-30,157151.89748516923,-0.0022755807616099038,-0.0022755807616099038,0.0,0.0,1.0,-0.014510011863577699,107778.90821075294
2012-05-31,157928.08775808715,0.00493910850164007,0.00493910850164007,0.0,0.0,1.0,-0.002201286890199383,107541.6559130686
2012-06-01,156489.91766110304,-0.00910648711954935,-0.00910648711954935,0.0,0.0,1.0,-0.02517650819247741,104834.13253194063
2012-06-04,156115.76956471225,-0.002390876690222754,-0.002390876690222754,0.0,0.0,1.0,-0.00046856859845811893,104785.01054938955
2012-06-05,156707.3010816062,0.0037890567912729116,0.0037890567912729116,0.0,0.0,1.0,0.00757235764315678,105578.48012491148
2012-06-06,158017.5571001988,0.008361167664487468,0.008361167664487468,0.0,0.0,1.0,0.022468320006641784,107950.65120217287
2012-06-07,157511.83155038496,-0.003200438983455493,-0.003200438983455493,0.0,0.0,1.0,0.0006062522439038709,108016.09652669507
2012-06-08,158749.92554991238,0.00786032380768431,0.00786032380768431,0.0,0.0,1.0,0.007951656558095266,108875.00342902141
2012-06-11,156909.42627778588,-0.011593701639550313,-0.011593701639550313,0.0,0.0,1.0,-0.012697106548843262,107492.60590997744
2012-06-12,157562.01126568567,0.004158991613062731,0.004158991613062731,0.0,0.0,1.0,0.011490423283218254,108727.74145169926
2012-06-13,157451.65891320998,-0.0007003741040700526,-0.0007003741040700526,0.0,0.0,1.0,-0.006394408586901212,108032.49184812613
2012-06-14,158343.7968629676,0.005666107019230611,0.005666107019230611,0.0,0.0,1.0,0.01060022956910811,109177.66106263906
2012-06-15,159618.24326117654,0.008048603251012532,0.008048603251012532,0.0,0.0,1.0,0.010227013174467503,110294.22244068423
2012-06-18,160845.07556148735,0.007686040613186007,0.007686040613186007,0.0,0.0,1.0,0.0019386236185630068,110508.04142529877
2012-06-19,160918.05468834433,0.0004537231034410878,0.0004537231034410878,0.0,0.0,1.0,0.009672698581727923,111576.95240086278
2012-06-20,161200.0635893578,0.001752500063213184,0.001752500063213184,0.0,0.0,1.0,-0.0016216643577685597,111396.01203400586
2012-06-21,159274.0284757433,-0.011948103932023835,-0.011948103932023835,0.0,0.0,1.0,-0.02243835021421947,108896.46930351944
2012-06-22,159133.23357889347,-0.0008839790027116804,-0.0008839790027116804,0.0,0.0,1.0,0.007701633298553112,109735.1499776023
2012-06-25,158613.5302314106,-0.003265837913267843,-0.003265837913267843,0.0,0.0,1.0,-0.01603498861000019,107975.54809759477
2012-06-26,158914.2227626874,0.001895755871760015,0.001895755871760015,0.0,0.0,1.0,0.00502607439043401,108518.24123468116
2012-06-27,159530.75505902947,0.003879654606263753,0.003879654606263753,0.0,0.0,1.0,0.00901615053699878,109496.65803366339
2012-06-28,159650.59829358725,0.0007512233895805571,0.0007512233895805571,0.0,0.0,1.0,-0.0028531907266298173,109184.2431843648
2012-06-29,161994.95946458925,0.014684324368712143,0.014684324368712143,0.0,0.0,1.0,0.024926301602155032,111905.8025601813
2012-07-02,163306.20499643983,0.008094360072587273,0.008094360072587273,0.0,0.0,1.0,0.0030127463003182253,112242.94635282863
2012-07-03,163665.55542460305,0.0022004701423994724,0.0022004701423994724,0.0,0.0,1.0,0.006592671193267563,112982.9271918964
2012-07-05,163641.83396755427,-0.00014493860352748932,-0.00014493860352748932,0.0,0.0,1.0,-0.004511889943834779,112473.16065887427
2012-07-06,163600.27916112202,-0.00025393755022614273,-0.00025393755022614273,0.0,0.0,1.0,-0.009503555993863988,111404.2656787458
2012-07-09,164036.5078502614,0.0026664299802921323,0.0026664299802921323,0.0,0.0,1.0,-0.0012546029087748822,111264.49756297532
2012-07-10,163024.16800426392,-0.006171430124089161,-0.006171430124089161,0.0,0.0,1.0,-0.008720437727604224,110294.22244068421
2012-07-11,162849.62085073406,-0.0010706826826148246,-0.0010706826826148246,0.0,0.0,1.0,0.0001493033862212112,110310.68974157523
2012-07-12,162890.77973368517,0.00025274165660379077,0.00025274165660379077,0.0,0.0,1.0,-0.0048448567731603775,109776.25024922877
2012-07-13,164241.65796377833,0.008293153438775236,0.008293153438775236,0.0,0.0,1.0,0.01677785875174953,111618.06067020704
2012-07-16,164447.09775903088,0.0012508385375519975,0.0012508385375519975,0.0,0.0,1.0,-0.002357440281726353,111354.9277578149
2012-07-17,164827.1322317884,0.002310983154682219,0.002310983154682219,0.0,0.0,1.0,0.006867175098385081,112119.62154479584
2012-07-18,165275.22299041934,0.0027185497470211626,0.0027185497470211626,0.0,0.0,1.0,0.007406616414693534,112950.04857413875
2012-07-19,165166.8632192746,-0.0006556322792016602,-0.0006556322792016602,0.0,0.0,1.0,0.0026207295515721096,113246.06010428851
2012-07-20,164822.0118466069,-0.002087896845324511,-0.002087896845324511,0.0,0.0,1.0,-0.009148294993212125,112210.05173963546
2012-07-23,164064.0445227635,-0.004598702050481296,-0.004598702050481296,0.0,0.0,1.0,-0.010112001496194734,111075.38352855617
2012-07-24,163880.36267569874,-0.0011195740517006372,-0.0011195740517006372,0.0,0.0,1.0,-0.008587247545340904,110121.55171400278
2012-07-25,163631.7659509269,-0.0015169402893242532,-0.0015169402893242532,0.0,0.0,1.0,0.00022448780684780623,110146.27265963373
2012-07-26,164340.60905266882,0.004331940669481799,0.004331940669481799,0.0,0.0,1.0,0.01649713085326221,111963.3701326988
2012-07-27,165127.6349247929,0.00478899206143176,0.00478899206143176,0.0,0.0,1.0,0.018432770226470163,114027.16520813605
2012-07-30,165752.9923463606,0.003787115474962799,0.003787115474962799,0.0,0.0,1.0,0.0,114027.16520813605
2012-07-31,165764.2892895962,6.815528984223851e-05,6.815528984223851e-05,0.0,0.0,1.0,-0.006994442138829382,113229.608798833
2012-08-01,165061.0972740213,-0.004242120052446174,-0.004242120052446174,0.0,0.0,1.0,-0.0008715374063940073,113130.92495925345
2012-08-02,165334.51366800125,0.0016564556912283348,0.0016564556912283348,0.0,0.0,1.0,-0.006904576264752049,112349.80385997036
2012-08-03,165919.7201527916,0.00353953008242099,0.00353953008242099,0.0,0.0,1.0,0.01983316453978734,114578.05600593798
2012-08-06,166305.31699992038,0.00232399648922806,0.00232399648922806,0.0,0.0,1.0,0.001938038064700942,114800.11263985692
2012-08-07,165400.34073584605,-0.005441655627130429,-0.005441655627130429,0.0,0.0,1.0,0.005013477325551907,115375.66040154765
2012-08-08,164707.58031604774,-0.00418838568721395,-0.00418838568721395,0.0,0.0,1.0,0.0012112097311582914,115515.40452416483
2012-08-09,164657.72070324732,-0.0003027159569991925,-0.0003027159569991925,0.0,0.0,1.0,0.0008542915984759425,115614.08836374436
2012-08-10,165042.39839166787,0.002336226244220955,0.002336226244220955,0.0,0.0,1.0,0.0016358043800155375,115803.21039588128
2012-08-13,165040.266191369,-1.2919106360772094e-05,-1.2919106360772094e-05,0.0,0.0,1.0,-0.0004971845775125772,115745.63482564602
2012-08-14,164202.2628259298,-0.005077569157986886,-0.005077569157986886,0.0,0.0,1.0,0.00014227146376466493,115762.10212653704
2012-08-15,163822.34328712476,-0.0023137290087638833,-0.0023137290087638833,0.0,0.0,1.0,0.0011364207905935064,115893.65658615644
2012-08-16,164421.84085426165,0.0036594371384750524,0.0036594371384750524,0.0,0.0,1.0,0.007378522751025907,116748.780567977
2012-08-17,164947.3137587948,0.0031958826260734727,0.0031958826260734727,0.0,0.0,1.0,0.0013382188310784304,116905.01598463852
2012-08-20,164983.31715984907,0.00021827212722569367,0.00021827212722569367,0.0,0.0,1.0,7.053287622182935e-05,116913.26163166067
2012-08-21,165126.44460243985,0.000867526760006158,0.000867526760006158,0.0,0.0,1.0,-0.003024627713921868,116559.64254040454
2012-08-22,166227.8167925835,0.006669871641670136,0.006669871641670136,0.0,0.0,1.0,0.00042355922449610617,116609.0124522065
2012-08-23,165838.67738680108,-0.00234100052139885,-0.00234100052139885,0.0,0.0,1.0,-0.008179263424599514,115655.2366216775
2012-08-24,166311.83551550188,0.0028531229032730714,0.0028531229032730714,0.0,0.0,1.0,0.0060426539465030515,116354.10119368321
2012-08-27,166892.677951782,0.0034924900833409964,0.0034924900833409964,0.0,0.0,1.0,0.00021191314819013485,116378.758157572
2012-08-28,167218.15886936075,0.0019502408468320038,0.0019502408468320038,0.0,0.0,1.0,-0.0009890392025672101,116263.65500340807
2012-08-29,166957.8170639882,-0.0015568991258655778,-0.0015568991258655778,0.0,0.0,1.0,0.0007779403655638895,116354.10119368321
2012-08-30,166559.90508564847,-0.002383308462803065,-0.002383308462803065,0.0,0.0,1.0,-0.007208140159342458,115515.40452416483
2012-08-31,167888.88900085984,0.007979014604553228,0.007979014604553228,0.0,0.0,1.0,0.004769396656472136,116066.34330827338
2012-09-04,168169.33048293515,0.0016703992964886747,0.0016703992964886747,0.0,0.0,1.0,-0.0009207966713782323,115959.46980569609
2012-09-05,167747.48873391032,-0.002508434491672299,-0.002508434491672299,0.0,0.0,1.0,-0.0008512270097323915,115860.76197296324
2012-09-06,168557.81414441668,0.004830626178802181,0.004830626178802181,0.0,0.0,1.0,0.020296439610103745,118212.3229315281
2012-09-07,168265.30627912094,-0.0017353563035950776,-0.0017353563035950776,0.0,0.0,1.0,0.003895334995359212,118672.799529926
2012-09-10,167243.17286684472,-0.0060745345245484614,-0.0060745345245484614,0.0,0.0,1.0,-0.00568163553143064,117998.54393550241
2012-09-11,166969.92167354882,-0.0016338555924998068,-0.0016338555924998068,0.0,0.0,1.0,0.002787781261346378,118327.49806515197
2012-09-12,166554.44185924047,-0.0024883512559864167,-0.0024883512559864167,0.0,0.0,1.0,0.00333494241832355,118722.11345770354
2012-09-13,167770.40359066898,0.0073006862972537405,0.0073006862972537405,0.0,0.0,1.0,0.015236890109932233,120531.06925407748
2012-09-14,167093.39162844408,-0.0040353479978308595,-0.0040353479978308595,0.0,0.0,1.0,0.004433840191582661,121065.48475327063
2012-09-17,167623.72987240765,0.0031739031615496036,0.0031739031615496036,0.0,0.0,1.0,-0.003395936344591566,120654.3540735214
2012-09-18,167421.793274406,-0.001204701733790022,-0.001204701733790022,0.0,0.0,1.0,-0.0008175739014819605,120555.71022253073
2012-09-19,167579.15001574066,0.0009398820682606779,0.0009398820682606779,0.0,0.0,1.0,0.0005456500446736623,120621.49145119931
2012-09-20,166834.79761276764,-0.004441796028343158,-0.004441796028343158,0.0,0.0,1.0,6.789555409425496e-05,120629.68111419707
2012-09-21,166923.1551468896,0.0005296109408005437,0.0005296109408005437,0.0,0.0,1.0,-0.0004175558291967807,120579.3114876737
2012-09-24,166826.33985221904,-0.0005799991893597292,-0.0005799991893597292,0.0,0.0,1.0,-0.0015082197945639475,120397.45138327309
2012-09-25,165773.99681622002,-0.006308014891001116,-0.006308014891001116,0.0,0.0,1.0,-0.010642039020123284,119116.1770077289
2012-09-26,165909.57936332477,0.0008178758412578088,0.0008178758412578088,0.0,0.0,1.0,-0.005621074743260124,118446.61607363705
2012-09-27,166517.15049159623,0.0036620617724606452,0.0036620617724606452,0.0,0.0,1.0,0.009421438898391532,119562.55362969605
2012-09-28,166005.58867770835,-0.0030721268792891126,-0.0030721268792891126,0.0,0.0,1.0,-0.004632102137424043,119008.72766947206
2012-10-01,165646.3604316476,-0.002163952725460179,-0.0018306193921268457,0.6666666666666666,0.0003333333333333333,1.0,0.002639590933968261,119322.8620280915
2012-10-02,166332.73912541522,0.004143638845906701,0.004143638845906701,0.0,0.0,1.0,0.001038699794780218,119446.80266039267
2012-10-03,166640.2649691965,0.0018488593730750327,0.0018488593730750327,0.0,0.0,1.0,0.004083464796478475,119934.55947410829
2012-10-04,167194.64955371126,0.003326834511558574,0.003326834511558574,0.0,0.0,1.0,0.007167931284524753,120794.24215505845
2012-10-05,166899.62884192797,-0.0017645344068771829,-0.0017645344068771829,0.0,0.0,1.0,6.846054934350754e-05,120802.51179523392
2012-10-08,165921.4666453024,-0.005860781137817886,-0.005860781137817886,0.0,0.0,1.0,-0.0034216676576436234,120389.16574766205
2012-10-09,164186.85255658522,-0.010454428373788219,-0.010454428373788219,0.0,0.0,1.0,-0.009887304406979602,119198.84141861259
2012-10-10,164043.67578558373,-0.000872035542261858,-0.000872035542261858,0.0,0.0,1.0,-0.006379785115606107,118438.37842433262
2012-10-11,164028.9812703291,-8.957684704558055e-05,-8.957684704558055e-05,0.0,0.0,1.0,0.0005579031484996833,118504.45556855875
2012-10-12,163368.3206492164,-0.004027706664982126,-0.004027706664982126,0.0,0.0,1.0,-0.0032779961563805804,118115.99841869104
2012-10-15,164488.1960718607,0.006854911761313327,0.006854911761313327,0.0,0.0,1.0,0.008327739864671946,119099.6377273779
2012-10-16,166004.7396754094,0.009219771629607926,0.009219771629607926,0.0,0.0,1.0,0.01013349514155637,120306.53332764942
2012-10-17,166318.95035640834,0.0018927813845152444,0.0018927813845152444,0.0,0.0,1.0,0.004534785457415369,120852.0976454157
2012-10-18,165939.7862327212,-0.0022797409608141437,-0.0022797409608141437,0.0,0.0,1.0,-0.0025988657269031545,120538.01927082069
2012-10-19,163037.0766503489,-0.017492547437065076,-0.017492547437065076,0.0,0.0,1.0,-0.016664972525722632,118529.25649136743
2012-10-22,163031.46441252274,-3.4423076894237294e-05,-3.4423076894237294e-05,0.0,0.0,1.0,0.00013987490878264452,118545.83576030724
2012-10-23,161690.60045917387,-0.00822457160757665,-0.00822457160757665,0.0,0.0,1.0,-0.013876645830266487,116900.81718280852
2012-10-24,161313.64042523745,-0.002331366405133872,-0.002331366405133872,0.0,0.0,1.0,-0.002828121010576057,116570.20752558029
2012-10-25,161382.1484132844,0.00042468812845830584,0.00042468812845830584,0.0,0.0,1.0,0.002907289072832997,116909.11081613728
2012-10-26,160813.28570971344,-0.0035249419416213774,-0.0035249419416213774,0.0,0.0,1.0,-0.000566021898356972,116842.9376992979
2012-10-31,161330.14069048566,0.0032140067189797192,0.0032140067189797192,0.0,0.0,1.0,0.0,116842.9376992979
2012-11-01,161856.78638437568,0.0032643974128827953,0.0035977307462161288,0.6666666666666666,0.0003333333333333333,1.0,0.010470832918364703,118066.38057763815
2012-11-02,161602.42161278526,-0.0015715422088411848,-0.0015715422088411848,0.0,0.0,1.0,-0.008892119896421358,117016.52016580525
2012-11-05,161906.10519010297,0.001879201897390955,0.001879201897390955,0.0,0.0,1.0,0.002048835372042035,117256.26775143424
2012-11-06,161729.24997141503,-0.0010923319937829283,-0.0010923319937829283,0.0,0.0,1.0,0.007824998963251062,118173.7979250239
2012-11-07,161195.43667370034,-0.0033006601947948755,-0.0033006601947948755,0.0,0.0,1.0,-0.022663262032737053,115495.59417724535
2012-11-08,160507.3525599931,-0.004268632710118939,-0.004268632710118939,0.0,0.0,1.0,-0.012024594578143755,114106.80648170215
2012-11-09,160653.2961437047,0.0009092641638149821,0.0009092641638149821,0.0,0.0,1.0,0.0008697437329423519,114206.05016152568
2012-11-12,160608.09911671162,-0.00028133270887039275,-0.00028133270887039275,0.0,0.0,1.0,0.0007960178797645767,114296.96021943154
2012-11-13,160372.7278123543,-0.0014655008411890156,-0.0014655008411890156,0.0,0.0,1.0,-0.0034712977506362597,113900.20143851727
2012-11-14,158794.14785185765,-0.009843194550782345,-0.009843194550782345,0.0,0.0,1.0,-0.013498986208560493,112362.66419014646
2012-11-15,158264.93826865542,-0.0033326768672604645,-0.0033326768672604645,0.0,0.0,1.0,-0.0016917519476535858,112172.57443415925
2012-11-16,158771.69995955814,0.003201983310052503,0.003201983310052503,0.0,0.0,1.0,0.004936910598946742,112726.36040579437
2012-11-19,160384.27891947178,0.010156589369039848,0.010156589369039848,0.0,0.0,1.0,0.020239639878945503,115007.90134527188
2012-11-20,160262.51525071217,-0.0007591995274098076,-0.0007591995274098076,0.0,0.0,1.0,0.00043080397966921424,115057.44720686482
2012-11-21,160248.95178125586,-8.463282530594518e-05,-8.463282530594518e-05,0.0,0.0,1.0,0.0018681681893553126,115272.39386968511
2012-11-23,161402.85759218037,0.007200707387463219,0.007200707387463219,0.0,0.0,1.0,0.013624630988303021,116842.9376992979
2012-11-26,161999.7478504698,0.003698139346439625,0.003698139346439625,0.0,0.0,1.0,-0.0021220387917890715,116594.99245295339
2012-11-27,161726.53204262053,-0.0016865199574353322,-0.0016865199574353322,0.0,0.0,1.0,-0.005104971810263814,115999.77830326314
2012-11-28,162046.24661014217,0.0019768838389325376,0.0019768838389325376,0.0,0.0,1.0,0.008052476160205657,116933.8637526393
2012-11-29,162673.04625008226,0.003868029362309381,0.003868029362309381,0.0,0.0,1.0,0.004665990557081834,117479.4760567122
2012-11-30,162545.23763867802,-0.000785677863361145,-0.000785677863361145,0.0,0.0,1.0,0.00021090432547898885,117504.25298636757
2012-12-03,162336.54816760536,-0.0012838854838463918,-0.0009505521505130585,0.6666666666666666,0.0003333333333333333,1.0,-0.004924646188667281,116925.58611474607
2012-12-04,162311.0661666792,-0.0001569702030367326,-0.0001569702030367326,0.0,0.0,1.0,-0.0014132821573161758,116760.33727015635
2012-12-05,161637.44245949888,-0.004150201973835754,-0.004150201973835754,0.0,0.0,1.0,0.0017694796710534533,116966.94231334123
2012-12-06,162671.12044764787,0.006395040483321364,0.006395040483321364,0.0,0.0,1.0,0.0033926744815739873,117363.77307371543
2012-12-07,162711.84844862888,0.0002503702001248238,0.0002503702001248238,0.0,0.0,1.0,0.003028009238784213,117719.15166288122
2012-12-10,162868.48622939258,0.000962669788691713,0.000962669788691713,0.0,0.0,1.0,0.00042162924033428695,117768.78549936964
2012-12-11,164080.01678931288,0.007438704613573247,0.007438704613573247,0.0,0.0,1.0,0.006808758178696417,118570.64468083362
2012-12-12,163839.93357099817,-0.0014632081530256227,-0.0014632081530256227,0.0,0.0,1.0,0.0004873340366231549,118628.42819173094
2012-12-13,162654.5949722491,-0.007234735591707434,-0.007234735591707434,0.0,0.0,1.0,-0.0061317547581253296,117901.02776271736
2012-12-14,161930.06509772866,-0.004454407664561104,-0.004454407664561104,0.0,0.0,1.0,-0.0037154807196987383,117462.96876723232
2012-12-17,163565.8203760313,0.01010161564077309,0.01010161564077309,0.0,0.0,1.0,0.011751636355292527,118843.35086139792
2012-12-18,165566.43941524794,0.012231278115545807,0.012231278115545807,0.0,0.0,1.0,0.011129058286536653,120165.96544010175
2012-12-19,164840.2766169129,-0.004385929907653556,-0.004385929907653556,0.0,0.0,1.0,-0.007429002480660252,119273.25218475629
2012-12-20,165877.00630434282,0.00628929839664886,0.00628929839664886,0.0,0.0,1.0,0.005752272233360944,119959.3444014813
2012-12-21,164702.09618128082,-0.007083019818348542,-0.007083019818348542,0.0,0.0,1.0,-0.009077019256430896,118870.47112236025
2012-12-24,164496.2840390424,-0.0012496024459330104,-0.0012496024459330104,0.0,0.0,1.0,-0.0030821401449998564,118504.09567125897
2012-12-26,163525.8013057684,-0.005899724355132788,-0.005899724355132788,0.0,0.0,1.0,-0.004214820318414247,118004.62220100845
2012-12-27,163568.56271165246,0.00026149638492878324,0.00026149638492878324,0.0,0.0,1.0,-0.0013402430004580967,117846.46733208184
2012-12-28,162096.6713100519,-0.008998620377897929,-0.008998620377897929,0.0,0.0,1.0,-0.010807592148550649,116572.83077700919
2012-12-31,164731.27101906587,0.01625326225221868,0.01625326225221868,0.0,0.0,1.0,0.016996023947152716,118554.10540048263
2013-01-02,168678.76062820124,0.023963207378388376,0.02429654071172171,0.6666666666666666,0.0003333333333333333,1.0,0.025630195638112863,121592.67031559846
2013-01-03,167713.5134541114,-0.005722399017487463,-0.005722399017487463,0.0,0.0,1.0,-0.002259754564449712,121317.90072384916
2013-01-04,168058.62985281946,0.002057773351713162,0.002057773351713162,0.0,0.0,1.0,0.004392162601979832,121850.74867035914
2013-01-07,167678.66090979447,-0.0022609308629836233,-0.0022609308629836233,0.0,0.0,1.0,-0.0027329907605103676,121517.73170008177
2013-01-08,167096.25775554232,-0.0034733289918474908,-0.0034733289918474908,0.0,0.0,1.0,-0.0028771787063239795,121168.10346999351
2013-01-09,167731.04317144948,0.0037989206008182115,0.0037989206008182115,0.0,0.0,1.0,0.0025419899956007352,121476.11157680016
2013-01-10,169224.08740817194,0.008901418655080576,0.008901418655080576,0.0,0.0,1.0,0.007949714682095266,122441.81200452609
2013-01-11,169412.71836758385,0.001114681498957807,0.001114681498957807,0.0,0.0,1.0,-6.79965778321856e-05,122433.48638032621
2013-01-14,169190.54767075696,-0.001311416869805663,-0.001311416869805663,0.0,0.0,1.0,-0.0006801426627324192,122350.21414289188
2013-01-15,168863.6585416666,-0.0019320767831928487,-0.0019320767831928487,0.0,0.0,1.0,0.000680605571618198,122433.48638032623
2013-01-16,168812.4515869524,-0.0003032443757078711,-0.0003032443757078711,0.0,0.0,1.0,-0.0001357411115211482,122416.86712279756
2013-01-17,169903.16742024818,0.006461110084252134,0.006461110084252134,0.0,0.0,1.0,0.006460011204408644,123207.68145601943
2013-01-18,169844.70839683453,-0.00034407259323817235,-0.00034407259323817235,0.0,0.0,1.0,0.002230068700137089,123482.44305005096
2013-01-22,170272.07918373906,0.002516244344251313,0.002516244344251313,0.0,0.0,1.0,0.005392912172573094,124148.37302027464
2013-01-23,170651.2867885819,0.002227068622528749,0.002227068622528749,0.0,0.0,1.0,0.0016094852951833438,124348.1880010717
2013-01-24,170157.88074819974,-0.0028913115726660146,-0.0028913115726660146,0.0,0.0,1.0,0.0002678165024747603,124381.49049787121
2013-01-25,171377.94708474353,0.0071702017630865065,0.0071702017630865065,0.0,0.0,1.0,0.005621869117161671,125080.74695804773
2013-01-28,171156.7543410895,-0.0012906721513279797,-0.0012906721513279797,0.0,0.0,1.0,-0.0011974765266659082,124930.96569962765
2013-01-29,171778.02977765753,0.0036298622216796392,0.0036298622216796392,0.0,0.0,1.0,0.003930905834883092,125422.0575616539
2013-01-30,171492.54973257668,-0.001661912442763295,-0.001661912442763295,0.0,0.0,1.0,-0.003915514316808588,124930.96569962765
2013-01-31,171011.25376748157,-0.0028065123869558395,-0.0028065123869558395,0.0,0.0,1.0,-0.0024656184976633577,124622.9335996677
2013-02-01,172328.97279699132,0.007705452129492104,0.008038785462825437,0.6666666666666666,0.0003333333333333333,1.0,0.010287048545812638,125904.93576752905
2013-02-04,170515.52831415567,-0.010523154948366937,-0.010523154948366937,0.0,0.0,1.0,-0.011240450121098089,124489.70761703409
2013-02-05,171219.55107899697,0.004128789746023598,0.004128789746023598,0.0,0.0,1.0,0.01009761620038585,125746.75690544915
2013-02-06,171451.83669365812,0.0013566535667062969,0.0013566535667062969,0.0,0.0,1.0,0.0007283040012517894,125838.3387716478
2013-02-07,170666.766853519,-0.004578952639287648,-0.004578952639287648,0.0,0.0,1.0,-0.0013228440498805893,125671.87427395687
2013-02-08,171869.99616581507,0.00705016761305847,0.00705016761305847,0.0,0.0,1.0,0.005564208077059041,126371.13873185117
2013-02-11,171883.1058975207,7.627702332043318e-05,7.627702332043318e-05,0.0,0.0,1.0,-0.0001977102570106526,126346.15386153376
2013-02-12,172693.29293561907,0.004713593193861776,0.004713593193861776,0.0,0.0,1.0,0.001647130583444234,126554.26247565963
2013-02-13,172846.5262812472,0.0008873149791941797,0.0008873149791941797,0.0,0.0,1.0,0.0008548517147939361,126662.44760395144
2013-02-14,172346.13898970367,-0.0028949803175641145,-0.0028949803175641145,0.0,0.0,1.0,0.0009203575048410961,126779.02233818527
2013-02-15,172156.02680298107,-0.0011030835261937413,-0.0011030835261937413,0.0,0.0,1.0,-0.0011819403352280045,126629.17709802299
2013-02-19,173719.60896952453,0.009082355091366566,0.009082355091366566,0.0,0.0,1.0,0.007494585415776633,127578.21028191363
2013-02-20,172056.43503170463,-0.009573898696212575,-0.009573898696212575,0.0,0.0,1.0,-0.012463149205417023,125988.18401181007
2013-02-21,170415.5451765186,-0.009536928129910988,-0.009536928129910988,0.0,0.0,1.0,-0.006079026004986887,125222.2985648812
2013-02-22,172357.94999076822,0.01139804946924087,0.01139804946924087,0.0,0.0,1.0,0.009772786466899053,126446.06934965008
2013-02-25,168798.58621514696,-0.02065099855162992,-0.02065099855162992,0.0,0.0,1.0,-0.019027190492457824,124040.15590111175
2013-02-26,170024.9524719705,0.0072652637935037845,0.0072652637935037845,0.0,0.0,1.0,0.006845893379543444,124889.32158319271
2013-02-27,171870.56048242835,0.010854924430942528,0.010854924430942528,0.0,0.0,1.0,0.01259796280903358,126462.6726117432
2013-02-28,171640.41489509822,-0.0013390634596414837,-0.0013390634596414837,0.0,0.0,1.0,-0.0019750391229131914,126212.90388574684
2013-03-01,171901.65812891244,0.0015220380000472802,0.0015220380000472802,0.0,0.0,1.0,0.0032981826696021344,126629.17709802298
2013-03-04,172883.22662546253,0.005710058339367441,0.005710058339367441,0.0,0.0,1.0,0.005325467480788992,127303.53666277757
2013-03-05,174426.1428100073,0.008924614693172886,0.008924614693172886,0.0,0.0,1.0,0.008958765654092371,128444.01921467655
2013-03-06,174479.8109773505,0.00030768419503309397,0.00030768419503309397,0.0,0.0,1.0,0.0013611385843312895,128618.84932515623
2013-03-07,174479.0720869363,-4.234818974676148e-06,-4.234818974676148e-06,0.0,0.0,1.0,0.0018120943587416338,128851.9188164462
2013-03-08,174954.6363508127,0.0027256235271556255,0.0027256235271556255,0.0,0.0,1.0,0.004264454922529692,129401.40201592038
2013-03-11,175402.761863904,0.002561381181077848,0.002561381181077848,0.0,0.0,1.0,0.0037954136737612387,129892.53386653548
2013-03-12,174760.04676763114,-0.00366422449363446,-0.00366422449363446,0.0,0.0,1.0,-0.0022432455729871625,129601.15301497528
2013-03-13,174812.33117074645,0.00029917823943363214,0.00029917823943363214,0.0,0.0,1.0,0.0014133495409098806,129784.32474509039
2013-03-14,176060.841239329,0.007142002284513227,0.007142002284513227,0.0,0.0,1.0,0.005323684792702732,130475.255581067
2013-03-15,176234.84945874248,0.0009883414062354194,0.0009883414062354194,0.0,0.0,1.0,-0.0013199656419085048,130303.03272658077
2013-03-18,174937.77348301988,-0.007359928979462545,-0.007359928979462545,0.0,0.0,1.0,-0.005519094735887187,129583.87794458936
2013-03-19,174342.0474317872,-0.003405359742334172,-0.003405359742334172,0.0,0.0,1.0,-0.0023228360719975694,129282.87583855033
2013-03-20,175285.81222435617,0.0054132941907672665,0.0054132941907672665,0.0,0.0,1.0,0.006985351226426628,130185.96213384513
2013-03-21,174079.9116795681,-0.006879624365973225,-0.006879624365973225,0.0,0.0,1.0,-0.008542876782118403,129073.79950057415
2013-03-22,175354.2274281806,0.007320291791956812,0.007320291791956812,0.0,0.0,1.0,0.008033048742259963,130110.65562331097
2013-03-25,174389.76542660018,-0.005500078416845818,-0.005500078416845818,0.0,0.0,1.0,-0.004177159097845218,129567.16271444743
2013-03-26,175723.29925049137,0.007646858292566911,0.007646858292566911,0.0,0.0,1.0,0.008002584115062605,130604.0348326198
2013-03-27,175543.88071412843,-0.0010210287260039215,-0.0010210287260039215,0.0,0.0,1.0,0.0,130604.0348326198
2013-03-28,176202.58872390934,0.0037523837749356597,0.0037523837749356597,0.0,0.0,1.0,0.0030731475246144058,131005.40029897031
2013-04-01,175296.40679680172,-0.005142841167489937,-0.004809507834156604,0.6666666666666666,0.0003333333333333333,1.0,-0.00395705878776198,130487.00422847302
2013-04-02,175402.67640975298,0.0006062281303600057,0.0006062281303600057,0.0,0.0,1.0,0.0049339494334539324,131130.8205090592
2013-04-03,173688.09527088166,-0.0097751138920249,-0.0097751138920249,0.0,0.0,1.0,-0.010139222726477048,129801.25591361216
2013-04-04,175360.27964148132,0.009627512858562632,0.009627512858562632,0.0,0.0,1.0,0.0040592029950854425,130328.14556038255
2013-04-05,175300.4923394532,-0.0003409398191560977,-0.0003409398191560977,0.0,0.0,1.0,-0.004491500716110597,129742.77660126872
2013-04-08,176649.15403063264,0.0076934278573953145,0.0076934278573953145,0.0,0.0,1.0,0.006767278112618458,130620.78205363284
2013-04-09,176688.87774973654,0.00022487353150324452,0.00022487353150324452,0.0,0.0,1.0,0.003457023729176001,131072.34119671574
2013-04-10,178840.66943193928,0.01217842180904305,0.01217842180904305,0.0,0.0,1.0,0.01224836500329074,132677.763073529
2013-04-11,179468.3438138598,0.003509684815619455,0.003509684815619455,0.0,0.0,1.0,0.003277504086481864,133112.61498418776
2013-04-12,179226.07144554853,-0.0013499448602620756,-0.0013499448602620756,0.0,0.0,1.0,-0.002449917612087349,132786.500044347
2013-04-15,174352.62520249528,-0.027191614499756822,-0.027191614499756822,0.0,0.0,1.0,-0.023173936305313614,129709.31415011377
2013-04-16,177180.42477408217,0.016218852846652993,0.016218852846652993,0.0,0.0,1.0,0.014762961152935183,131624.20771608577
2013-04-17,174666.92076927048,-0.014186126983365039,-0.014186126983365039,0.0,0.0,1.0,-0.014611500583829318,129700.9805281961
2013-04-18,173891.65587586263,-0.004438533008960206,-0.004438533008960206,0.0,0.0,1.0,-0.0062537117115238905,128889.86798727077
2013-04-19,175955.24993812127,0.01186712526178842,0.01186712526178842,0.0,0.0,1.0,0.008693191185735305,130010.33225158832
2013-04-22,176304.36533779238,0.0019841147098131153,0.0019841147098131153,0.0,0.0,1.0,0.0044378269614735455,130587.29560932454
2013-04-23,178168.4395503564,0.010573046271387035,0.010573046271387035,0.0,0.0,1.0,0.010309485444391253,131933.58343263128
2013-04-24,178643.14468174422,0.0026643615030015333,0.0026643615030015333,0.0,0.0,1.0,0.0006338957266081024,132017.21556736532
2013-04-25,179075.50630580873,0.0024202530963881954,0.0024202530963881954,0.0,0.0,1.0,0.0040534054294150135,132552.33486572234
2013-04-26,178457.03035021602,-0.0034537160796102397,-0.0034537160796102397,0.0,0.0,1.0,-0.0017656815558559913,132318.28965286427
2013-04-29,179792.40494005583,0.007482891468154396,0.007482891468154396,0.0,0.0,1.0,0.006697812554814275,133204.5327545328
2013-04-30,180975.6030841187,0.006580912828088333,0.006580912828088333,0.0,0.0,1.0,0.0023857845284009915,133522.33006789142
2013-05-01,178504.1972265886,-0.013656016697352093,-0.013656016697352093,0.0,0.0,1.0,-0.008767387035705343,132351.68812227703
2013-05-02,180393.33658757686,0.010583164935837514,0.010583164935837514,0.0,0.0,1.0,0.009287446577316505,133580.89735513032
2013-05-03,182197.14302569669,0.009999296383345733,0.009999296383345733,0.0,0.0,1.0,0.010140412948408395,134935.4628163303
2013-05-06,183056.26101262931,0.004715320847876588,0.004715320847876588,0.0,0.0,1.0,0.002541408577393156,135278.38895892625
2013-05-07,184202.4084871732,0.006261176035190644,0.006261176035190644,0.0,0.0,1.0,0.005068158771959652,135964.00131258502
2013-05-08,184692.80863917808,0.0026622895760834986,0.0026622895760834986,0.0,0.0,1.0,0.004550729837915046,136582.7367502405
2013-05-09,183905.45619245374,-0.004263037919697917,-0.004263037919697917,0.0,0.0,1.0,-0.0028157164360522735,136198.15849349185
2013-05-10,184796.98736695253,0.004847769027395291,0.004847769027395291,0.0,0.0,1.0,0.0032538585105910123,136641.32803063272
2013-05-13,185092.89113667214,0.001601236978674684,0.001601236978674684,0.0,0.0,1.0,0.0007955497909282183,136750.03301057967
2013-05-14,186747.03522546063,0.008936832088094851,0.008936832088094851,0.0,0.0,1.0,0.01033380916087312,138163.1817544541
2013-05-15,187825.91350600848,0.005777217717246892,0.005777217717246892,0.0,0.0,1.0,0.005386526425029459,138907.40138394063
2013-05-16,187049.33138865043,-0.004134584535552895,-0.004134584535552895,0.0,0.0,1.0,-0.004695544431892906,138255.15550882355
2013-05-17,188700.69403425,0.00882848729444737,0.00882848729444737,0.0,0.0,1.0,0.009677080107129088,139593.06172390602
2013-05-20,188944.52202054768,0.0012921414388303112,0.0012921414388303112,0.0,0.0,1.0,-5.9928571559564325e-05,139584.6961111173
2013-05-21,189404.38372234974,0.002433845114345597,0.002433845114345597,0.0,0.0,1.0,0.0014374551726326068,139785.34285456254
2013-05-22,186478.56734211044,-0.015447458621275906,-0.015447458621275906,0.0,0.0,1.0,-0.007417144854084734,138748.53471813235
2013-05-23,185209.29105823213,-0.006806553171066191,-0.006806553171066191,0.0,0.0,1.0,-0.002892927556454983,138347.14525862853
2013-05-24,184987.6450798624,-0.0011967325024749471,-0.0011967325024749471,0.0,0.0,1.0,-0.0008464401877452676,138230.0426750218
2013-05-28,185628.25723909668,0.0034629996990215295,0.0034629996990215295,0.0,0.0,1.0,0.005988884546965334,139057.8864415246
2013-05-29,183339.31433328954,-0.012330789179682333,-0.012330789179682333,0.0,0.0,1.0,-0.006494204125840675,138154.81614166536
2013-05-30,183401.69302881812,0.00034023633040980395,0.00034023633040980395,0.0,0.0,1.0,0.003691847069747567,138664.86259480947
2013-05-31,181032.35929032735,-0.012918821518831242,-0.012918821518831242,0.0,0.0,1.0,-0.014352360420610055,136674.6945091744
2013-06-03,181876.39435917308,0.004662343639305437,0.00499567697263877,0.6666666666666666,0.0003333333333333333,1.0,0.005506631903214654,137427.31174232074
2013-06-04,180962.97228294288,-0.005022213462327377,-0.005022213462327377,0.0,0.0,1.0,-0.004806406400254759,136766.78023159265
2013-06-05,178274.41360371024,-0.014856954687000582,-0.014856954687000582,0.0,0.0,1.0,-0.014000809088456245,134851.9346519273
2013-06-06,180099.9295233136,0.010239921044762493,0.010239921044762493,0.0,0.0,1.0,0.009052800311624809,136072.72228796745
2013-06-07,181679.24297921802,0.00876909535769695,0.00876909535769695,0.0,0.0,1.0,0.01272050736736885,137803.63635432947
2013-06-10,181217.29742381684,-0.0025426435503917984,-0.0025426435503917984,0.0,0.0,1.0,0.0,137803.63635432947
2013-06-11,178957.81143409506,-0.012468379243276484,-0.012468379243276484,0.0,0.0,1.0,-0.010315390789634837,136382.13799310185
2013-06-12,177582.42169215655,-0.007685552985458884,-0.007685552985458884,0.0,0.0,1.0,-0.008277314610436681,135253.26012968895
2013-06-13,180924.61272643486,0.018820506007470057,0.018820506007470057,0.0,0.0,1.0,0.015208365535321011,137310.2411495851
2013-06-14,180112.2738792807,-0.004489930004064613,-0.004489930004064613,0.0,0.0,1.0,-0.006272119495746797,136449.0149091051
2013-06-17,181610.34669387466,0.008317438797080875,0.008317438797080875,0.0,0.0,1.0,0.007721238281896081,137502.57026654828
2013-06-18,182827.73092256294,0.006703275726577103,0.006703275726577103,0.0,0.0,1.0,0.007905785272213306,138589.63606145306
2013-06-19,178978.94969523954,-0.021051408382646075,-0.021051408382646075,0.0,0.0,1.0,-0.013817350320694421,136674.6945091744
2013-06-20,172831.68053066116,-0.034346324945172535,-0.034346324945172535,0.0,0.0,1.0,-0.02477808807100057,133288.15689154898
2013-06-21,173986.40831246797,0.006681227528780198,0.006681227528780198,0.0,0.0,1.0,0.003210951978587895,133716.13876264222
2013-06-24,172079.85731530408,-0.010958045606297281,-0.010958045606297281,0.0,0.0,1.0,-0.01263624459583712,132026.46892682658
2013-06-25,174326.2178504359,0.013054174789416395,0.013054174789416395,0.0,0.0,1.0,0.009614116001084971,133295.78671430273
2013-06-26,176011.77087850458,0.009668958856864657,0.009668958856864657,0.0,0.0,1.0,0.00990080356504297,134615.5221146089
2013-06-27,178123.65210807358,0.011998522706909116,0.011998522706909116,0.0,0.0,1.0,0.005869743012933526,135405.6806349735
2013-06-28,177397.39890253864,-0.0040772418313896885,-0.0040772418313896885,0.0,0.0,1.0,-0.0040970931819067635,134850.91094405254
2013-07-01,179205.2486508297,0.010190959729258837,0.01052429306259217,0.6666666666666666,0.0003333333333333333,1.0,0.00585961570647453,135641.0854598527
2013-07-02,178807.57604573725,-0.002219090166646083,-0.002219090166646083,0.0,0.0,1.0,-0.0009298363311169844,135514.96145059998
2013-07-03,178975.71886619722,0.0009403562431657223,0.0009403562431657223,0.0,0.0,1.0,0.0004344848539359347,135573.84064883197
2013-07-05,180742.92681882388,0.009874009523872147,0.009874009523872147,0.0,0.0,1.0,0.010788619765277119,137036.4952657105
2013-07-08,181703.37530467295,0.005313892514376528,0.005313892514376528,0.0,0.0,1.0,0.005704647654287021,137818.24018697973
2013-07-09,183035.21783755952,0.007329762205316115,0.007329762205316115,0.0,0.0,1.0,0.007197573658052736,138810.19712214873
2013-07-10,183403.77829715566,0.002013604070027819,0.002013604070027819,0.0,0.0,1.0,0.00036344306648228297,138860.6467258498
2013-07-11,186538.09775341582,0.01708972129888105,0.01708972129888105,0.0,0.0,1.0,0.013620477287474175,140751.99501070325
2013-07-12,186278.42115846925,-0.0013920834300016707,-0.0013920834300016707,0.0,0.0,1.0,0.00041820510460244265,140810.85821349968
2013-07-15,187444.0481791984,0.006257445245026805,0.006257445245026805,0.0,0.0,1.0,0.003820546869941488,141348.83269710102
2013-07-16,186854.74006886547,-0.0031439147631381337,-0.0031439147631381337,0.0,0.0,1.0,-0.0037468216801445076,140819.22382628842
2013-07-17,187442.76680269028,0.0031469725285434196,0.0031469725285434196,0.0,0.0,1.0,0.0025668715006952336,141180.68867867815
2013-07-18,188616.04870291761,0.006259414114722157,0.006259414114722157,0.0,0.0,1.0,0.005477826466799174,141954.05199172316
2013-07-19,188772.56547987397,0.0008298168582826875,0.0008298168582826875,0.0,0.0,1.0,0.001776744123155094,142206.2680193575
2013-07-22,189380.65146774938,0.0032212625088270386,0.0032212625088270386,0.0,0.0,1.0,0.0019505247666367076,142483.64486710023
2013-07-23,189338.8325939838,-0.00022081914620900945,-0.00022081914620900945,0.0,0.0,1.0,-0.0021237640985076744,142181.043217507
2013-07-24,188499.24611501288,-0.004434306832192776,-0.004434306832192776,0.0,0.0,1.0,-0.003665828125592352,141659.8319503542
2013-07-25,189351.85899936408,0.004523163364966275,0.004523163364966275,0.0,0.0,1.0,0.002433192498960679,142004.51759085982
2013-07-26,188773.50503659723,-0.0030543875609310893,-0.0030543875609310893,0.0,0.0,1.0,0.0010660280710963477,142155.89839283415
2013-07-29,187538.56933329647,-0.006541891051190406,-0.006541891051190406,0.0,0.0,1.0,-0.0030754069946493656,141718.71114858615
2013-07-30,187582.5787807277,0.0002346687808684189,0.0002346687808684189,0.0,0.0,1.0,0.0,141718.71114858615
2013-07-31,187881.2435879352,0.001592177744590121,0.001592177744590121,0.0,0.0,1.0,0.0007115166716009647,141819.5463742462
2013-08-01,190307.93700953518,0.012916102614917008,0.012916102614917008,0.0,0.0,1.0,0.011558774954600226,143458.8065949496
2013-08-02,190988.56630430935,0.0035764629971269573,0.0035764629971269573,0.0,0.0,1.0,0.0016987904870409132,143702.51305087534
2013-08-05,190979.21771526497,-4.894842254317877e-05,-4.894842254317877e-05,0.0,0.0,1.0,-0.0014621598246654655,143492.3970095889
2013-08-06,189884.8853349474,-0.005730112382956324,-0.005730112382956324,0.0,0.0,1.0,-0.005682526284624179,142676.9976919382
2013-08-07,188953.277429545,-0.004906171988144839,-0.004906171988144839,0.0,0.0,1.0,-0.003240522802103185,142214.64962758182
2013-08-08,190011.4442660748,0.005600150740567855,0.005600150740567855,0.0,0.0,1.0,0.0036648493884570144,142735.84489929912
2013-08-09,189874.62483303447,-0.0007200589078661575,-0.0007200589078661575,0.0,0.0,1.0,-0.002885963591114593,142323.91444777275
2013-08-12,189960.49091253075,0.0004522251436797815,0.0004522251436797815,0.0,0.0,1.0,-0.0011805187876575696,142155.89839283418
2013-08-13,190473.6495636395,0.0027013967412045834,0.0027013967412045834,0.0,0.0,1.0,0.002956360433828964,142576.16246627815
2013-08-14,189929.40309296205,-0.0028573320872692003,-0.0028573320872692003,0.0,0.0,1.0,-0.005129940888891293,141844.7551806612
2013-08-15,187339.39450364673,-0.013636691039604926,-0.013636691039604926,0.0,0.0,1.0,-0.013985951688051612,139860.92128750097
2013-08-16,186981.5481917286,-0.0019101498265554258,-0.0019101498265554258,0.0,0.0,1.0,-0.0033054270899547378,139398.62120945123
2013-08-19,185507.25813872137,-0.007884682030204907,-0.007884682030204907,0.0,0.0,1.0,-0.006392041216766731,138507.57947712
2013-08-20,186621.30171089395,0.006005390750476679,0.006005390750476679,0.0,0.0,1.0,0.00491593097463805,139188.4731772937
2013-08-21,185128.13628461616,-0.008001044964261165,-0.008001044964261165,0.0,0.0,1.0,-0.006160476464421749,138331.0058641662
2013-08-22,187162.52128300085,0.010989064327083279,0.010989064327083279,0.0,0.0,1.0,0.00911558592555295,139591.97403428916
2013-08-23,188072.19299169327,0.004860330489547889,0.004860330489547889,0.0,0.0,1.0,0.003372182934134882,140062.7037068698
2013-08-26,187386.81824142073,-0.003644210977551521,-0.003644210977551521,0.0,0.0,1.0,-0.003721042522301099,139541.52443058806
2013-08-27,183854.30751498742,-0.01885143661429911,-0.01885143661429911,0.0,0.0,1.0,-0.016084441771817337,137297.07690613365
2013-08-28,184122.16133340137,0.001456880842414391,0.001456880842414391,0.0,0.0,1.0,0.003550992390530805,137784.61778146945
2013-08-29,184731.2364329351,0.003307994513657782,0.003307994513657782,0.0,0.0,1.0,0.0015863717605626437,138003.1954081579
2013-08-30,182815.44278052298,-0.010370707680006473,-0.010370707680006473,0.0,0.0,1.0,-0.0031673706233937837,137566.08814108762
2013-09-03,184677.88713322894,0.010187565800674184,0.010187565800674184,0.0,0.0,1.0,0.004521801130049186,138188.13463390042
2013-09-04,186280.4561703065,0.00867764442161641,0.00867764442161641,0.0,0.0,1.0,0.008272850463519665,139331.3444075594
2013-09-05,186405.5887589045,0.0006717429792182743,0.0006717429792182743,0.0,0.0,1.0,0.001267178022784421,139507.90202507767
2013-09-06,186943.18114569088,0.0028839928586140333,0.0028839928586140333,0.0,0.0,1.0,0.00048224366444649114,139575.1788269695
2013-09-09,189339.49204726247,0.01281839159302674,0.01281839159302674,0.0,0.0,1.0,0.009575933269294401,140911.74142546637
2013-09-10,191138.58508245015,0.00950194286323865,0.00950194286323865,0.0,0.0,1.0,0.0073969035916579,141954.0519917232
2013-09-11,191592.5677721203,0.002375149368581593,0.002375149368581593,0.0,0.0,1.0,0.00313859911252945,142399.58885332439
2013-09-12,190589.05178114286,-0.0052377605386603925,-0.0052377605386603925,0.0,0.0,1.0,-0.0026562159857316248,142021.34478905058
2013-09-13,191384.16344335754,0.004171864305866283,0.004171864305866283,0.0,0.0,1.0,0.0022492734714913976,142340.7896322701
2013-09-16,192390.90563198985,0.005260321285310028,0.005260321285310028,0.0,0.0,1.0,0.0057874971990725665,143164.58655358065
2013-09-17,193352.50962375657,0.004998177999151994,0.004998177999151994,0.0,0.0,1.0,0.004462176855851263,143803.41225827756
2013-09-18,196431.2290144381,0.015922831292298174,0.015922831292298174,0.0,0.0,1.0,0.01157428057285892,145467.8332990894
2013-09-19,195942.18010236783,-0.00248966986829946,-0.00248966986829946,0.0,0.0,1.0,-0.001675988588059285,145224.0308705504
2013-09-20,194773.2825444305,-0.005965522876833718,-0.005965522876833718,0.0,0.0,1.0,-0.006991337900309813,144208.72059948937
2013-09-23,194458.72095570428,-0.0016150140543760292,-0.0016150140543760292,0.0,0.0,1.0,-0.004627747607290789,143541.35903778463
2013-09-24,194420.49543373325,-0.00019657396584319797,-0.00019657396584319797,0.0,0.0,1.0,-0.0023532702354996937,143203.5674299978
2013-09-25,194182.37396664056,-0.0012247755390266308,-0.0012247755390266308,0.0,0.0,1.0,-0.0028907231800814337,142789.60555815758
2013-09-26,195062.0749226515,0.004530282218931332,0.004530282218931332,0.0,0.0,1.0,0.0038453451406463834,143338.68087402545
2013-09-27,194239.84891273064,-0.00421520180305109,-0.00421520180305109,0.0,0.0,1.0,-0.004596470303610323,142679.82888402932
2013-09-30,193449.5526740944,-0.004068661724460632,-0.004068661724460632,0.0,0.0,1.0,-0.005328455026068268,141919.56583269365
2013-10-01,195053.6967644553,0.00829231222397005,0.00829231222397005,0.0,0.0,1.0,0.007916367239733102,143043.05323432872
2013-10-02,194706.70416696338,-0.0017789593493883944,-0.0017789593493883944,0.0,0.0,1.0,-0.0009453476349871037,142907.82782225232
2013-10-03,193018.47853062494,-0.008670608665281354,-0.008670608665281354,0.0,0.0,1.0,-0.009220656419403506,141590.12384226007
2013-10-04,194087.1574627409,0.005536666438629971,0.005536666438629971,0.0,0.0,1.0,0.007576784575709539,142662.9217086609
2013-10-07,192103.46307555487,-0.010220637022657481,-0.010220637022657481,0.0,0.0,1.0,-0.008645274003958092,141429.56166028432
2013-10-08,189825.90100627686,-0.011855913645774428,-0.011855913645774428,0.0,0.0,1.0,-0.011646178919165306,139782.44768072953
2013-10-09,189888.86209852484,0.00033167808984024827,0.00033167808984024827,0.0,0.0,1.0,0.0007246910822602537,139883.74677402026
2013-10-10,193916.0903302215,0.021208343592090596,0.021208343592090596,0.0,0.0,1.0,0.02155849778204777,142899.4302185925
2013-10-11,195613.28211488106,0.008752196796920925,0.008752196796920925,0.0,0.0,1.0,0.006442973694287701,143820.12748841956
2013-10-14,196423.30805695866,0.004140955733271149,0.004140955733271149,0.0,0.0,1.0,0.003994184170672099,144394.57156505785
2013-10-15,194993.12035302364,-0.007281150684623945,-0.007281150684623945,0.0,0.0,1.0,-0.007254269191588669,143347.09447312081
2013-10-16,197192.39546168182,0.011278731806930137,0.011278731806930137,0.0,0.0,1.0,0.01396579909057949,145349.05119475073
2013-10-17,199079.2470973606,0.009568582151766739,0.009568582151766739,0.0,0.0,1.0,0.006683241428217412,146320.4539952476
2013-10-18,200679.41437913396,0.008037840734804364,0.008037840734804364,0.0,0.0,1.0,0.006754967785126631,147308.8439482906
2013-10-21,200651.48891202753,-0.0001391546172925251,-0.0001391546172925251,0.0,0.0,1.0,5.700678543618665e-05,147317.2415519504
2013-10-22,201881.45193210358,0.00612984746211039,0.00612984746211039,0.0,0.0,1.0,0.005791559242146027,148170.43808378806
2013-10-23,200679.98185330763,-0.005951364364072472,-0.005951364364072472,0.0,0.0,1.0,-0.004789116615631861,147460.83257681553
2013-10-24,201724.64316575308,0.005205607967460427,0.005205607967460427,0.0,0.0,1.0,0.0033226191493764823,147950.78876291827
2013-10-25,201900.7058177904,0.0008727870292609315,0.0008727870292609315,0.0,0.0,1.0,0.0045676752512524565,148626.57991915394
2013-10-28,201866.0697074694,-0.0001715502191075301,-0.0001715502191075301,0.0,0.0,1.0,0.0015909706309167326,148863.0404427789
2013-10-29,202560.9012113348,0.0034420420671601444,0.0034420420671601444,0.0,0.0,1.0,0.005333959412653133,149657.06985854483
2013-10-30,201060.11539668412,-0.007409059723153939,-0.007409059723153939,0.0,0.0,1.0,-0.004966847779384831,148913.74597344868
2013-10-31,200105.1888735769,-0.004749457749107473,-0.004749457749107473,0.0,0.0,1.0,-0.0028361618150404277,148491.40249338414
2013-11-01,199443.54707967106,-0.0033064699502813135,-0.00297313661694798,0.6666666666666666,0.0003333333333333333,1.0,0.002389328606309693,148846.19724915264
2013-11-04,200628.72713334902,0.005942433691296692,0.005942433691296692,0.0,0.0,1.0,0.0035185484091093677,149369.91979968562
2013-11-05,199891.5920824571,-0.003674125143614241,-0.003674125143614241,0.0,0.0,1.0,-0.003167391353700477,148896.80680720918
2013-11-06,200171.27464335124,0.001399171210656839,0.001399171210656839,0.0,0.0,1.0,0.005105972838759687,149657.06985854483
2013-11-07,196738.77791569033,-0.017147798722752107,-0.017147798722752107,0.0,0.0,1.0,-0.012642904689449952,147764.9697882209
2013-11-08,199200.91898345063,0.012514772602762864,0.012514772602762864,0.0,0.0,1.0,0.013490661235733503,149758.41693814218
2013-11-11,199330.06550151252,0.0006483229029311163,0.0006483229029311163,0.0,0.0,1.0,0.00016982512924856863,149783.84968065476
2013-11-12,199265.90550851714,-0.00032187815136630604,-0.00032187815136630604,0.0,0.0,1.0,-0.002030293794575533,149479.74446012048
2013-11-13,200921.85629063964,0.00831025647812944,0.00831025647812944,0.0,0.0,1.0,0.008023841243853802,150679.14619884032
2013-11-14,201371.07980047495,0.0022358120621059534,0.0022358120621059534,0.0,0.0,1.0,0.004989419471103096,151430.947664774
2013-11-15,202296.4691696953,0.004595443249036935,0.004595443249036935,0.0,0.0,1.0,0.004351474865416094,152089.89562738343
2013-11-18,201163.30952656642,-0.005601480084055884,-0.005601480084055884,0.0,0.0,1.0,-0.0034994574757651886,151557.66350514183
2013-11-19,200383.23495400528,-0.003877817353457676,-0.003877817353457676,0.0,0.0,1.0,-0.0021734961594426228,151228.25350557928
2013-11-20,199732.167629015,-0.003249110760886446,-0.003249110760886446,0.0,0.0,1.0,-0.0031282580512504987,150755.1725039739
2013-11-21,202024.48607095142,0.011476961719026752,0.011476961719026752,0.0,0.0,1.0,0.008068743954171564,151971.57739067546
2013-11-22,202913.94713687315,0.004402738911605771,0.004402738911605771,0.0,0.0,1.0,0.005002771306484188,152731.85643744667
2013-11-25,202955.18474929102,0.00020322709700230468,0.00020322709700230468,0.0,0.0,1.0,-0.0009958668749374677,152579.7558408729
2013-11-26,203810.15826965694,0.004212622217175813,0.004212622217175813,0.0,0.0,1.0,0.0002766550133996848,152621.9677952696
2013-11-27,204827.9688377257,0.0049939148112632115,0.0049939148112632115,0.0,0.0,1.0,0.002435232264626608,152993.63773553545
2013-11-29,205406.92117219005,0.0028265296861047506,0.0028265296861047506,0.0,0.0,1.0,-0.0006624267590300548,152892.29065593806
2013-12-02,204273.35122674392,-0.005518655062727232,-0.005185321729393899,0.6666666666666666,0.0003333333333333333,1.0,-0.002596643090779449,152495.28394577288
2013-12-03,203596.20213260566,-0.0033149164591060134,-0.0033149164591060134,0.0,0.0,1.0,-0.00432047452844786,151836.43195577676
2013-12-04,203470.14647621702,-0.0006191454215170126,-0.0006191454215170126,0.0,0.0,1.0,-0.00011103520311062098,151819.57276671496
2013-12-05,203133.41989478975,-0.0016549188530054308,-0.0016549188530054308,0.0,0.0,1.0,-0.004395543727810924,151152.2431958813
2013-12-06,204909.71646859802,0.008744482196618645,0.008744482196618645,0.0,0.0,1.0,0.011176638100360847,152841.6171161394
2013-12-09,205343.1181163767,0.002115085879029495,0.002115085879029495,0.0,0.0,1.0,0.002542351507174967,153230.19423177367
2013-12-10,204429.3900854658,-0.004449762131268538,-0.004449762131268538,0.0,0.0,1.0,-0.0035831275144525554,152681.1509067769
2013-12-11,201668.45644691816,-0.01350556119838427,-0.01350556119838427,0.0,0.0,1.0,-0.011230454375689813,150966.47220749053
2013-12-12,201420.0836660466,-0.001231589636017031,-0.001231589636017031,0.0,0.0,1.0,-0.0033016189598390477,150468.03844055027
2013-12-13,201545.66622415945,0.000623485780698411,0.000623485780698411,0.0,0.0,1.0,-0.00011268281191667562,150451.0832788752
2013-12-16,203135.14069955607,0.00788642348493281,0.00788642348493281,0.0,0.0,1.0,0.00623248701131085,151388.76770124843
2013-12-17,202687.72256282478,-0.002202563944330123,-0.002202563944330123,0.0,0.0,1.0,-0.003180622997648652,150907.25710511213
2013-12-18,205555.01349586475,0.014146347380025626,0.014146347380025626,0.0,0.0,1.0,0.01707253088300842,153483.62591250925
2013-12-19,204775.04360572514,-0.0037944581203577608,-0.0037944581203577608,0.0,0.0,1.0,-0.0011561712909349264,153306.1725506006
2013-12-20,207018.69091774386,0.010956644288835507,0.010956644288835507,0.0,0.0,1.0,0.005817492438209282,154198.03005014453
2013-12-23,208895.81220323822,0.009067400036068207,0.009067400036068207,0.0,0.0,1.0,0.005342357004217924,155021.81097601954
2013-12-24,209347.24119449258,0.0021610246107526265,0.0021610246107526265,0.0,0.0,1.0,0.0021915822604829938,155361.55402694253
2013-12-26,209939.4271274706,0.002828725755348538,0.002828725755348538,0.0,0.0,1.0,0.0050836683871333666,156151.3606477252
2013-12-27,209717.65758191422,-0.0010563501510449196,-0.0010563501510449196,0.0,0.0,1.0,-5.4290790694189184e-05,156142.88306688768
2013-12-30,209559.93160782228,-0.0007520872391508041,-0.0007520872391508041,0.0,0.0,1.0,-0.00016349586112685,156117.35435176184
2013-12-31,210510.05279420863,0.004533887652551952,0.004533887652551952,0.0,0.0,1.0,0.004733036554164904,156856.26349664826
2014-01-02,208526.79093392927,-0.009421221618419035,-0.009421221618419035,0.0,0.0,1.0,-0.009583315402708958,155353.06045066947
2014-01-03,208366.85930622742,-0.0007669596169661931,-0.0007669596169661931,0.0,0.0,1.0,-0.00016432708214308978,155327.5317355436
2014-01-06,207345.89106332327,-0.004899859057738487,-0.004899859057738487,0.0,0.0,1.0,-0.0028978221126482184,154877.42017937728
2014-01-07,208988.07012307143,0.007919998083041927,0.007919998083041927,0.0,0.0,1.0,0.006141841432895978,155828.652735655
2014-01-08,209246.26178050248,0.0012354373016555027,0.0012354373016555027,0.0,0.0,1.0,0.00021792083202032408,155862.61104531176
2014-01-09,209078.4233370276,-0.0008021096388853104,-0.0008021096388853104,0.0,0.0,1.0,0.0006538253090839774,155964.5179651531
2014-01-10,209874.6264945801,0.0038081555468257493,0.0038081555468257493,0.0,0.0,1.0,0.0027228168544917164,156389.1807833713
2014-01-13,206953.1483934061,-0.013920111020421306,-0.013920111020421306,0.0,0.0,1.0,-0.013305665997723426,154308.31857821016
2014-01-14,209867.96355901184,0.01408442049919863,0.01408442049919863,0.0,0.0,1.0,0.010898285501992122,155990.01468940786
2014-01-15,211341.29917591272,0.007020297866885257,0.007020297866885257,0.0,0.0,1.0,0.005390089044906787,156830.8147587001
2014-01-16,211342.5354105346,5.8494701543250764e-06,5.8494701543250764e-06,0.0,0.0,1.0,-0.0012998837397037999,156626.95293271076
2014-01-17,210397.7937264153,-0.004470191872564144,-0.004470191872564144,0.0,0.0,1.0,-0.00422938041731713,155964.5179651531
2014-01-21,211556.148000758,0.005505543826419323,0.005505543826419323,0.0,0.0,1.0,0.0029407529656746423,156423.17108389913
2014-01-22,212142.02496530453,0.0027693686526399177,0.0027693686526399177,0.0,0.0,1.0,0.0006512777375906609,156525.0460128694
2014-01-23,210847.10169887898,-0.0061040393417446,-0.0061040393417446,0.0,0.0,1.0,-0.008193053328219735,155242.62796368392
2014-01-24,206172.44143217572,-0.02217085380371675,-0.02217085380371675,0.0,0.0,1.0,-0.021336090826653442,151930.35715328238
2014-01-27,204163.24022820697,-0.00974524621240284,-0.00974524621240284,0.0,0.0,1.0,-0.004919271827748761,151182.97042755844
2014-01-28,205247.26170730309,0.0053095820671949685,0.0053095820671949685,0.0,0.0,1.0,0.005955056227326727,152083.27351706882
2014-01-29,202869.79615573183,-0.011583421536515702,-0.011583421536515702,0.0,0.0,1.0,-0.009605258438835751,150622.47437071323
2014-01-30,205844.9488444915,0.014665330892706347,0.014665330892706347,0.0,0.0,1.0,0.010600757747681655,152219.18673287355
2014-01-31,204750.43827935145,-0.0053171601794654855,-0.0053171601794654855,0.0,0.0,1.0,-0.005858929634629195,151327.34522876516
2014-02-03,199512.16011426313,-0.02558372137861538,-0.02558372137861538,0.0,0.0,1.0,-0.02250519995543654,147921.69306566642
2014-02-04,200969.07842255066,0.007302403560029239,0.007302403560029239,0.0,0.0,1.0,0.00700473542520208,148957.84538923937
2014-02-05,200209.6925769532,-0.0037786203308391992,-0.0037786203308391992,0.0,0.0,1.0,-0.0012544399895109137,148770.98671123173
2014-02-06,202469.06583482286,0.011285034349679238,0.011285034349679238,0.0,0.0,1.0,0.013187303512370852,150732.87486682762
2014-02-07,205273.7636426131,0.013852475666966308,0.013852475666966308,0.0,0.0,1.0,0.012395722053383018,152601.3176879842
2014-02-10,205970.46087305612,0.0033939906302687577,0.0033939906302687577,0.0,0.0,1.0,0.0018364194683941903,152881.557718689
2014-02-11,208115.929484957,0.010416389820204245,0.010416389820204245,0.0,0.0,1.0,0.010943808967396773,154554.66428100038
2014-02-12,208555.51035008734,0.002112192306558051,0.002112192306558051,0.0,0.0,1.0,0.0004949069193100897,154631.1544537647
2014-02-13,210314.03214402654,0.008431912400623057,0.008431912400623057,0.0,0.0,1.0,0.0051628159328367396,155429.48664169153
2014-02-14,210940.21568851452,0.0029773740634631745,0.0029773740634631745,0.0,0.0,1.0,0.005518819114521234,156287.27386352993
2014-02-18,212102.30415919976,0.005509089231240975,0.005509089231240975,0.0,0.0,1.0,0.001195405630401547,156474.10055066648
2014-02-19,210424.60223969424,-0.00790987125838242,-0.00790987125838242,0.0,0.0,1.0,-0.0066215708134447215,155437.99621340018
2014-02-20,211923.504738888,0.0071232283831830214,0.0071232283831830214,0.0,0.0,1.0,0.005900811173733755,156355.206478279
2014-02-21,211969.3396232997,0.00021628032467713165,0.00021628032467713165,0.0,0.0,1.0,-0.0011405639433456072,156176.8733674155
2014-02-24,213257.66479791715,0.006077884551166571,0.006077884551166571,0.0,0.0,1.0,0.0055468954837440965,157043.1701609625
2014-02-25,213225.2932100183,-0.00015179565962852854,-0.00015179565962852854,0.0,0.0,1.0,-0.0003788959440716999,156983.66714074434
2014-02-26,213604.98960944568,0.001780728701136584,0.001780728701136584,0.0,0.0,1.0,5.4410517573488804e-05,156992.20870332405
2014-02-27,214828.88137247582,0.005729696507876136,0.005729696507876136,0.0,0.0,1.0,0.005247170781552235,157815.9736337635
2014-02-28,214645.55538965447,-0.0008533581781470602,-0.0008533581781470602,0.0,0.0,1.0,0.0025295163451635183,158215.171718598
2014-03-03,213228.2588332879,-0.006602962515546743,-0.006602962515546743,0.0,0.0,1.0,-0.007032261782359606,157102.56121313185
2014-03-04,216918.5239162422,0.017306641732883838,0.017306641732883838,0.0,0.0,1.0,0.01405539075061446,159310.69909890473
2014-03-05,217140.91557068692,0.0010252312731512392,0.0010252312731512392,0.0,0.0,1.0,0.0009065479489465122,159455.12188641808
2014-03-06,217230.99707262983,0.0004148527314907039,0.0004148527314907039,0.0,0.0,1.0,0.00229034840641118,159820.32967072475
2014-03-07,216879.45458253726,-0.001618288802380389,-0.001618288802380389,0.0,0.0,1.0,0.0004251562384121055,159888.27828090935
2014-03-10,216663.36685827098,-0.0009963494452815598,-0.0009963494452815598,0.0,0.0,1.0,-0.0005311194054263835,159803.35851361413
2014-03-11,215244.9213264936,-0.006546771391701012,-0.006546771391701012,0.0,0.0,1.0,-0.0049426658765875375,159013.5039065248
2014-03-12,215753.23091100535,0.002361540432076925,0.002361540432076925,0.0,0.0,1.0,0.00026707091109900993,159055.97178789016
2014-03-13,213098.22905032535,-0.012305733960364976,-0.012305733960364976,0.0,0.0,1.0,-0.011213379948480595,157272.41674315775
2014-03-14,212710.82344364296,-0.0018179672745703237,-0.0018179672745703237,0.0,0.0,1.0,-0.0028078794336765522,156830.81475870003
2014-03-17,214289.46773486066,0.0074215513139412135,0.0074215513139412135,0.0,0.0,1.0,0.009043396738490195,158249.0980373836
2014-03-18,216702.39368615864,0.01126012387264641,0.01126012387264641,0.0,0.0,1.0,0.007137795322149865,159378.64770908927
2014-03-19,215456.1274925534,-0.005751049503450141,-0.005751049503450141,0.0,0.0,1.0,-0.005328478258949665,158529.4020498306
2014-03-20,216171.50343470345,0.0033202858998510423,0.0033202858998510423,0.0,0.0,1.0,0.005839420477322221,159455.12188641803
2014-03-21,214692.34299657942,-0.006842532038783895,-0.006842532038783895,0.0,0.0,1.0,-0.0038784048895006418,158836.6903620378
2014-03-24,212954.67313178597,-0.008093767297612315,-0.008093767297612315,0.0,0.0,1.0,-0.004135496367317026,158179.82180604892
2014-03-25,213507.88294075846,0.0025977819638178428,0.0025977819638178428,0.0,0.0,1.0,0.004745648221367915,158930.4875960591
2014-03-26,210715.9965505041,-0.013076268434683494,-0.013076268434683494,0.0,0.0,1.0,-0.007192237512316346,157787.42178131998
2014-03-27,209996.3904076636,-0.003415052272350986,-0.003415052272350986,0.0,0.0,1.0,-0.002108261033878178,157454.76470834235
2014-03-28,210411.16360848665,0.0019751444299489123,0.0019751444299489123,0.0,0.0,1.0,0.0049300412617938605,158231.0231952205
2014-03-31,212743.48270599518,0.01108457867686267,0.01108457867686267,0.0,0.0,1.0,0.008194688757201307,159527.67718203884
2014-04-01,215391.94379674952,0.01244908213904927,0.01244908213904927,0.0,0.0,1.0,0.0066301860212116814,160585.37535728756
2014-04-02,216140.1422857955,0.003473660508640064,0.003473660508640064,0.0,0.0,1.0,0.0033467968862836983,161122.82199151604
2014-04-03,214742.66671000942,-0.006465599406973036,-0.006465599406973036,0.0,0.0,1.0,-0.0013235316016499965,160909.57084486325
2014-04-04,210337.4115707978,-0.020514112107774502,-0.020514112107774502,0.0,0.0,1.0,-0.011822200184935627,159007.2656866632
2014-04-07,207874.22471175288,-0.011710645484556801,-0.011710645484556801,0.0,0.0,1.0,-0.011051435549890853,157250.00713796268
2014-04-08,209284.96756443588,0.006786521294976181,0.006786521294976181,0.0,0.0,1.0,0.0041226008119272795,157898.2861450652
2014-04-09,212237.81724149853,0.014109229685373684,0.014109229685373684,0.0,0.0,1.0,0.010751095658706689,159595.86572375664
2014-04-10,206540.98774531513,-0.026841726748919343,-0.026841726748919343,0.0,0.0,1.0,-0.021005778149989718,156243.43037470785
2014-04-11,204166.74550287946,-0.011495259456023033,-0.011495259456023033,0.0,0.0,1.0,-0.00900829146106763,154835.94401501547
2014-04-14,205427.99591555615,0.006177550656303469,0.006177550656303469,0.0,0.0,1.0,0.007877782745633999,156055.7079431809
2014-04-15,206391.75685185194,0.004691478062668489,0.004691478062668489,0.0,0.0,1.0,0.006887676790247044,157130.56922076675
2014-04-16,208775.60202124473,0.011550098733370909,0.011550098733370909,0.0,0.0,1.0,0.010477873230651857,158776.96340572208
2014-04-17,209235.79193410222,0.002204232239793269,0.002204232239793269,0.0,0.0,1.0,0.0013970836533556685,158998.7881058257
2014-04-21,210324.21610222897,0.005201902399516529,0.005201902399516529,0.0,0.0,1.0,0.0034870315263384466,159553.2218926003
2014-04-22,211922.86876032865,0.007600896785573481,0.007600896785573481,0.0,0.0,1.0,0.004544396437385689,160278.29498574245
2014-04-23,210692.2961056802,-0.005806700625783627,-0.005806700625783627,0.0,0.0,1.0,-0.0023415578769875323,159902.99408160843
2014-04-24,211327.71745645962,0.0030158736817822813,0.0030158736817822813,0.0,0.0,1.0,0.002027150918159748,160227.14158287746
2014-04-25,208384.16958639145,-0.013928830091465023,-0.013928830091465023,0.0,0.0,1.0,-0.00819891756598301,158913.45245720638
2014-04-28,208425.28001200792,0.00019728190340976637,0.00019728190340976637,0.0,0.0,1.0,0.003167009313105096,159416.73284111603
2014-04-29,209478.42164691485,0.005052849802318866,0.005052849802318866,0.0,0.0,1.0,0.004655447424337877,160158.88905941756
2014-04-30,210335.44575963638,0.004091228614305923,0.004091228614305923,0.0,0.0,1.0,0.0029825861670682574,160636.5767464592
2014-05-01,210526.4278973412,0.0009079883659887469,0.0009079883659887469,0.0,0.0,1.0,0.00010594812067044046,160653.59588987645
2014-05-02,210354.15043588658,-0.0008183175061452496,-0.0008183175061452496,0.0,0.0,1.0,-0.00143353330913909,160423.29360893532
2014-05-05,210769.36756594543,0.0019738955908332745,0.0019738955908332745,0.0,0.0,1.0,0.0019141881745288192,160730.3739804805
2014-05-06,208104.4982217768,-0.012643532477910242,-0.012643532477910242,0.0,0.0,1.0,-0.008703276056213238,159331.49316511
2014-05-07,208357.3323151564,0.0012149381466524851,0.0012149381466524851,0.0,0.0,1.0,0.005888831108335824,160269.7694185983
2014-05-08,207519.21870565874,-0.004022481955326396,-0.004022481955326396,0.0,0.0,1.0,-0.0010649999266446608,160099.08212592415
2014-05-09,208512.87543546903,0.004788263641352911,0.004788263641352911,0.0,0.0,1.0,0.001492449631573356,160338.02194205823
2014-05-12,211913.84734638015,0.016310608655740595,0.016310608655740595,0.0,0.0,1.0,0.00973624663881223,161899.11246926538
2014-05-13,211334.65286110237,-0.0027331601616908206,-0.0027331601616908206,0.0,0.0,1.0,0.0008957097813364623,162044.1270878938
2014-05-14,209489.63539888937,-0.008730312029923692,-0.008730312029923692,0.0,0.0,1.0,-0.004737900280416429,161276.37817272422
2014-05-15,207856.52293489504,-0.00779567189987577,-0.00779567189987577,0.0,0.0,1.0,-0.008780132207306557,159860.35025045215
2014-05-16,208989.0978418671,0.005448830236262599,0.005448830236262599,0.0,0.0,1.0,0.0034683383424438663,160414.8000326623
2014-05-19,210479.3997461651,0.007131003098667173,0.007131003098667173,0.0,0.0,1.0,0.003668838880398928,161003.33608801354
2014-05-20,208712.25273952706,-0.008395819299984675,-0.008395819299984675,0.0,0.0,1.0,-0.0063046540785528515,159988.26574848563
2014-05-21,210319.64989987767,0.007701498782424876,0.007701498782424876,0.0,0.0,1.0,0.008424214066617974,161336.04114729786
2014-05-22,211527.03024088888,0.005740692044637748,0.005740692044637748,0.0,0.0,1.0,0.002432587310809309,161728.505153769
2014-05-23,213093.54866147987,0.007405760005267566,0.007405760005267566,0.0,0.0,1.0,0.004008341084032363,162376.76816543596
2014-05-27,215436.6616851899,0.010995701364156691,0.010995701364156691,0.0,0.0,1.0,0.006146810246896894,163374.86734785326
2014-05-28,214790.1178214753,-0.0030010856028738204,-0.0030010856028738204,0.0,0.0,1.0,-0.0007312624640891663,163255.39743978623
2014-05-29,215859.02170097711,0.004976503995357318,0.004976503995357318,0.0,0.0,1.0,0.0051729438878096445,164099.9084501243
2014-05-30,215659.20761723132,-0.0009256693659188686,-0.0009256693659188686,0.0,0.0,1.0,0.0016116311932026228,164364.3769813842
2014-06-02,215743.5024069894,0.0003908703490539404,0.0007242036823872737,0.6666666666666666,0.0003333333333333333,1.0,0.0011418194664016834,164552.05142660454
2014-06-03,215498.93379233716,-0.0011336082520384538,-0.0011336082520384538,0.0,0.0,1.0,-0.0005181076182427802,164466.79575516295
2014-06-04,215891.3782323944,0.0018210968989545624,0.0018210968989545624,0.0,0.0,1.0,0.0020220561775854407,164799.35685552735
2014-06-05,217464.2341988801,0.007285404259139039,0.007285404259139039,0.0,0.0,1.0,0.0065224360638689305,165874.25012398424
2014-06-06,218621.6151226787,0.005322166783252221,0.005322166783252221,0.0,0.0,1.0,0.004782596578875475,166667.55974515076
2014-06-09,218568.62291440717,-0.0002423923555858002,-0.0002423923555858002,0.0,0.0,1.0,0.001023734379941077,166838.18305608272
2014-06-10,218545.95635247076,-0.00010370455573257176,-0.00010370455573257176,0.0,0.0,1.0,0.00010220163020235873,166855.23419037106
2014-06-11,217912.78106285218,-0.002897218050547508,-0.002897218050547508,0.0,0.0,1.0,-0.0034762258820173475,166275.20770672843
2014-06-12,216762.51638340042,-0.005278555364405098,-0.005278555364405098,0.0,0.0,1.0,-0.007080021617740351,165097.97564167052
2014-06-13,217246.54350527,0.0022329834970794917,0.0022329834970794917,0.0,0.0,1.0,0.0030483740454938513,165601.25602558017
2014-06-16,217389.7686718228,0.0006592747771350105,0.0006592747771350105,0.0,0.0,1.0,0.0008245893570115737,165737.80905880663
2014-06-17,217578.4160337667,0.000867783995063302,0.000867783995063302,0.0,0.0,1.0,0.002779308809312653,166198.44561155993
2014-06-18,219143.1135244788,0.007191418704276456,0.007191418704276456,0.0,0.0,1.0,0.007339682996760466,167418.2895169031
2014-06-19,219572.79896238216,0.001960752637820732,0.001960752637820732,0.0,0.0,1.0,0.0011209912952871992,167605.96396212344
2014-06-20,219683.15903001095,0.0005026126558039801,0.0005026126558039801,0.0,0.0,1.0,0.002030470029571463,167946.28284872597
2014-06-23,219479.27218073877,-0.000928095035470422,-0.000928095035470422,0.0,0.0,1.0,-0.0003065819983507634,167894.7935417146
2014-06-24,218510.11602841463,-0.004415706971754677,-0.004415706971754677,0.0,0.0,1.0,-0.006024245030614717,166883.35416605487
2014-06-25,219277.2934437343,0.0035109469038033434,0.0035109469038033434,0.0,0.0,1.0,0.004519904082990633,167637.6509199332
2014-06-26,219317.69406434114,0.00018424443302985277,0.00018424443302985277,0.0,0.0,1.0,-0.0007158162667004753,167517.65316249325
2014-06-27,219823.79941054093,0.0023076357261505214,0.0023076357261505214,0.0,0.0,1.0,0.001944362565993396,167843.36821644547
2014-06-30,219975.82491975752,0.0006915789356033429,0.0006915789356033429,0.0,0.0,1.0,-0.0005104256049915934,167757.69666367976
2014-07-01,221914.29964421902,0.008812217093258596,0.008812217093258596,0.0,0.0,1.0,0.006692984108846778,168880.49626158652
2014-07-02,222232.018061612,0.0014317167388598524,0.0014317167388598524,0.0,0.0,1.0,0.0010147713927666224,169051.871357989
2014-07-03,223213.8496782457,0.004418047521673666,0.004418047521673666,0.0,0.0,1.0,0.00491836457210626,169883.3300929244
2014-07-07,222148.90680476697,-0.0047709533929627766,-0.0047709533929627766,0.0,0.0,1.0,-0.003481302335110792,169291.9148591755
2014-07-08,220003.93285302256,-0.009655568341956761,-0.009655568341956761,0.0,0.0,1.0,-0.006429848586948839,168203.39347963635
2014-07-09,221114.7802447109,0.005049216063016966,0.005049216063016966,0.0,0.0,1.0,0.004484147150473516,168957.64224720804
2014-07-10,219779.50705507517,-0.0060388237645534835,-0.0060388237645534835,0.0,0.0,1.0,-0.003957069984604544,168289.06503240205
2014-07-11,220395.81497205552,0.0028042101160318618,0.0028042101160318618,0.0,0.0,1.0,0.001375335659839827,168520.51898470224
2014-07-14,221749.68382012742,0.006142897260746977,0.006142897260746977,0.0,0.0,1.0,0.005035148655911037,169369.0448493615
2014-07-15,221171.89062169308,-0.002605610021536808,-0.002605610021536808,0.0,0.0,1.0,-0.0018726768616696976,169051.87135798897
2014-07-16,222194.79205951162,0.0046249161000671,0.0046249161000671,0.0,0.0,1.0,0.003701570582046676,169677.62879184764
2014-07-17,219427.52919488974,-0.012454220186586224,-0.012454220186586224,0.0,0.0,1.0,-0.011365609596942994,167749.13910566448
2014-07-18,221910.02501002717,0.011313511227356354,0.011313511227356354,0.0,0.0,1.0,0.010218823448866265,169463.3379418846
2014-07-21,221406.85955878868,-0.002267430014555464,-0.002267430014555464,0.0,0.0,1.0,-0.0018712573084042061,169146.22843225425
2014-07-22,222524.80961432276,0.005049301804659197,0.005049301804659197,0.0,0.0,1.0,0.004357777690356945,169883.33009292436
2014-07-23,223318.3645280687,0.003566141299575998,0.003566141299575998,0.0,0.0,1.0,0.002220278854444979,170260.51845845237
2014-07-24,223412.8827314307,0.00042324420368100574,0.00042324420368100574,0.0,0.0,1.0,5.026155266474319e-05,170269.07601646762
2014-07-25,222467.21881730363,-0.004232808343751023,-0.004232808343751023,0.0,0.0,1.0,-0.00468179272350755,169471.91149533537
2014-07-28,222531.1390583819,0.0002873243141983857,0.0002873243141983857,0.0,0.0,1.0,0.0004045297898058742,169540.46793207055
2014-07-29,221929.28352455303,-0.002704590181740592,-0.002704590181740592,0.0,0.0,1.0,-0.004296980659954763,168811.95582028676
2014-07-30,222122.46070072998,0.0008704447340568039,0.0008704447340568039,0.0,0.0,1.0,0.0001520785297521865,168837.62849433252
2014-07-31,217928.42682749467,-0.018881628899681736,-0.018881628899681736,0.0,0.0,1.0,-0.01974834972515871,165503.36396006
2014-08-01,216937.06301879315,-0.004549033933449483,-0.004549033933449483,0.0,0.0,1.0,-0.003055307709198596,164997.70025625452
2014-08-04,218294.73073692847,0.006258348385668336,0.006258348385668336,0.0,0.0,1.0,0.007220924958161623,166189.1362680742
2014-08-05,216101.00318672688,-0.010049383889367675,-0.010049383889367675,0.0,0.0,1.0,-0.009696350790704522,164577.70810521476
2014-08-06,215894.44303513638,-0.000955850035605906,-0.000955850035605906,0.0,0.0,1.0,0.00031227397069621965,164629.10143961286
2014-08-07,214693.43258180542,-0.00556295213738082,-0.00556295213738082,0.0,0.0,1.0,-0.005414848349559964,163737.659821393
2014-08-08,216456.89872959704,0.008213880259796339,0.008213880259796339,0.0,0.0,1.0,0.01156945463127923,165632.01524812845
2014-08-11,217368.04224318132,0.004209353081060666,0.004209353081060666,0.0,0.0,1.0,0.0028975500134960086,166111.94229614604
2014-08-12,217181.50104267275,-0.0008581813526196875,-0.0008581813526196875,0.0,0.0,1.0,-0.0013930724232998903,165880.5363301525
2014-08-13,218846.8427058539,0.007667971973607246,0.007667971973607246,0.0,0.0,1.0,0.006769013466285001,167003.38391436587
2014-08-14,219957.29468170166,0.005074105534802179,0.005074105534802179,0.0,0.0,1.0,0.004721910141954222,167791.95888661177
2014-08-15,220220.2953582128,0.001195689721914935,0.001195689721914935,0.0,0.0,1.0,-0.00020419466558119215,167757.69666367973
2014-08-18,221877.95384064075,0.007527273904212928,0.007527273904212928,0.0,0.0,1.0,0.008379126013267957,169163.3595437203
2014-08-19,222856.13362151285,0.004408638911347943,0.004408638911347943,0.0,0.0,1.0,0.005218742881694993,170046.17962218268
2014-08-20,222820.79303905938,-0.00015858025480020022,-0.00015858025480020022,0.0,0.0,1.0,0.0026716410876612695,170500.48198246115
2014-08-21,223500.54463879103,0.00305066502304611,0.00305066502304611,0.0,0.0,1.0,0.002915664140333174,170997.60412368694
2014-08-22,223140.83238147086,-0.001609446893749385,-0.001609446893749385,0.0,0.0,1.0,-0.0015540110753573533,170731.87195301914
2014-08-25,224262.01194983913,0.005024537895653121,0.005024537895653121,0.0,0.0,1.0,0.0050708338099683115,171597.6249017577
2014-08-26,224396.91097855748,0.0006015242061974123,0.0006015242061974123,0.0,0.0,1.0,0.0006491477558727698,171709.01711487575
2014-08-27,224527.39594579415,0.0005814918158528748,0.0005814918158528748,0.0,0.0,1.0,-0.0003990730773228979,171640.49266901164
2014-08-28,224068.64881896696,-0.0020431677163259554,-0.0020431677163259554,0.0,0.0,1.0,-0.0005494571035782325,171546.183581053
2014-08-29,224525.79664040773,0.0020402132286257975,0.0020402132286257975,0.0,0.0,1.0,0.0028479128918899033,172034.73216882796
2014-09-02,224640.8745679636,0.0005125376650603941,0.0008458709983937274,0.6666666666666666,0.0003333333333333333,1.0,-0.0004980828413018168,171949.04462062672
2014-09-03,224352.33812021473,-0.001284434314564486,-0.001284434314564486,0.0,0.0,1.0,-0.0005484711367064188,171854.73553266807
2014-09-04,223896.2631841777,-0.00203285127250441,-0.00203285127250441,0.0,0.0,1.0,-0.0014466697927566496,171606.11847803075
2014-09-05,225400.987699954,0.006720632557134361,0.006720632557134361,0.0,0.0,1.0,0.004495806148198778,172377.62632055284
2014-09-08,225272.49146498938,-0.0005700784023877636,-0.0005700784023877636,0.0,0.0,1.0,-0.0025857694895903283,171931.89751372513
2014-09-09,223711.25560149548,-0.006930432798700388,-0.006930432798700388,0.0,0.0,1.0,-0.006331491579067872,170843.3121524438
2014-09-10,223431.918709921,-0.0012486492502283841,-0.0012486492502283841,0.0,0.0,1.0,0.0037628429603377977,171486.16870689744
2014-09-11,223516.696110716,0.00037943281015773156,0.00037943281015773156,0.0,0.0,1.0,0.0011495256387870079,171683.29645452337
2014-09-12,220413.54484489726,-0.013883308584168011,-0.013883308584168011,0.0,0.0,1.0,-0.00584099828682183,170680.49461405657
2014-09-15,219291.04698797798,-0.005092690005549201,-0.005092690005549201,0.0,0.0,1.0,-0.0007535676381076328,170551.8753168592
2014-09-16,221196.22549590332,0.008687899182814391,0.008687899182814391,0.0,0.0,1.0,0.007538451928969181,171837.57243033088
2014-09-17,221386.9461081205,0.0008622236287693467,0.0008622236287693467,0.0,0.0,1.0,0.0013470275706413126,172069.0423780666
2014-09-18,221689.91483899232,0.0013685031398546301,0.0013685031398546301,0.0,0.0,1.0,0.005330013319223337,172986.17266576772
2014-09-19,221667.94637344984,-9.909546655932172e-05,-9.909546655932172e-05,0.0,0.0,1.0,-0.0009011790502962969,172830.28115097038
2014-09-22,219828.03253249888,-0.008300315273599571,-0.008300315273599571,0.0,0.0,1.0,-0.007722646280995615,171495.5740229964
2014-09-23,218677.27095613076,-0.005234826346353268,-0.005234826346353268,0.0,0.0,1.0,-0.0057245550356049835,170513.83817113913
2014-09-24,219835.3074062544,0.005295641586619104,0.005295641586619104,0.0,0.0,1.0,0.007828028032610401,171848.62527629078
2014-09-25,216784.40517531446,-0.01387812661640327,-0.01387812661640327,0.0,0.0,1.0,-0.01613573992488926,169075.72055238282
2014-09-26,219099.73468075498,0.010680332395534156,0.010680332395534156,0.0,0.0,1.0,0.007945603546861024,170419.12919729188
2014-09-29,218769.77769412496,-0.0015059670752718781,-0.0015059670752718781,0.0,0.0,1.0,-0.0018191827005881178,170109.10566560688
2014-09-30,218317.72190656117,-0.002066353919305356,-0.002066353919305356,0.0,0.0,1.0,-0.0026325704737056865,169661.2814567231
2014-10-01,216228.41070234013,-0.009570048578627272,-0.009570048578627272,0.0,0.0,1.0,-0.013551706556589438,167362.0815564067
2014-10-02,216119.2256791397,-0.0005049522532483141,-0.0005049522532483141,0.0,0.0,1.0,0.00015416059175499264,167387.88219393676
2014-10-03,218075.37711663768,0.009051260624088009,0.009051260624088009,0.0,0.0,1.0,0.01100955514562818,169230.74831366082
2014-10-06,218025.9408729078,-0.00022669337723268956,-0.00022669337723268956,0.0,0.0,1.0,-0.0011704225165738436,169032.67683533786
2014-10-07,215300.95435715903,-0.012498450894598962,-0.012498450894598962,0.0,0.0,1.0,-0.015436491139815933,166423.4054170298
2014-10-08,219511.2606035823,0.019555446277487915,0.019555446277487915,0.0,0.0,1.0,0.017489567665930128,169334.07882726548
2014-10-09,216878.34282932576,-0.01199445425723004,-0.01199445425723004,0.0,0.0,1.0,-0.019833087735207422,165975.66118532378
2014-10-10,214315.85648005092,-0.011815316899997855,-0.011815316899997855,0.0,0.0,1.0,-0.011414513206312926,164081.12980879738
2014-10-13,212090.8948699739,-0.010381693854202066,-0.010381693854202066,0.0,0.0,1.0,-0.016426696166902732,161385.81894270613
2014-10-14,213351.5883835718,0.005944118979604266,0.005944118979604266,0.0,0.0,1.0,0.0015472533205833638,161635.5236869603
2014-10-15,212135.5052210113,-0.005699902080757878,-0.005699902080757878,0.0,0.0,1.0,-0.006766185361989918,160541.86777261202
2014-10-16,211744.73321104425,-0.0018420867810878816,-0.0018420867810878816,0.0,0.0,1.0,-0.0008586461925348399,160404.01910910662
2014-10-17,213593.99968644656,0.008733470945693655,0.008733470945693655,0.0,0.0,1.0,0.011811196364779342,162298.58247650412
2014-10-20,216436.48601851796,0.013307894118018988,0.013307894118018988,0.0,0.0,1.0,0.009710191320089212,163874.53276333024
2014-10-21,220417.85869374743,0.01839510864581702,0.01839510864581702,0.0,0.0,1.0,0.01981038510090838,167120.95036560323
2014-10-22,219535.39031832342,-0.004003615590196351,-0.004003615590196351,0.0,0.0,1.0,-0.007110903097614529,165932.5694819722
2014-10-23,222051.37374886053,0.011460491298869536,0.011460491298869536,0.0,0.0,1.0,0.01162492426794759,167861.5230357861
2014-10-24,223168.75181666375,0.005032070051802617,0.005032070051802617,0.0,0.0,1.0,0.007695387008176402,169153.28241932837
2014-10-27,223669.6339001781,0.0022444095754312605,0.0022444095754312605,0.0,0.0,1.0,-0.001374455477807901,168920.78876371795
2014-10-28,225976.96739221452,0.010315810205448509,0.010315810205448509,0.0,0.0,1.0,0.011469654739965529,170858.25188924043
2014-10-29,225159.77556749704,-0.00361626157810635,-0.00361626157810635,0.0,0.0,1.0,-0.0015115588472534025,170599.989586971
2014-10-30,226273.23498026252,0.004945196849477657,0.004945196849477657,0.0,0.0,1.0,0.006410550912461899,171693.62950588373
2014-10-31,229123.88438296082,0.012598261579399583,0.012598261579399583,0.0,0.0,1.0,0.011435437250568725,173657.02123242067
2014-11-03,229315.0899999262,0.0008345075742771291,0.0011678409076104623,0.6666666666666666,0.0003333333333333333,1.0,0.0005451952492576684,173751.6982153968
2014-11-04,229032.11975067065,-0.0012339800632206188,-0.0012339800632206188,0.0,0.0,1.0,-0.003469065360163004,173148.9422178483
2014-11-05,229413.1067760925,0.001663465481769877,0.001663465481769877,0.0,0.0,1.0,0.00631581067237863,174242.51815501886
2014-11-06,229466.48550565363,0.0002326751523103281,0.0002326751523103281,0.0,0.0,1.0,0.004003115686619152,174940.03111272122
2014-11-07,230348.99753906147,0.003845929968653739,0.003845929968653739,0.0,0.0,1.0,0.0009355508595145778,175103.69640919223
2014-11-10,230157.36447995176,-0.0008319248668630839,-0.0008319248668630839,0.0,0.0,1.0,0.0031474991011322118,175654.8351362451
2014-11-11,230525.17312150248,0.0015980746146525189,0.0015980746146525189,0.0,0.0,1.0,0.0009806439158006608,175827.08998160242
2014-11-12,230512.8080229072,-5.363882142598675e-05,-5.363882142598675e-05,0.0,0.0,1.0,-0.0010776606122323562,175637.60805216583
2014-11-13,231110.82006828365,0.0025942681905857246,0.0025942681905857246,0.0,0.0,1.0,0.0011273638873627867,175835.6155487466
2014-11-14,231745.01321982595,0.002744108438345272,0.002744108438345272,0.0,0.0,1.0,0.0002451590859595676,175878.72324753366
2014-11-17,231368.26105826077,-0.0016257185271460655,-0.0016257185271460655,0.0,0.0,1.0,0.0006366207732815266,175990.69129633126
2014-11-18,232604.1395346851,0.005341607663780297,0.005341607663780297,0.0,0.0,1.0,0.005773748774943854,177006.817334605
2014-11-19,231635.16717913945,-0.004165757142087001,-0.004165757142087001,0.0,0.0,1.0,-0.0016055364847705755,176722.62643132117
2014-11-20,232517.88007858436,0.0038107896576958416,0.0038107896576958416,0.0,0.0,1.0,0.0017545660352220604,177032.6979493128
2014-11-21,233549.45399960832,0.004436535894251821,0.004436535894251821,0.0,0.0,1.0,0.005350343309780348,177979.88366039828
2014-11-24,234439.85178372526,0.0038124592837560645,0.0038124592837560645,0.0,0.0,1.0,0.002806437758096081,178479.37312608436
2014-11-25,235152.8931743172,0.0030414683560272917,0.0030414683560272917,0.0,0.0,1.0,-0.0007237762839411577,178350.19398864303
2014-11-26,236075.33656047512,0.003922738834746771,0.003922738834746771,0.0,0.0,1.0,0.002559087532022275,178806.6077464131
2014-11-28,236895.60099640556,0.003474587595135451,0.003474587595135451,0.0,0.0,1.0,-0.0021193168877468027,178427.65988297542
2014-12-01,235266.07094216452,-0.006878684312359791,-0.006545350979026458,0.6666666666666666,0.0003333333333333333,1.0,-0.006949584806189901,177187.66172884867
2014-12-02,235306.59065958037,0.0001722293284943297,0.0001722293284943297,0.0,0.0,1.0,0.006464068382901367,178333.01489087034
2014-12-03,235676.99921696653,0.0015741529225674622,0.0015741529225674622,0.0,0.0,1.0,0.0038625906516767117,179021.84232707316
2014-12-04,236500.76304856697,0.0034953085550875063,0.0034953085550875063,0.0,0.0,1.0,-0.001106230864779345,178823.80283962126
2014-12-05,235649.6789199817,-0.0035986527807121784,-0.0035986527807121784,0.0,0.0,1.0,0.0016374355001491647,179116.61528266253
2014-12-08,236547.79421591843,0.0038112307220318216,0.0038112307220318216,0.0,0.0,1.0,-0.00668254274006308,177919.6608455807
2014-12-09,237561.52113214752,0.0042855056822205615,0.0042855056822205615,0.0,0.0,1.0,-0.0006776856056628366,177799.08725246126
2014-12-10,236817.38233855958,-0.00313240456636917,-0.00313240456636917,0.0,0.0,1.0,-0.016031413109523274,174948.71663422088
2014-12-11,237661.68469774516,0.0035652043395130537,0.0035652043395130537,0.0,0.0,1.0,0.005069479397097121,175835.61554874663
2014-12-12,237183.88224939955,-0.002010431125880766,-0.002010431125880766,0.0,0.0,1.0,-0.0161610324954502,172993.93045200585
2014-12-15,235177.84497786732,-0.008457730148049587,-0.008457730148049587,0.0,0.0,1.0,-0.0068697720598202006,171805.5015820682
2014-12-16,234782.4814090271,-0.0016811259108077859,-0.0016811259108077859,0.0,0.0,1.0,-0.008019433738749138,170427.7187461782
2014-12-17,237299.39794663189,0.010720205879500583,0.010720205879500583,0.0,0.0,1.0,0.019605018296027454,173768.95729034726
2014-12-18,238348.7800429736,0.004422186088216317,0.004422186088216317,0.0,0.0,1.0,0.02472868487495794,178066.03507623027
2014-12-19,239727.95745786524,0.005786383360732782,0.005786383360732782,0.0,0.0,1.0,0.004254645242767863,178823.6428852659
2014-12-22,241371.02846810437,0.006853898175509743,0.006853898175509743,0.0,0.0,1.0,0.004600405360910997,179646.3041306529
2014-12-23,239265.63951116454,-0.008722624957526922,-0.008722624957526922,0.0,0.0,1.0,0.001349378306555682,179888.7149562997
2014-12-24,239438.13042956011,0.0007209180505316493,0.0007209180505316493,0.0,0.0,1.0,9.638765907182822e-05,179906.05400842777
2014-12-26,240583.87390811447,0.004785133748325121,0.004785133748325121,0.0,0.0,1.0,0.0032245855174428684,180486.17646468367
2014-12-29,241608.10277363262,0.004257263169306672,0.004257263169306672,0.0,0.0,1.0,0.0013434536214267379,180728.6512720726
2014-12-30,241231.17507324961,-0.0015600788883152195,-0.0015600788883152195,0.0,0.0,1.0,-0.005366339185418845,179758.80002882337
2014-12-31,239203.38049085625,-0.008406022073132124,-0.008406022073132124,0.0,0.0,1.0,-0.009922735372990377,177975.10102517105
2015-01-02,241051.4234271162,0.00772582282268619,0.00772582282268619,0.0,0.0,1.0,-0.0005353828090440826,177879.8162156443
2015-01-05,241574.7178905113,0.0021708831084888596,0.0021708831084888596,0.0,0.0,1.0,-0.01805953800767779,174667.38891389914
2015-01-06,242744.6274420502,0.004842847636353823,0.004842847636353823,0.0,0.0,1.0,-0.009418922112960249,173022.21038204498
2015-01-07,244868.37603515584,0.008748900502906701,0.008748900502906701,0.0,0.0,1.0,0.012461525746479518,175178.33111143362
2015-01-08,245657.82647553677,0.0032239787479439634,0.0032239787479439634,0.0,0.0,1.0,0.017744620275991885,178286.80407758802
2015-01-09,246054.1189536006,0.0016131888967244603,0.0016131888967244603,0.0,0.0,1.0,-0.008013920557898957,176858.02779318852
2015-01-12,246294.46963292256,0.0009768203854667221,0.0009768203854667221,0.0,0.0,1.0,-0.00783311164433842,175472.67911628698
2015-01-13,246145.83221751807,-0.0006034947338688552,-0.0006034947338688552,0.0,0.0,1.0,-0.0028126268211655647,174979.13995262273
2015-01-14,247024.52845880098,0.0035698197014622695,0.0035698197014622695,0.0,0.0,1.0,-0.006037305619720157,173922.73740765295
2015-01-15,247442.492392263,0.001691993649657737,0.001691993649657737,0.0,0.0,1.0,-0.009160719132132567,172329.48005956982
2015-01-16,248073.69693648495,0.00255091410581713,0.00255091410581713,0.0,0.0,1.0,0.013114291829726232,174589.459151936
2015-01-20,249175.4706984087,0.004441316332726263,0.004441316332726263,0.0,0.0,1.0,0.002132670267536607,174961.80090049462
2015-01-21,248582.88811455193,-0.0023781738314604026,-0.0023781738314604026,0.0,0.0,1.0,0.005048073121133978,175845.0208648456
2015-01-22,251291.68068308747,0.010896939001236856,0.010896939001236856,0.0,0.0,1.0,0.014870854918155763,178459.98665820682
2015-01-23,252405.126936707,0.00443089182496148,0.00443089182496148,0.0,0.0,1.0,-0.00548269004418056,177481.54586607128
2015-01-26,252760.8507129075,0.001409336571398967,0.001409336571398967,0.0,0.0,1.0,0.0023416147534527365,177897.13927233688
2015-01-27,250736.59723710592,-0.008008572016165486,-0.008008572016165486,0.0,0.0,1.0,-0.01319028742254813,175550.62487368568
2015-01-28,251118.31719879946,0.0015223942810891349,0.0015223942810891349,0.0,0.0,1.0,-0.012824457667371725,173299.28331651245
2015-01-29,251666.69371195312,0.0021837376073190105,0.0021837376073190105,0.0,0.0,1.0,0.009243517068390883,174901.17819978856
2015-01-30,250776.495199089,-0.003537212253771645,-0.003537212253771645,0.0,0.0,1.0,-0.012574943232133595,172701.8058126929
2015-02-02,250966.34966607727,0.0007570664341470432,0.0007570664341470432,0.0,0.0,1.0,0.01238415355161182,174840.57149451794
2015-02-03,250726.45977457805,-0.0009558647676008629,-0.0009558647676008629,0.0,0.0,1.0,0.014461165818623556,177368.9699907231
2015-02-04,250450.66798313765,-0.0010999708275239253,-0.0010999708275239253,0.0,0.0,1.0,-0.0038078321725746322,176693.57872037598
2015-02-05,251257.70141590564,0.0032223249363516246,0.0032223249363516246,0.0,0.0,1.0,0.010094962205223323,178477.29371946384
2015-02-06,246832.780740914,-0.017611084755038475,-0.017611084755038475,0.0,0.0,1.0,-0.0027656355333485205,177983.6905740574
2015-02-09,245858.1288598705,-0.003948632260747005,-0.003948632260747005,0.0,0.0,1.0,-0.004475447677326327,177187.1338794758
2015-02-10,246743.37761209754,0.003600648700664122,0.003600648700664122,0.0,0.0,1.0,0.010653444738979223,179074.78721871888
2015-02-11,246952.60968803617,0.0008479744338571644,0.0008479744338571644,0.0,0.0,1.0,0.0005801506480180851,179178.6775725675
2015-02-12,248621.1846137967,0.006756660429174592,0.006756660429174592,0.0,0.0,1.0,0.009616525394035014,180901.75387551374
2015-02-13,247929.9731107393,-0.002780179428921725,-0.002780179428921725,0.0,0.0,1.0,0.004116507889855514,181646.437372631
2015-02-17,246559.05497937914,-0.005529457024334014,-0.005529457024334014,0.0,0.0,1.0,0.001573245561740988,181932.21182403355
2015-02-18,247927.63072079915,0.005550701601831021,0.005550701601831021,0.0,0.0,1.0,9.50412554658886e-05,181949.50288985498
2015-02-19,246014.22705234462,-0.007717589455002338,-0.007717589455002338,0.0,0.0,1.0,-0.0007134010116316425,181819.69993042748
2015-02-20,247595.62362057454,0.0064280695762096345,0.0064280695762096345,0.0,0.0,1.0,0.006000277646451835,182910.6686116046
2015-02-23,249288.4325465371,0.006836990497686305,0.006836990497686305,0.0,0.0,1.0,-0.0001419304411413025,182884.7080197191
2015-02-24,248803.55707686007,-0.0019450379816020966,-0.0019450379816020966,0.0,0.0,1.0,0.0028405860783820014,183404.20777526888
2015-02-25,248975.33589606997,0.0006904194667796125,0.0006904194667796125,0.0,0.0,1.0,-0.0008499015439863422,183248.3322559071
2015-02-26,247359.35758211726,-0.006490515649418641,-0.006490515649418641,0.0,0.0,1.0,-0.0011812725743912678,183031.86602671025
2015-02-27,248336.97757823305,0.003952225643176839,0.003952225643176839,0.0,0.0,1.0,-0.0034059976460216745,182408.45992187632
2015-03-02,248020.08114951,-0.0012760742754196106,-0.0012760742754196106,0.0,0.0,1.0,0.0063136948777169355,183560.1312809373
2015-03-03,247177.0907603247,-0.0033988795797432005,-0.0033988795797432005,0.0,0.0,1.0,-0.004104121183201248,182806.778257756
2015-03-04,246097.6574248958,-0.004367044421910456,-0.004367044421910456,0.0,0.0,1.0,-0.004215708475271529,182036.1181733177
2015-03-05,246375.07606040718,0.00112727052510068,0.00112727052510068,0.0,0.0,1.0,0.001094151893448636,182235.29333669305
2015-03-06,240904.4506421073,-0.022204459581612063,-0.022204459581612063,0.0,0.0,1.0,-0.014064392068221854,179672.26472253838
2015-03-09,242516.8877284159,0.006693263997451293,0.006693263997451293,0.0,0.0,1.0,0.004144498915267247,180416.91622878454
2015-03-10,242019.70168617537,-0.0020501089507520094,-0.0020501089507520094,0.0,0.0,1.0,-0.016221964620953044,177490.19939669975
2015-03-11,242211.74708449523,0.0007935114248213508,0.0007935114248213508,0.0,0.0,1.0,-0.002341680828290338,177074.5739995631
2015-03-12,244089.72718108832,0.007753464145312416,0.007753464145312416,0.0,0.0,1.0,0.012713906437565203,179325.88356586522
2015-03-13,243436.9918850635,-0.0026741612748846233,-0.0026741612748846233,0.0,0.0,1.0,-0.006132066299493699,178226.24535862406
2015-03-16,246103.1114843772,0.010951990404862128,0.010951990404862128,0.0,0.0,1.0,0.013360414470273252,180607.4218660959
2015-03-17,246883.8707531594,0.0031724884097281323,0.0031724884097281323,0.0,0.0,1.0,-0.002972850059581922,180070.50308124034
2015-03-18,251001.99689368124,0.01668041791453937,0.01668041791453937,0.0,0.0,1.0,0.012021903745534912,182235.29333669305
2015-03-19,250660.34089786373,-0.0013611684370871493,-0.0013611684370871493,0.0,0.0,1.0,-0.004561502739060863,181404.02654698415
2015-03-20,253738.0379626895,0.01227835665507156,0.01227835665507156,0.0,0.0,1.0,0.008826833149530922,183005.24962196746
2015-03-23,253364.61718405926,-0.0014716783562625697,-0.0014716783562625697,0.0,0.0,1.0,-0.0019488524347150982,182648.59939567605
2015-03-24,253158.0998115761,-0.0008150994988108673,-0.0008150994988108673,0.0,0.0,1.0,-0.00561871896290278,181622.34824670394
2015-03-25,249058.38571433673,-0.016194283731355008,-0.016194283731355008,0.0,0.0,1.0,-0.014653662169355264,178960.91571309173
2015-03-26,247046.89768115015,-0.008076371439642053,-0.008076371439642053,0.0,0.0,1.0,-0.002381605915277696,178534.7013376259
2015-03-27,248508.3064106394,0.0059155113592053166,0.0059155113592053166,0.0,0.0,1.0,0.0022896352790902075,178943.48068835036
2015-03-30,250232.68891469156,0.006938933064083441,0.006938933064083441,0.0,0.0,1.0,0.012199790849490855,181126.55372662816
2015-03-31,248793.23396677457,-0.005752465651710836,-0.005752465651710836,0.0,0.0,1.0,-0.008739415947522144,179543.61343446994
2015-04-01,249332.57940113478,0.0021678460694482715,0.0021678460694482715,0.0,0.0,1.0,-0.0035362261616769253,178908.70661148094
2015-04-02,249139.1097667302,-0.0007759500778809678,-0.0007759500778809678,0.0,0.0,1.0,0.003597412066265626,179552.31495140507
2015-04-06,250216.23832854343,0.00432340214598074,0.00432340214598074,0.0,0.0,1.0,0.006733229863961743,180761.28196057933
2015-04-07,249304.5171221706,-0.0036437331664131243,-0.0036437331664131243,0.0,0.0,1.0,-0.0026463603828541515,180282.92246524492
2015-04-08,250117.99027758563,0.003262969980669809,0.003262969980669809,0.0,0.0,1.0,0.00337692702036696,180891.7247374285
2015-04-09,247830.83840444955,-0.009144291742460267,-0.009144291742460267,0.0,0.0,1.0,0.004423307220408068,181691.86440957166
2015-04-10,248230.8125436247,0.0016138997945139473,0.0016138997945139473,0.0,0.0,1.0,0.005457443281448926,182683.4374542876
2015-04-13,247917.76629683704,-0.0012611095438952076,-0.0012611095438952076,0.0,0.0,1.0,-0.004522819553115176,181857.19323133907
2015-04-14,248556.27095347445,0.0025754695444977953,0.0025754695444977953,0.0,0.0,1.0,0.0019130435088543507,182205.09395438875
2015-04-15,248382.6550581404,-0.0006984973449595258,-0.0006984973449595258,0.0,0.0,1.0,0.0044869366068220895,183022.63666040215
2015-04-16,248067.51575932364,-0.0012687653199576765,-0.0012687653199576765,0.0,0.0,1.0,-0.00028499816337435036,182970.475545098
2015-04-17,247343.24827572404,-0.002919638556393359,-0.002919638556393359,0.0,0.0,1.0,-0.01150353556166761,180865.66817292973
2015-04-20,247973.20276421172,0.0025468837046462483,0.0025468837046462483,0.0,0.0,1.0,0.009136639684169445,182518.17261426232
2015-04-21,248093.50834378484,0.00048515556613382127,0.00048515556613382127,0.0,0.0,1.0,-0.0011912564771777712,182300.74665893294
2015-04-22,247453.92226954023,-0.002578004069974882,-0.002578004069974882,0.0,0.0,1.0,0.004913991763481285,183196.57102649144
2015-04-23,248341.05866937817,0.0035850569338384077,0.0035850569338384077,0.0,0.0,1.0,0.002516446924675897,183657.5754742622
2015-04-24,250151.39849781521,0.007289732266331302,0.007289732266331302,0.0,0.0,1.0,0.002320440025731063,184083.7418634214
2015-04-27,249829.17906379822,-0.0012880976718576687,-0.0012880976718576687,0.0,0.0,1.0,-0.004157964053926322,183318.32828184104
2015-04-28,248353.0942044132,-0.0059083765351847966,-0.0059083765351847966,0.0,0.0,1.0,0.0031790476381605703,183901.10598039697
2015-04-29,245150.67090763175,-0.012894638204691092,-0.012894638204691092,0.0,0.0,1.0,-0.004114777127691038,183144.39391575175
2015-04-30,242681.60057605495,-0.010071644195120594,-0.010071644195120594,0.0,0.0,1.0,-0.010020357576832617,181309.22160052363
2015-05-01,243271.38069320275,0.0024302630102482903,0.0024302630102482903,0.0,0.0,1.0,0.010841230659564216,183274.83669260095
2015-05-04,242721.21745885658,-0.0022615205815763964,-0.0022615205815763964,0.0,0.0,1.0,0.0028476308057308053,183796.73576348208
2015-05-05,239532.33817032963,-0.013138032685863072,-0.013138032685863072,0.0,0.0,1.0,-0.011452169404243873,181691.86440957163
2015-05-06,237462.65104106485,-0.0086405332368652,-0.0086405332368652,0.0,0.0,1.0,-0.004116566079601203,180943.91784360367
2015-05-07,240216.0137491531,0.011594929543728982,0.011594929543728982,0.0,0.0,1.0,0.003989843905114254,181665.85583137948
2015-05-08,242551.64040658102,0.009723026458456166,0.009723026458456166,0.0,0.0,1.0,0.013165828384704925,184057.63731261596
2015-05-11,239056.9566394363,-0.014407998895767863,-0.014407998895767863,0.0,0.0,1.0,-0.004772534008986806,183179.21597892774
2015-05-12,239144.29515015506,0.0003653460327884829,0.0003653460327884829,0.0,0.0,1.0,-0.0029911016167701865,182631.30832985448
2015-05-13,237906.4604478936,-0.005176099649311131,-0.005176099649311131,0.0,0.0,1.0,0.0001903183071496617,182666.06641128834
2015-05-14,240810.7038797358,0.012207501327935836,0.012207501327935836,0.0,0.0,1.0,0.010427423668903257,184570.8028756909
2015-05-15,243240.1835845291,0.010088752973400098,0.010088752973400098,0.0,0.0,1.0,0.0010837191925412437,184770.82579715
2015-05-18,242025.06001145445,-0.004995570859912536,-0.004995570859912536,0.0,0.0,1.0,0.003106703630498364,185344.8539924642
2015-05-19,240942.43639888443,-0.004473188076138834,-0.004473188076138834,0.0,0.0,1.0,-0.00032846138623998655,185283.97536478937
2015-05-20,241059.4579186358,0.0004856824787711952,0.0004856824787711952,0.0,0.0,1.0,-0.0007039290967114642,185153.54858337573
2015-05-21,242220.41243353253,0.00481605046705369,0.00481605046705369,0.0,0.0,1.0,0.0029126425793184474,185692.83469269157
2015-05-22,242072.92696987867,-0.0006088894910719992,-0.0006088894910719992,0.0,0.0,1.0,-0.0023891573465468774,185249.1852924844
2015-05-26,241911.05033931404,-0.000668710179989485,-0.000668710179989485,0.0,0.0,1.0,-0.010751656668144371,183257.44965416618
2015-05-27,244186.74393188913,0.009407150228908959,0.009407150228908959,0.0,0.0,1.0,0.009492392286577056,184997.00125572117
2015-05-28,243642.0649169144,-0.00223058388102626,-0.00223058388102626,0.0,0.0,1.0,-0.0011285178856077493,184788.22883102027
2015-05-29,242403.71534720762,-0.00508265914643713,-0.00508265914643713,0.0,0.0,1.0,-0.006212822093111803,183640.17244039194
2015-06-01,242797.32837357715,0.0016237912269856008,0.0016237912269856008,0.0,0.0,1.0,0.002036620140816181,184014.17771424697
2015-06-02,240664.04964876492,-0.00878625287643157,-0.00878625287643157,0.0,0.0,1.0,-0.0009927706201786624,183831.49384491594
2015-06-03,238462.77818969468,-0.009146656770227562,-0.009146656770227562,0.0,0.0,1.0,0.0026493230904673926,184318.5228663144
2015-06-04,238740.42296917897,0.0011643107641034671,0.0011643107641034671,0.0,0.0,1.0,-0.00844652893576825,182761.671129526
2015-06-05,236695.5840928436,-0.008565113736936431,-0.008565113736936431,0.0,0.0,1.0,-0.001713130840696131,182448.57647421682
2015-06-08,235664.0485021476,-0.004358068591137743,-0.004358068591137743,0.0,0.0,1.0,-0.006149238709519,181326.65662526494
2015-06-09,234340.65862037317,-0.0056155781511254554,-0.0056155781511254554,0.0,0.0,1.0,-0.00014396422065687808,181300.55207445956
2015-06-10,235278.70308504967,0.004002909568484628,0.004002909568484628,0.0,0.0,1.0,0.011993099309560495,183474.9076003667
2015-06-11,237521.35211003775,0.009531882807843377,0.009531882807843377,0.0,0.0,1.0,0.0032235864421756855,184066.3548249867
2015-06-12,236800.05678214505,-0.003036759943832456,-0.003036759943832456,0.0,0.0,1.0,-0.007655141069726201,182657.30091261113
2015-06-15,236107.1664292907,-0.002926056531700194,-0.002926056531700194,0.0,0.0,1.0,-0.004285449446767453,181874.53228346715
2015-06-16,237789.30969452587,0.007124490504353043,0.007124490504353043,0.0,0.0,1.0,0.005451698189738563,182866.05734187647
2015-06-17,238069.11097443776,0.001176677287432907,0.001176677287432907,0.0,0.0,1.0,0.0016172471373001596,183161.796949622
2015-06-18,239930.54182024888,0.007818867547293662,0.007818867547293662,0.0,0.0,1.0,0.010399463656894703,185066.5814003311
2015-06-19,239947.7739447156,7.18213043490179e-05,7.18213043490179e-05,0.0,0.0,1.0,-0.0044394268537787385,184244.99184912545
2015-06-22,238082.78007274005,-0.007772499162277031,-0.007772499162277031,0.0,0.0,1.0,0.0051232797602625,185188.93048679578
2015-06-23,237009.4825335481,-0.004508085544297084,-0.004508085544297084,0.0,0.0,1.0,0.0007079180670346297,185320.0290765022
2015-06-24,236855.2658595946,-0.000650677231581557,-0.000650677231581557,0.0,0.0,1.0,-0.007262851866943754,183974.07715734188
2015-06-25,235620.08780053887,-0.005214906472832699,-0.005214906472832699,0.0,0.0,1.0,-0.00304016958941844,183414.7647627268
2015-06-26,234780.87494101984,-0.0035617203412191176,-0.0035617203412191176,0.0,0.0,1.0,-0.00019063908045335864,183379.79874063085
2015-06-29,233787.83838031295,-0.004229631399731203,-0.004229631399731203,0.0,0.0,1.0,-0.020970808341709946,179534.17612749976
2015-06-30,233493.88826205733,-0.001257337080885601,-0.001257337080885601,0.0,0.0,1.0,0.002093711310887869,179910.06886274883
2015-07-01,235939.52049586474,0.01047407386981647,0.010807407203149802,0.6666666666666666,0.0003333333333333333,1.0,0.00801558520813539,181352.1533495197
2015-07-02,236086.15772303034,0.0006215034550270577,0.0006215034550270577,0.0,0.0,1.0,-0.0009158788556171693,181186.05674684624
2015-07-06,236176.2542476996,0.0003816256130314184,0.0003816256130314184,0.0,0.0,1.0,-0.002846029436691322,180670.3958958267
2015-07-07,238102.1587116268,0.008154522011799484,0.008154522011799484,0.0,0.0,1.0,0.006288732428034072,181806.58367328253
2015-07-08,235082.56665298212,-0.012681918026210845,-0.012681918026210845,0.0,0.0,1.0,-0.016776739079903402,178756.46205598724
2015-07-09,234805.84806259087,-0.0011771123411278652,-0.0011771123411278652,0.0,0.0,1.0,0.0018087834718674145,179079.79379004362
2015-07-10,237636.75244934385,0.012056362352603468,0.012056362352603468,0.0,0.0,1.0,0.012591462725670688,181334.67033847174
2015-07-13,240013.78793443152,0.010002810847174507,0.010002810847174507,0.0,0.0,1.0,0.011036945567081569,183336.05122442215
2015-07-14,241051.0675831826,0.00432175025309145,0.00432175025309145,0.0,0.0,1.0,0.004337897810399838,184131.3442795959
2015-07-15,241245.72576105056,0.0008075391651223285,0.0008075391651223285,0.0,0.0,1.0,-0.0003321028818763505,184070.19372951688
2015-07-16,243675.70520071872,0.01007263209328313,0.01007263209328313,0.0,0.0,1.0,0.008024561010178344,185547.27622925473
2015-07-17,244653.20241463408,0.004011467672208908,0.004011467672208908,0.0,0.0,1.0,0.0008478438043264536,185704.59133781536
2015-07-20,245068.8217268435,0.0016988100221351221,0.0016988100221351221,0.0,0.0,1.0,0.0005177500585924477,185800.7399008614
2015-07-21,244467.31529231585,-0.0024544388400338604,-0.0024544388400338604,0.0,0.0,1.0,-0.003951321727362456,185066.5814003311
2015-07-22,243751.6508704629,-0.0029274441902271686,-0.0029274441902271686,0.0,0.0,1.0,-0.0017948200694176686,184734.4201858553
2015-07-23,241979.7400448573,-0.007269328512352401,-0.007269328512352401,0.0,0.0,1.0,-0.005629829124035979,183694.39696688106
2015-07-24,240694.74098821604,-0.005310358034119203,-0.005310358034119203,0.0,0.0,1.0,-0.010372098093933801,181789.10066223456
2015-07-27,239707.52330170496,-0.004101534094421303,-0.004101534094421303,0.0,0.0,1.0,-0.005817126718457577,180731.6104276479
2015-07-28,241428.95580501508,0.007181387048680321,0.007181387048680321,0.0,0.0,1.0,0.0122829123310495,182951.52095398007
2015-07-29,242811.1457463027,0.005725037979304718,0.005725037979304718,0.0,0.0,1.0,0.0068792478369621435,184210.0898087717
2015-07-30,242814.21749694063,1.2650781036146032e-05,1.2650781036146032e-05,0.0,0.0,1.0,0.00023713974903305512,184253.77334323828
2015-07-31,243237.6651898713,0.0017439163871694934,0.0017439163871694934,0.0,0.0,1.0,-0.0015179943445464694,183974.0771573419
2015-08-03,242227.38804662568,-0.004153456835958987,-0.0038201235026256533,0.6666666666666666,0.0003333333333333333,1.0,-0.0033729041396716175,183353.55023090565
2015-08-04,241726.26033018908,-0.002068831771988429,-0.002068831771988429,0.0,0.0,1.0,-0.0019543103832575515,182995.22048388227
2015-08-05,242798.74351416208,0.004436767368626156,0.004436767368626156,0.0,0.0,1.0,0.0032952331920075295,183598.2324083995
2015-08-06,239746.72094553147,-0.012570174476428348,-0.012570174476428348,0.0,0.0,1.0,-0.008187720614551197,182094.98137611407
2015-08-07,238955.65392191074,-0.0032995947577546163,-0.0032995947577546163,0.0,0.0,1.0,-0.0019196808484472916,181745.41712776799
2015-08-10,241785.93779223427,0.01184438963410539,0.01184438963410539,0.0,0.0,1.0,0.012599176401319134,184035.25969829204
2015-08-11,239334.44427203608,-0.010139107106819348,-0.010139107106819348,0.0,0.0,1.0,-0.00902343455982646,182374.62957570382
2015-08-12,239552.68612363123,0.000911869799012773,0.000911869799012773,0.0,0.0,1.0,0.0011987720742940855,182593.2551886989
2015-08-13,239057.05944390743,-0.0020689673229880023,-0.0020689673229880023,0.0,0.0,1.0,-0.0012448167311778224,182365.96004963978
2015-08-14,239983.1165086357,0.0038737909136941084,0.0038737909136941084,0.0,0.0,1.0,0.003642096722911159,183030.15451510713
2015-08-17,241940.09709457282,0.008154659437747291,0.008154659437747291,0.0,0.0,1.0,0.005586993011845509,184052.74270934003
2015-08-18,240650.80482751795,-0.005328973091016394,-0.005328973091016394,0.0,0.0,1.0,-0.0028964299467287846,183519.64683357914
2015-08-19,238657.3993740057,-0.008283394086053423,-0.008283394086053423,0.0,0.0,1.0,-0.007905518671211809,182068.82883900212
2015-08-20,232781.1213475405,-0.02462223271467212,-0.02462223271467212,0.0,0.0,1.0,-0.020881438770876337,178266.96973751532
2015-08-21,226147.35150430357,-0.028497885931792217,-0.028497885931792217,0.0,0.0,1.0,-0.030102652656627038,172900.66106735746
2015-08-24,217130.37357588654,-0.03987213588148286,-0.03987213588148286,0.0,0.0,1.0,-0.04210687481931197,165620.35457561797
2015-08-25,215450.11006630902,-0.007738500523466732,-0.007738500523466732,0.0,0.0,1.0,-0.011767755503887978,163671.37473650486
2015-08-26,223650.9682615885,0.03806383850421572,0.03806383850421572,0.0,0.0,1.0,0.03839400022282202,169955.37353460782
2015-08-27,228715.73021635765,0.022645830662558243,0.022645830662558243,0.0,0.0,1.0,0.024735154267545134,174159.2459175846
2015-08-28,229457.61350799602,0.003243691594524681,0.003243691594524681,0.0,0.0,1.0,5.0054835301738265e-05,174167.9634299553
2015-08-31,227613.1477408582,-0.008038372486052029,-0.008038372486052029,0.0,0.0,1.0,-0.00807908892636744,172760.84496528038
2015-09-01,220803.98174195742,-0.029915521429601855,-0.029915521429601855,0.0,0.0,1.0,-0.029847877448675675,167604.300436827
2015-09-02,225598.9397137553,0.021715903553775208,0.021715903553775208,0.0,0.0,1.0,0.01898139938909682,170785.6646027486
2015-09-03,225164.84857486395,-0.0019241718930158949,-0.0019241718930158949,0.0,0.0,1.0,0.0007162960153224152,170907.99769377772
2015-09-04,222568.27976332488,-0.011531856894952989,-0.011531856894952989,0.0,0.0,1.0,-0.01513692631344088,168320.9759263093
2015-09-08,228220.1027626718,0.025393658994700287,0.025393658994700287,0.0,0.0,1.0,0.025131465999965963,172551.12880988244
2015-09-09,225471.84465423352,-0.01204213859852743,-0.01204213859852743,0.0,0.0,1.0,-0.013372207873855735,170243.73924656824
2015-09-10,227041.0283298832,0.0069595548750492515,0.0069595548750492515,0.0,0.0,1.0,0.005442030503783224,171170.2108686262
2015-09-11,228159.5033787009,0.004926312468919021,0.004926312468919021,0.0,0.0,1.0,0.00454398019809199,171948.00491731646
2015-09-14,227296.85991550697,-0.003780878948364837,-0.003780878948364837,0.0,0.0,1.0,-0.00371010966977392,171310.0589615744
2015-09-15,229988.9823205528,0.011844080934714896,0.011844080934714896,0.0,0.0,1.0,0.012499423432488,173451.3359267796
2015-09-16,231746.5516351211,0.007641971788538389,0.007641971788538389,0.0,0.0,1.0,0.008666333081330801,174954.52297732286
2015-09-17,231865.97982082338,0.0005153396452274304,0.0005153396452274304,0.0,0.0,1.0,-0.0022481714293342003,174561.19521733245
2015-09-18,228436.63331156154,-0.014790209895871393,-0.014790209895871393,0.0,0.0,1.0,-0.016341237775799322,171708.6492198583
2015-09-21,228930.47082480628,0.0021618140054235164,0.0021618140054235164,0.0,0.0,1.0,0.00516746712786853,172595.9480202726
2015-09-22,225643.0018601831,-0.014360119702627922,-0.014360119702627922,0.0,0.0,1.0,-0.012979497837182885,170355.73928623696
2015-09-23,225355.74342210326,-0.001273066018940098,-0.001273066018940098,0.0,0.0,1.0,-0.0015989262997226916,170083.3530143835
2015-09-24,224684.32133234723,-0.0029793875210822884,-0.0029793875210822884,0.0,0.0,1.0,-0.00361535986716377,169468.44048582265
2015-09-25,223044.21444650236,-0.007299605402456443,-0.007299605402456443,0.0,0.0,1.0,-0.0002594669082945922,169424.46903351627
2015-09-28,216979.79022002977,-0.027189336614365026,-0.027189336614365026,0.0,0.0,1.0,-0.02509740559217477,165172.35441694324
2015-09-29,216131.7478344274,-0.003908393425684498,-0.003908393425684498,0.0,0.0,1.0,0.0005853062563661027,165269.0308293622
2015-09-30,220253.48343797645,0.0190704773585905,0.0190704773585905,0.0,0.0,1.0,0.018658644157494297,168352.72686586122
2015-10-01,220697.44079860515,0.002015665558151025,0.0023489988914843587,0.6666666666666666,0.0003333333333333333,1.0,0.0026092992640034396,168792.0095121653
2015-10-02,223524.59568402133,0.012810093652132926,0.012810093652132926,0.0,0.0,1.0,0.01493739262626681,171313.32203042507
2015-10-05,225359.06359879277,0.008207006970117559,0.008207006970117559,0.0,0.0,1.0,0.01779491543432954,174361.82810873052
2015-10-06,224809.77331914977,-0.0024374004349826395,-0.0024374004349826395,0.0,0.0,1.0,-0.0034265613917020543,173764.36660034658
2015-10-07,226336.09425606628,0.006789388710203809,0.006789388710203809,0.0,0.0,1.0,0.008190918989057883,175187.65645035496
2015-10-08,226682.99734489943,0.0015326900906963052,0.0015326900906963052,0.0,0.0,1.0,0.00902664477669779,176769.01319439447
2015-10-09,227373.73283189704,0.0030471429047969067,0.0030471429047969067,0.0,0.0,1.0,0.0005965859322629719,176874.47110092625
2015-10-12,228023.87129653088,0.002859338484425951,0.002859338484425951,0.0,0.0,1.0,0.000943586564029042,177041.36747537684
2015-10-13,226623.10486757758,-0.006143069236517307,-0.006143069236517307,0.0,0.0,1.0,-0.006302174608923905,175925.62186454434
2015-10-14,226420.87132910537,-0.0008923782885702503,-0.0008923782885702503,0.0,0.0,1.0,-0.0047941130822606315,175082.21453925868
2015-10-15,229096.27897138547,0.011816082265629059,0.011816082265629059,0.0,0.0,1.0,0.015354254491761754,177770.4714182757
2015-10-16,229340.9438829813,0.001067956724108976,0.001067956724108976,0.0,0.0,1.0,0.004546949407607137,178578.78475798108
2015-10-19,229715.28189919147,0.0016322336948311942,0.0016322336948311942,0.0,0.0,1.0,0.0004920121253715326,178666.6476854161
2015-10-20,228744.1719207905,-0.004227450478575942,-0.004227450478575942,0.0,0.0,1.0,-0.0012787098701039223,178438.1848795624
2015-10-21,227874.19403604828,-0.0038032789095210342,-0.0038032789095210342,0.0,0.0,1.0,-0.006203627981683391,177331.22076284274
2015-10-22,230217.902325655,0.010285097439493166,0.010285097439493166,0.0,0.0,1.0,0.016893726383149676,180327.00588560014
2015-10-23,232466.50578998277,0.00976728326343179,0.00976728326343179,0.0,0.0,1.0,0.01096175206370531,182303.7058145084
2015-10-26,232501.99625217824,0.00015266914291548828,0.00015266914291548828,0.0,0.0,1.0,-0.0024577895354074286,181855.64167409152
2015-10-27,232004.97296525197,-0.002137716212927502,-0.002137716212927502,0.0,0.0,1.0,-0.0019321464504912234,181504.26994152914
2015-10-28,234592.98671897265,0.011154992587629973,0.011154992587629973,0.0,0.0,1.0,0.011375086871237672,183568.8967796146
2015-10-29,232390.91313909448,-0.009386783512484637,-0.009386783512484637,0.0,0.0,1.0,-0.0005743996556389908,183463.45486851834
2015-10-30,232274.34172724272,-0.0005016177710096179,-0.0005016177710096179,0.0,0.0,1.0,-0.004310124607903032,182672.70451703863
2015-11-02,234363.12118656878,0.008992725773296425,0.009326059106629758,0.6666666666666666,0.0003333333333333333,1.0,0.011830685388179774,184833.84781318763
2015-11-03,233210.0914809251,-0.004919842762828715,-0.004919842762828715,0.0,0.0,1.0,0.002899766793256653,185369.82286734617
2015-11-04,232960.33356712473,-0.0010709567163856106,-0.0010709567163856106,0.0,0.0,1.0,-0.003033673543350046,184807.47133997804
2015-11-05,232854.84034797896,-0.0004528376892770636,-0.0004528376892770636,0.0,0.0,1.0,-0.0009981163712636798,184623.01197730177
2015-11-06,229358.17720780065,-0.015016493258000918,-0.015016493258000918,0.0,0.0,1.0,-0.0005230357978452949,184526.4475329316
2015-11-09,226805.40941632082,-0.011130049177043336,-0.011130049177043336,0.0,0.0,1.0,-0.009331847227950552,182804.47491503786
2015-11-10,227701.40678824994,0.003950511472521493,0.003950511472521493,0.0,0.0,1.0,0.002306943844095466,183226.19457311623
2015-11-11,227535.55263536822,-0.0007283844014015125,-0.0007283844014015125,0.0,0.0,1.0,-0.003931852773986333,182505.77615171694
2015-11-12,226646.80407325787,-0.003905976678442687,-0.003905976678442687,0.0,0.0,1.0,-0.013959673146029972,179958.05516937646
2015-11-13,224735.2068958486,-0.008434256045328659,-0.008434256045328659,0.0,0.0,1.0,-0.011228657559942623,177937.36779272626
2015-11-16,226606.31830038916,0.008325849030889435,0.008325849030889435,0.0,0.0,1.0,0.015207125256612608,180643.2836325822
2015-11-17,226780.1168803056,0.0007669626390824172,0.0007669626390824172,0.0,0.0,1.0,-0.0007294508566797475,180511.51323458296
2015-11-18,229053.7599733684,0.01002576030182937,0.01002576030182937,0.0,0.0,1.0,0.015866016953725914,183375.5119639056
2015-11-19,229851.36191685812,0.0034821604481953816,0.0034821604481953816,0.0,0.0,1.0,-0.0008622464288954301,183217.39708356783
2015-11-20,231095.18979044454,0.005411444436149826,0.005411444436149826,0.0,0.0,1.0,0.003644465358372484,183885.12654029008
2015-11-23,231275.12136252387,0.000778603709763718,0.000778603709763718,0.0,0.0,1.0,-0.00114664973338785,183674.27470896867
2015-11-24,230793.30589743247,-0.0020833000205680388,-0.0020833000205680388,0.0,0.0,1.0,0.0013392937230762847,183920.268512177
2015-11-25,231350.85358888138,0.002415787967856871,0.002415787967856871,0.0,0.0,1.0,-0.00014367345007704202,183893.84405266074
2015-11-27,232053.53315291015,0.0030372896971344594,0.0030372896971344594,0.0,0.0,1.0,0.0011464214125076477,184104.66389311105
2015-11-30,231593.68675026676,-0.0019816393070833565,-0.0019816393070833565,0.0,0.0,1.0,-0.004151062244647563,183340.43397376084
2015-12-01,234094.06308731073,0.010796392475673064,0.011129725809006397,0.6666666666666666,0.0003333333333333333,1.0,0.009535120559181154,185088.60711507322
2015-12-02,231226.76472161405,-0.012248488184116205,-0.012248488184116205,0.0,0.0,1.0,-0.01020478269628089,183199.8180999066
2015-12-03,227628.9002523217,-0.015559896250003792,-0.015559896250003792,0.0,0.0,1.0,-0.014002742975447346,180634.5181339049
2015-12-04,232329.3163094535,0.020649469605667305,0.020649469605667305,0.0,0.0,1.0,0.01950290975401403,184157.41683953025
2015-12-07,231295.00661511093,-0.004451912099482628,-0.004451912099482628,0.0,0.0,1.0,-0.006058390933545987,183041.7192150044
2015-12-08,230715.20724229066,-0.0025067526588892957,-0.0025067526588892957,0.0,0.0,1.0,-0.0067196102687214765,181811.75019896284
2015-12-09,228520.09094641762,-0.009514397954564805,-0.009514397954564805,0.0,0.0,1.0,-0.007779807234906677,180397.28982937388
2015-12-10,228516.43113818395,-1.6015258083035278e-05,-1.6015258083035278e-05,0.0,0.0,1.0,0.0025808544173602233,180862.86897170983
2015-12-11,225149.9481095495,-0.014731907950193449,-0.014731907950193449,0.0,0.0,1.0,-0.019380825680730518,177357.59723605233
2015-12-14,226446.00378435076,0.005756411163686526,0.005756411163686526,0.0,0.0,1.0,0.005052122503824696,178253.62954427287
2015-12-15,228520.649389287,0.009161767354092612,0.009161767354092612,0.0,0.0,1.0,0.010498355577079677,180124.99953013367
2015-12-16,232255.1354029892,0.016342006832566442,0.016342006832566442,0.0,0.0,1.0,0.01463161657131562,182760.519458167
2015-12-17,229562.8154352311,-0.011592079387551912,-0.011592079387551912,0.0,0.0,1.0,-0.015237980876949275,179975.61815760215
2015-12-18,225842.3146036313,-0.016206896681181138,-0.016206896681181138,0.0,0.0,1.0,-0.01781484126023425,176769.38108941194
2015-12-21,227594.65231889117,0.007759120421411358,0.007759120421411358,0.0,0.0,1.0,0.008248848839482958,178227.52499346746
2015-12-22,229087.55018257833,0.006559459321546038,0.006559459321546038,0.0,0.0,1.0,0.009074526948819495,179844.85547204208
2015-12-23,231385.07667752344,0.010029032538494704,0.010029032538494704,0.0,0.0,1.0,0.01238323153683929,182071.91595806179
2015-12-24,231244.0650961618,-0.0006094238374679446,-0.0006094238374679446,0.0,0.0,1.0,-0.0016504810528078506,181771.40971052457
2015-12-28,231453.89639820743,0.0009074018914101053,0.0009074018914101053,0.0,0.0,1.0,-0.0022848559326396067,181356.0882266632
2015-12-29,234311.9651983701,0.012348328736905202,0.012348328736905202,0.0,0.0,1.0,0.01067190921847705,183291.50393643626
2015-12-30,232783.59650387018,-0.006522794058792487,-0.006522794058792487,0.0,0.0,1.0,-0.007087798678207857,181992.37065710887
2015-12-31,230366.16585118,-0.010384884025322597,-0.010384884025322597,0.0,0.0,1.0,-0.010003367092441429,180171.83416540214
2016-01-04,226418.87607715355,-0.017134850334647272,-0.016801517001313937,0.6666666666666666,0.0003333333333333333,1.0,-0.013979639297145519,177653.0969122647
2016-01-05,226298.08187585595,-0.0005334988115410038,-0.0005334988115410038,0.0,0.0,1.0,0.001691443928219627,177953.58716436636
2016-01-06,223380.71468993145,-0.01289170090060639,-0.01289170090060639,0.0,0.0,1.0,-0.01261407248163704,175708.86771750773
2016-01-07,217715.20108292872,-0.02536259056591735,-0.02536259056591735,0.0,0.0,1.0,-0.023991851387782037,171493.28667571384
2016-01-08,215449.00362818077,-0.010408999663210183,-0.010408999663210183,0.0,0.0,1.0,-0.010976469560054158,169610.89583476423
2016-01-11,216041.71294501066,0.0027510422738029985,0.0027510422738029985,0.0,0.0,1.0,0.0009896539945561944,169778.75193534736
2016-01-12,217797.41652417596,0.008126687921661787,0.008126687921661787,0.0,0.0,1.0,0.00806862504946193,171148.63302607927
2016-01-13,212356.2545852754,-0.024982674384921334,-0.024982674384921334,0.0,0.0,1.0,-0.02494055519698324,166880.09109720413
2016-01-14,215933.91180520304,0.016847430403755727,0.016847430403755727,0.0,0.0,1.0,0.016416782852687772,169619.7253151837
2016-01-15,209549.82041026157,-0.029565024509446383,-0.029565024509446383,0.0,0.0,1.0,-0.021465905488153858,165978.68432264135
2016-01-19,210437.81058165626,0.004237608840018077,0.004237608840018077,0.0,0.0,1.0,0.0013308755021381735,166199.58128748348
2016-01-20,207731.55438127043,-0.012860123344306196,-0.012860123344306196,0.0,0.0,1.0,-0.012814955442686848,164069.74105869117
2016-01-21,208702.2745472596,0.004672954808817945,0.004672954808817945,0.0,0.0,1.0,0.0056020672136924965,164988.8707758351
2016-01-22,214194.42033093437,0.026315696825005487,0.026315696825005487,0.0,0.0,1.0,0.020514996635399685,168373.61690467974
2016-01-25,211098.87342674757,-0.014452042678815426,-0.014452042678815426,0.0,0.0,1.0,-0.015116535126977526,165828.39121028388
2016-01-26,213948.9503741,0.013501147121665946,0.013501147121665946,0.0,0.0,1.0,0.013643564646763862,168090.8815860302
2016-01-27,210939.64252483274,-0.01406554154159371,-0.01406554154159371,0.0,0.0,1.0,-0.010883576411799822,166261.45163216186
2016-01-28,212505.62781273047,0.007423854848494541,0.007423854848494541,0.0,0.0,1.0,0.005209583015931996,167127.60446678897
2016-01-29,216958.87045700185,0.02095588098116526,0.02095588098116526,0.0,0.0,1.0,0.02437690315200647,171201.65789490272
2016-02-01,216724.72128197562,-0.0010792330109988069,-0.0007458996776654736,0.6666666666666666,0.0003333333333333333,1.0,-0.0003612018397936012,171139.81954109535
2016-02-02,212301.31954344985,-0.020410231524859435,-0.020410231524859435,0.0,0.0,1.0,-0.018022222220145268,168055.49968261019
2016-02-03,212477.8588631131,0.0008315507413842644,0.0008315507413842644,0.0,0.0,1.0,0.005994974904025785,169062.98818569095
2016-02-04,212857.09623117856,0.001784832406042769,0.001784832406042769,0.0,0.0,1.0,0.0015683878407319884,169328.1445206792
2016-02-05,207098.69005569752,-0.027052920844259733,-0.027052920844259733,0.0,0.0,1.0,-0.01905058072295096,166102.3450348205
2016-02-08,203980.47642912113,-0.015056655480233789,-0.015056655480233789,0.0,0.0,1.0,-0.01346082122160841,163866.47106381683
2016-02-09,203314.66691872757,-0.0032640844949929355,-0.0032640844949929355,0.0,0.0,1.0,5.378455352533784e-05,163875.2845488008
2016-02-10,203551.95941273944,0.0011671194095736657,0.0011671194095736657,0.0,0.0,1.0,-0.0008624587218432067,163733.94888034713
2016-02-11,201834.774917225,-0.008436099070078399,-0.008436099070078399,0.0,0.0,1.0,-0.013008128333970914,161604.07666068376
2016-02-12,205523.70384050603,0.01827697394957798,0.01827697394957798,0.0,0.0,1.0,0.02061676487213826,164935.82991157606
2016-02-16,209848.8096419745,0.021044316157443843,0.021044316157443843,0.0,0.0,1.0,0.016878355681185342,167719.67551339514
2016-02-17,213672.1684620708,0.01821958783859386,0.01821958783859386,0.0,0.0,1.0,0.016334697792783848,170459.32572681023
2016-02-18,212226.99641592285,-0.00676350156667449,-0.00676350156667449,0.0,0.0,1.0,-0.0040959962645265025,169761.1249653795
2016-02-19,212757.2177956563,0.002498369145715699,0.002498369145715699,0.0,0.0,1.0,-0.000468383501217029,169681.61165529766
2016-02-22,215726.19294714154,0.013954756422585108,0.013954756422585108,0.0,0.0,1.0,0.014479181857457002,172138.46256832112
2016-02-23,212975.92443387106,-0.012748885407459035,-0.012748885407459035,0.0,0.0,1.0,-0.012630039573584995,169964.34697394716
2016-02-24,214662.96707377787,0.007921283329988055,0.007921283329988055,0.0,0.0,1.0,0.004576407072481858,170742.1730135085
2016-02-25,216889.22122374765,0.010370927879724379,0.010370927879724379,0.0,0.0,1.0,0.01211109051152226,172810.04692500908
2016-02-26,217090.4060626214,0.0009275926103592402,0.0009275926103592402,0.0,0.0,1.0,-0.002301061394650583,172412.40039742217
2016-02-29,215549.65479503988,-0.007097279403204407,-0.007097279403204407,0.0,0.0,1.0,-0.0078424878349731,171060.2582447069
2016-03-01,218470.1367870784,0.013548998697379022,0.014215665364045688,1.3333333333333333,0.0006666666666666666,1.0,0.02350706454652496,175081.38277661044
2016-03-02,219324.51460589547,0.003910730461297455,0.003910730461297455,0.0,0.0,1.0,0.004492171315718441,175867.87834223584
2016-03-03,219839.2612465728,0.0023469635466980923,0.0023469635466980923,0.0,0.0,1.0,0.00391973390521172,176557.23362781157
2016-03-04,219406.25878753673,-0.0019696320692710323,-0.0019696320692710323,0.0,0.0,1.0,0.003253313832173532,177131.62971814323
2016-03-07,219125.98897655337,-0.0012774011668224006,-0.0012774011668224006,0.0,0.0,1.0,0.000798455031955303,177273.0613592101
2016-03-08,218579.71649683194,-0.0024929607038984463,-0.0024929607038984463,0.0,0.0,1.0,-0.010917528608479832,175337.67764030813
2016-03-09,219010.0428957426,0.0019687389379378084,0.0019687389379378084,0.0,0.0,1.0,0.0049391829685307975,176203.7025114509
2016-03-10,218333.52998354388,-0.003088958402335954,-0.003088958402335954,0.0,0.0,1.0,0.0008025690925659301,176345.11815708227
2016-03-11,220501.99986594127,0.009931914179928409,0.009931914179928409,0.0,0.0,1.0,0.01613710649209521,179190.81810814422
2016-03-14,220866.14410401523,0.0016514328137403238,0.0016514328137403238,0.0,0.0,1.0,-0.0012820212982281864,178961.09166288262
2016-03-15,220943.94534247747,0.0003522551578825824,0.0003522551578825824,0.0,0.0,1.0,-0.0016296546558625113,178669.44688663597
2016-03-16,222707.39707166053,0.007981444010378183,0.007981444010378183,0.0,0.0,1.0,0.0057872733879693605,179703.4558218462
2016-03-17,224020.05522096742,0.005894093175919749,0.005894093175919749,0.0,0.0,1.0,0.006343932991006218,180843.48250383223
2016-03-18,223971.26903651716,-0.00021777596832632073,-0.00021777596832632073,0.0,0.0,1.0,0.003929614716790875,181554.12771411502
2016-03-21,223016.81126704786,-0.004261518781293698,-0.004261518781293698,0.0,0.0,1.0,0.0014188963514936148,181811.73420352716
2016-03-22,223226.97547000984,0.0009423693297737623,0.0009423693297737623,0.0,0.0,1.0,-0.0005374576957712929,181714.01808779794
2016-03-23,223054.6793731564,-0.0007718426345681983,-0.0007718426345681983,0.0,0.0,1.0,-0.0065995227090814845,180514.79229886908
2016-03-24,223131.76854315633,0.0003456066029036512,0.0003456066029036512,0.0,0.0,1.0,-0.00044287332812664726,180434.8471120276
2016-03-28,223796.09214823772,0.002977270378928106,0.002977270378928106,0.0,0.0,1.0,0.0005905821036780168,180541.40870361184
2016-03-29,227392.71355781553,0.016070975033806535,0.016070975033806535,0.0,0.0,1.0,0.009250329005131341,182211.47613317013
2016-03-30,226818.4636210608,-0.0025253664806140033,-0.0025253664806140033,0.0,0.0,1.0,0.004387582389520084,183010.94399702048
2016-03-31,227707.13604793316,0.003917989799794555,0.003917989799794555,0.0,0.0,1.0,-0.0024270529394531115,182566.76674744044
2016-04-01,228177.4594488481,0.0020654750179455177,0.002398808351278851,0.6666666666666666,0.0003333333333333333,1.0,0.006812264476686369,183810.4598471775
2016-04-04,227427.2042590197,-0.003288033759515881,-0.003288033759515881,0.0,0.0,1.0,-0.0032382387155925896,183215.2376997695
2016-04-05,228510.83532378435,0.004764738098484063,0.004764738098484063,0.0,0.0,1.0,-0.009987323449348828,181385.40786001255
2016-04-06,228743.86907895713,0.0010197930213793334,0.0010197930213793334,0.0,0.0,1.0,0.01092054082325622,183366.2346112908
2016-04-07,229678.52154999378,0.0040860219545995795,0.0040860219545995795,0.0,0.0,1.0,-0.011965463037110324,181172.17270879532
2016-04-08,229022.10444250877,-0.0028579821180278646,-0.0028579821180278646,0.0,0.0,1.0,0.0026966866705067094,181660.73729200586
2016-04-11,229675.015088866,0.0028508630114397375,0.0028508630114397375,0.0,0.0,1.0,-0.0023471793168570176,181234.34696674906
2016-04-12,229800.84466122274,0.0005478592101454774,0.0005478592101454774,0.0,0.0,1.0,0.009312751144511688,182922.13733888848
2016-04-13,230232.52027247217,0.0018784770433973859,0.0018784770433973859,0.0,0.0,1.0,0.010101001268287169,184769.83408014636
2016-04-14,228798.86772780246,-0.00622697672324061,-0.00622697672324061,0.0,0.0,1.0,4.813265220438012e-05,184778.727542308
2016-04-15,229787.07301895387,0.004319100443831917,0.004319100443831917,0.0,0.0,1.0,-0.0011058723683916583,184574.3858532524
2016-04-18,229747.57989405227,-0.00017186834917533777,-0.00017186834917533777,0.0,0.0,1.0,0.007026662441067089,185871.32775791048
2016-04-19,230237.04983096797,0.002130468304133622,0.002130468304133622,0.0,0.0,1.0,0.003154314877111819,186457.6244522858
2016-04-20,229063.78835571615,-0.005095884767952011,-0.005095884767952011,0.0,0.0,1.0,0.0009529955879452601,186635.31774572757
2016-04-21,228905.34555017413,-0.0006916973070225283,-0.0006916973070225283,0.0,0.0,1.0,-0.005378283028951936,185631.54018369268
2016-04-22,226580.48470945965,-0.010156428785560518,-0.010156428785560518,0.0,0.0,1.0,0.0,185631.54018369268
2016-04-25,226486.4899191633,-0.0004148406267947917,-0.0004148406267947917,0.0,0.0,1.0,-0.001723180875742636,185311.66346371348
2016-04-26,226076.89773024328,-0.0018084619045763233,-0.0018084619045763233,0.0,0.0,1.0,0.0014865410291193815,185587.13685462667
2016-04-27,226440.35780100763,0.0016076833785911477,0.0016076833785911477,0.0,0.0,1.0,0.002057831299548507,185969.04387363972
2016-04-28,227266.15974974004,0.003646885019754668,0.003646885019754668,0.0,0.0,1.0,-0.009075480231081401,184281.28549237136
2016-04-29,228534.74165741893,0.005581921695142859,0.005581921695142859,0.0,0.0,1.0,-0.005399246428241855,183286.30541988485
2016-05-02,228621.24870303136,0.00037852908045887785,0.0007118624137922112,0.6666666666666666,0.0003333333333333333,1.0,0.007948745852810246,184743.2016799681
2016-05-03,229527.2522451945,0.003962901730713416,0.003962901730713416,0.0,0.0,1.0,-0.008703135870099299,183135.35649467015
2016-05-04,230574.18234036627,0.00456124527667597,0.00456124527667597,0.0,0.0,1.0,-0.005578281012183717,182113.77601287645
2016-05-05,231218.40149555917,0.002793977836780851,0.002793977836780851,0.0,0.0,1.0,-0.00019533859230969064,182078.2021642299
2016-05-06,232436.41823649232,0.00526781922656161,0.00526781922656161,0.0,0.0,1.0,0.003659009578644179,182744.42805001113
2016-05-09,231939.570826964,-0.002137562664654369,-0.002137562664654369,0.0,0.0,1.0,0.0008263612114922658,182895.440956968
2016-05-10,232147.98655828254,0.0008985777225311761,0.0008985777225311761,0.0,0.0,1.0,0.012434071844122041,185169.5760097893
2016-05-11,231660.12231539894,-0.0021015226111431584,-0.0021015226111431584,0.0,0.0,1.0,-0.009354807249679742,183437.35031771282
2016-05-12,231147.90860471793,-0.0022110568947365144,-0.0022110568947365144,0.0,0.0,1.0,0.0002905449252039727,183490.6471089405
2016-05-13,231556.9922030161,0.0017697914758023625,0.0017697914758023625,0.0,0.0,1.0,-0.008714164693214621,181891.67939036866
2016-05-16,231680.47839292747,0.0005332863790316056,0.0005332863790316056,0.0,0.0,1.0,0.009865123905660855,183686.0633449634
2016-05-17,230644.25643576097,-0.004472633880741114,-0.004472633880741114,0.0,0.0,1.0,-0.009333613731865031,181971.60858177458
2016-05-18,227011.72309518652,-0.015749507040450417,-0.015749507040450417,0.0,0.0,1.0,0.00029306100283643666,182024.93736387332
2016-05-19,226348.27547509992,-0.002922525810741483,-0.002922525810741483,0.0,0.0,1.0,-0.003464909987473397,181394.23734043204
2016-05-20,226908.1133084733,0.0024733470232909762,0.0024733470232909762,0.0,0.0,1.0,0.006317427774654716,182540.18233356878
2016-05-23,226871.0899944353,-0.00016316434656378964,-0.00016316434656378964,0.0,0.0,1.0,-0.0013626863682379975,182291.43731544714
2016-05-24,226163.5460161349,-0.0031187048923586955,-0.0031187048923586955,0.0,0.0,1.0,0.012962176169349249,184654.33104009385
2016-05-25,225673.4089898981,-0.0021671796134725323,-0.0021671796134725323,0.0,0.0,1.0,0.006783239602192959,185906.88561112148
2016-05-26,225950.6709923599,0.001228598458732244,0.001228598458732244,0.0,0.0,1.0,0.00028677144737243587,185960.19839778467
2016-05-27,225627.6084384836,-0.0014297924075968862,-0.0014297924075968862,0.0,0.0,1.0,0.004299306311833728,186759.69825250615
2016-05-31,226084.40641301998,0.0020245659549280224,0.0020245659549280224,0.0,0.0,1.0,-0.0019027370430424462,186404.34365649364
2016-06-01,226375.29613852748,0.0012866421445098344,0.0012866421445098344,0.0,0.0,1.0,0.002048809654976891,186786.25067550672
2016-06-02,227130.92509144644,0.0033379479378199406,0.0033379479378199406,0.0,0.0,1.0,0.0030439807519984097,187354.82442730092
2016-06-03,230615.6019624737,0.015342150654404694,0.015342150654404694,0.0,0.0,1.0,-0.002987018375622763,186795.192123975
2016-06-06,229478.99100363403,-0.004928595243198737,-0.004928595243198737,0.0,0.0,1.0,0.005088529050830681,187745.70488565334
2016-06-07,230064.93629145474,0.0025533722510197405,0.0025533722510197405,0.0,0.0,1.0,0.001561411737041718,188038.85323284098
2016-06-08,232102.46950738344,0.008856339643810385,0.008856339643810385,0.0,0.0,1.0,0.003259587494902405,188651.78232739453
2016-06-09,233204.7736340583,0.004749213263496902,0.004749213263496902,0.0,0.0,1.0,-0.0013655131493277572,188394.17583798236
2016-06-10,233530.18770437717,0.0013954005539763188,0.0013954005539763188,0.0,0.0,1.0,-0.00947784325958334,186608.60536837156
2016-06-13,234470.592727044,0.004026909890798568,0.004026909890798568,0.0,0.0,1.0,-0.007711484450256378,185169.57600978934
2016-06-14,234292.77843529207,-0.0007583650029787299,-0.0007583650029787299,0.0,0.0,1.0,-0.0019668461726576325,184805.37593792187
2016-06-15,235911.17356324705,0.006907575806489966,0.006907575806489966,0.0,0.0,1.0,-0.0013937608537297752,184547.80143938077
2016-06-16,235909.32163026603,-7.850128304768503e-06,-7.850128304768503e-06,0.0,0.0,1.0,0.0029839144933025974,185098.47629880288
2016-06-17,236300.00578503677,0.0016560776491189406,0.0016560776491189406,0.0,0.0,1.0,-0.003724003098525386,184409.1689995338
2016-06-20,235097.94235615403,-0.005087022426805328,-0.005087022426805328,0.0,0.0,1.0,0.006440097903852138,185596.78210225882
2016-06-21,233527.1151384326,-0.006681586414490051,-0.006681586414490051,0.0,0.0,1.0,0.0028384633808058446,186123.5917718515
2016-06-22,233575.35338013613,0.0002065637717269716,0.0002065637717269716,0.0,0.0,1.0,-0.0016311385553371416,185819.9984052546
2016-06-23,232569.03446485047,-0.004308326630883541,-0.004308326630883541,0.0,0.0,1.0,0.013022567492096071,188239.85187586822
2016-06-24,237763.74841210077,0.022336223561333097,0.022336223561333097,0.0,0.0,1.0,-0.03590928820255823,181480.2927836508
2016-06-27,240226.2536925251,0.010356941698934714,0.010356941698934714,0.0,0.0,1.0,-0.017909693978056085,178230.03627684762
2016-06-28,241221.3338548096,0.004142262333900322,0.004142262333900322,0.0,0.0,1.0,0.018036166926152397,181444.62296239103
2016-06-29,241911.74569902022,0.002862150843698341,0.002862150843698341,0.0,0.0,1.0,0.017027423133461506,184534.15733286305
2016-06-30,243448.73330958036,0.006353505515488337,0.006353505515488337,0.0,0.0,1.0,0.013645611612911779,187052.23877314324
2016-07-01,245847.73903541017,0.009854254295006488,0.009854254295006488,0.0,0.0,1.0,0.00210046073657133,187445.134656374
2016-07-05,248455.60457292534,0.0106076449909492,0.0106076449909492,0.0,0.0,1.0,-0.007193226122022112,186096.79941731782
2016-07-06,248715.4823327578,0.0010459726206586049,0.0010459726206586049,0.0,0.0,1.0,0.00599783280038646,187212.97690490994
2016-07-07,247543.5604030889,-0.0047118977824669814,-0.0047118977824669814,0.0,0.0,1.0,-0.000620121922565886,187096.88203374238
2016-07-08,249982.6455639718,0.00985315536752888,0.00985315536752888,0.0,0.0,1.0,0.01489045124123578,189882.83903305308
2016-07-11,249022.97457966002,-0.003838950428525556,-0.003838950428525556,0.0,0.0,1.0,0.003526979552970211,190552.55192378256
2016-07-12,246275.2648805864,-0.011033960636409823,-0.011033960636409823,0.0,0.0,1.0,0.007263702398057736,191936.6689521474
2016-07-13,248452.23871507324,0.008839595951880996,0.008839595951880996,0.0,0.0,1.0,-0.00013992290489617254,191909.8126158715
2016-07-14,245870.82950095387,-0.010389961577604263,-0.010389961577604263,0.0,0.0,1.0,0.005583280115181166,192981.29885655784
2016-07-15,244878.1961067263,-0.004037214972765657,-0.004037214972765657,0.0,0.0,1.0,-0.001341591756430116,192722.3967368667
2016-07-18,245147.59308215318,0.001100126429016394,0.001100126429016394,0.0,0.0,1.0,0.0026874520638811017,193240.3289397333
2016-07-19,246115.9057102655,0.003949916929381588,0.003949916929381588,0.0,0.0,1.0,-0.0010166404725714395,193043.87300040017
2016-07-20,244502.82178284833,-0.006554163668381981,-0.006554163668381981,0.0,0.0,1.0,0.004162756754360508,193847.46768662048
2016-07-21,246070.8490321285,0.006413125369459927,0.006413125369459927,0.0,0.0,1.0,-0.003777150512702332,193115.27662466193
2016-07-22,246322.0882067906,0.0010210034047117473,0.0010210034047117473,0.0,0.0,1.0,0.0044854080737344315,193981.47744559564
2016-07-25,245538.93801956542,-0.0031793745860407467,-0.0031793745860407467,0.0,0.0,1.0,-0.002716102889166905,193454.6037942608
2016-07-26,245612.48143527607,0.00029951834240149445,0.00029951834240149445,0.0,0.0,1.0,0.0004614546462677893,193543.87432002355
2016-07-27,247313.4227834031,0.0069253050096937194,0.0069253050096937194,0.0,0.0,1.0,-0.00106091400092434,193338.54091396427
2016-07-28,247688.36957849748,0.0015160794382874652,0.0015160794382874652,0.0,0.0,1.0,0.0011546187189375168,193561.7732123956
2016-07-29,250279.25568770873,0.010460265508712633,0.010460265508712633,0.0,0.0,1.0,0.0016144862645537383,193874.2760365897
2016-08-01,249710.4781921896,-0.002272571468043938,-0.002272571468043938,0.0,0.0,1.0,-0.0008291668729271118,193713.52190938743
2016-08-02,248199.64251026904,-0.006050349560252373,-0.006050349560252373,0.0,0.0,1.0,-0.006407058308664726,192472.38807933716
2016-08-03,247372.75642197937,-0.003331536177597294,-0.003331536177597294,0.0,0.0,1.0,0.002922556774697993,193034.89956106074
2016-08-04,247795.6491696956,0.001709536465668034,0.001709536465668034,0.0,0.0,1.0,0.0010642084884113778,193240.32893973327
2016-08-05,245516.1622444551,-0.009199059518916234,-0.009199059518916234,0.0,0.0,1.0,0.008178649937542248,194820.77394394684
2016-08-08,245744.64550435735,0.000930624109685918,0.000930624109685918,0.0,0.0,1.0,-0.000595659705644791,194704.7270590859
2016-08-09,247328.3380050218,0.006444463916656687,0.006444463916656687,0.0,0.0,1.0,0.0005960147276020678,194820.77394394687
2016-08-10,247943.09565922798,0.002485593277199401,0.002485593277199401,0.0,0.0,1.0,-0.0024749229727023536,194338.60753495336
2016-08-11,245697.15525469463,-0.00905828976024477,-0.00905828976024477,0.0,0.0,1.0,0.0046407178359109125,195240.47817714693
2016-08-12,246560.20200376413,0.0035126444511529944,0.0035126444511529944,0.0,0.0,1.0,-0.0008688341450098225,195070.84658321855
2016-08-15,245987.53689662082,-0.002322617772411495,-0.002322617772411495,0.0,0.0,1.0,0.0028834626019451637,195633.32607407105
2016-08-16,245190.5719905716,-0.003239858881078768,-0.003239858881078768,0.0,0.0,1.0,-0.005157240397260288,194624.39798179147
2016-08-17,246030.19778411018,0.0034243804185540845,0.0034243804185540845,0.0,0.0,1.0,0.0018809128846231093,194990.4695196174
2016-08-18,246246.46678414743,0.0008790343705168031,0.0008790343705168031,0.0,0.0,1.0,0.002243654054483235,195427.9606771407
2016-08-19,244566.81427954772,-0.006821021745144687,-0.006821021745144687,0.0,0.0,1.0,-0.0014620551946912252,195142.23421204477
2016-08-22,245575.47414606396,0.004124271191443503,0.004124271191443503,0.0,0.0,1.0,-4.5574256119174095e-05,195133.34074988312
2016-08-23,245696.4180809504,0.00049249191234176,0.00049249191234176,0.0,0.0,1.0,0.0020135558442055945,195526.2526285494
2016-08-24,244234.49104776286,-0.005950135718730154,-0.005950135718730154,0.0,0.0,1.0,-0.005114988876688709,194526.13802125375
2016-08-25,244222.0323370498,-5.101126650708366e-05,-5.101126650708366e-05,0.0,0.0,1.0,-0.0006884102451429897,194392.22423489182
2016-08-26,242827.73355250663,-0.0057091441390468844,-0.0057091441390468844,0.0,0.0,1.0,-0.0018835707881054153,194026.07271988815
2016-08-29,244869.1497222447,0.008406849332539768,0.008406849332539768,0.0,0.0,1.0,0.004924283331780632,194981.51207571354
2016-08-30,243578.21707789903,-0.005271928480210779,-0.005271928480210779,0.0,0.0,1.0,-0.0016484243986499836,194660.09979392227
2016-08-31,243614.3562229754,0.00014836772150617067,0.00014836772150617067,0.0,0.0,1.0,-0.002844270636122692,194106.4337880537
2016-09-01,243835.01344809492,0.0009057644571552891,0.0009057644571552891,0.0,0.0,1.0,4.6147073690550044e-05,194115.39123195753
2016-09-02,244707.58497632176,0.0035785325326650095,0.0035785325326650095,0.0,0.0,1.0,0.004508031445142668,194990.46951961736
2016-09-06,247309.75627917293,0.010633799124383371,0.010633799124383371,0.0,0.0,1.0,0.0030223827276290027,195579.80534674574
2016-09-07,247462.36081069818,0.0006170582746964914,0.0006170582746964914,0.0,0.0,1.0,-9.1435293663511e-05,195561.92244980918
2016-09-08,244981.68581707115,-0.01002445376137299,-0.01002445376137299,0.0,0.0,1.0,-0.002282901476087118,195115.47384838207
2016-09-09,239864.73773211215,-0.020887063732510442,-0.020887063732510442,0.0,0.0,1.0,-0.023935012690809998,190445.38250564763
2016-09-12,240752.3960359355,0.003700661932287463,0.003700661932287463,0.0,0.0,1.0,0.014347443057766363,193177.78678676195
2016-09-13,237293.63165068332,-0.01436647959564193,-0.01436647959564193,0.0,0.0,1.0,-0.014375604917654994,190400.7392450485
2016-09-14,237935.36575324467,0.0027043882218720965,0.0027043882218720965,0.0,0.0,1.0,-0.000375269606891826,190329.28763448008
2016-09-15,237383.48918078875,-0.0023194390237399887,-0.0023194390237399887,0.0,0.0,1.0,0.009993213701180226,192231.28887940483
2016-09-16,237864.48385767703,0.0020262347585680387,0.0020262347585680387,0.0,0.0,1.0,-0.003865572342019563,191488.20492584186
2016-09-19,238488.88942300522,0.0026250474858693735,0.0026250474858693735,0.0,0.0,1.0,0.00018744630966338605,191524.09868319926
2016-09-20,238722.68401128397,0.0009803164786602219,0.0009803164786602219,0.0,0.0,1.0,4.6685761895037814e-05,191533.04013166754
2016-09-21,241549.53413188673,0.011841564752468704,0.011841564752468704,0.0,0.0,1.0,0.011245565581622818,193686.9374955158
2016-09-22,243818.699034548,0.009394201114137912,0.009394201114137912,0.0,0.0,1.0,0.006301074054033684,194907.37323197405
2016-09-23,244041.08080630077,0.0009120784116778782,0.0009120784116778782,0.0,0.0,1.0,-0.005478701311682821,193839.53395059137
2016-09-26,244687.5411584879,0.002648981679851725,0.002648981679851725,0.0,0.0,1.0,-0.008102205995695111,192269.00611641412
2016-09-27,243827.18068270007,-0.003516159718285561,-0.003516159718285561,0.0,0.0,1.0,0.006207528933277695,193462.5215348543
2016-09-28,244061.14016519496,0.0009595299500237593,0.0009595299500237593,0.0,0.0,1.0,0.004963762286419593,194422.82350308468
2016-09-29,243085.72826330256,-0.003996588318944079,-0.003996588318944079,0.0,0.0,1.0,-0.009047137720822551,192663.8534427811
2016-09-30,241528.5638260636,-0.006405824185417833,-0.006405824185417833,0.0,0.0,1.0,0.007545915388279312,194117.67857924016
2016-10-03,239554.14173629496,-0.008174693951273238,-0.008174693951273238,0.0,0.0,1.0,-0.0024039584644363066,193651.02774272286
2016-10-04,234760.3817110036,-0.020011175722306852,-0.020011175722306852,0.0,0.0,1.0,-0.005097697189881623,192663.8534427811
2016-10-05,232688.43886701897,-0.008825777283559192,-0.008825777283559192,0.0,0.0,1.0,0.004425182485539247,193516.42615263257
2016-10-06,231565.13651816474,-0.004827495316585883,-0.004827495316585883,0.0,0.0,1.0,0.0006955564071036147,193651.02774272286
2016-10-07,231537.35014015413,-0.00011999378847974784,-0.00011999378847974784,0.0,0.0,1.0,-0.0034291917255675486,192986.96124073985
2016-10-10,231831.96543326913,0.0012724309617288356,0.0012724309617288356,0.0,0.0,1.0,0.00520815073061387,193992.06642392476
2016-10-11,230517.64158133516,-0.005669295213357017,-0.005669295213357017,0.0,0.0,1.0,-0.012629572449258553,191542.02956644242
2016-10-12,231597.2851262679,0.004683561472894023,0.004683561472894023,0.0,0.0,1.0,0.001311755451639085,191793.2858679442
2016-10-13,232680.58974287676,0.0046775359046987335,0.0046775359046987335,0.0,0.0,1.0,-0.0032753427066976037,191165.09712788308
2016-10-14,230816.97602135595,-0.008009321807118292,-0.008009321807118292,0.0,0.0,1.0,0.0005163486128789696,191263.80496061593
2016-10-17,231681.11386088314,0.003743822722325355,0.003743822722325355,0.0,0.0,1.0,-0.0034723270503894677,190599.67447689077
2016-10-18,232900.96806725225,0.005265229375155685,0.005265229375155685,0.0,0.0,1.0,0.006262399945484498,191793.2858679442
2016-10-19,233576.87553207733,0.0029021238959809903,0.0029021238959809903,0.0,0.0,1.0,0.0026673614388590394,192304.86788290043
2016-10-20,233244.8040086494,-0.0014216797903109368,-0.0014216797903109368,0.0,0.0,1.0,-0.0018667523283874,191945.88232301982
2016-10-21,233131.89506175264,-0.00048407915184504424,-0.00048407915184504424,0.0,0.0,1.0,0.00046749840271376186,192035.61671641332
2016-10-24,232797.0208355811,-0.0014364153222485854,-0.0014364153222485854,0.0,0.0,1.0,0.004252664016303642,192852.2796734719
2016-10-25,233448.25573486817,0.002797436569203726,0.002797436569203726,0.0,0.0,1.0,-0.0033504173237351997,192206.14405473205
2016-10-26,231470.6650061794,-0.008471216554878775,-0.008471216554878775,0.0,0.0,1.0,-0.0020077707702662595,191820.23817683337
2016-10-27,228748.56005293166,-0.01176004291159327,-0.01176004291159327,0.0,0.0,1.0,-0.00266656971464585,191308.73613905488
2016-10-28,229119.12239991175,0.0016199548836254665,0.0016199548836254665,0.0,0.0,1.0,-0.002955383384636745,190743.34547893365
2016-10-31,231057.25723012074,0.008459070591349871,0.008459070591349871,0.0,0.0,1.0,4.6960715097688066e-05,190752.30292283747
2016-11-01,229885.28749610076,-0.005072204820871487,-0.005072204820871487,0.0,0.0,1.0,-0.007245446512957443,189370.2173147866
2016-11-02,229665.9258901385,-0.0009542220311338596,-0.0009542220311338596,0.0,0.0,1.0,-0.006018658983145242,188230.46255520478
2016-11-03,228894.37283109114,-0.003359458117511223,-0.003359458117511223,0.0,0.0,1.0,-0.004577081400616523,187368.91640601392
2016-11-04,230238.22810087068,0.005871071678862139,0.005871071678862139,0.0,0.0,1.0,-0.001101682710427987,187162.4953103378
2016-11-07,229547.41059511647,-0.0030004465872258326,-0.0030004465872258326,0.0,0.0,1.0,0.02205710044804743,191290.75726950512
2016-11-08,229318.20958290398,-0.0009984909505983779,-0.0009984909505983779,0.0,0.0,1.0,0.004503438557668771,192152.2234415183
2016-11-09,224867.72212915935,-0.019407475149223547,-0.019407475149223547,0.0,0.0,1.0,0.010602399528974571,194189.49808482605
2016-11-10,221388.93562934402,-0.01547036838758553,-0.01547036838758553,0.0,0.0,1.0,0.0024957358986061884,194674.14378632867
2016-11-11,219785.1946323349,-0.0072439979552281954,-0.0072439979552281954,0.0,0.0,1.0,-0.002305226214701195,194225.3758467479
2016-11-14,220462.62767096664,0.0030822505572543797,0.0030822505572543797,0.0,0.0,1.0,0.0007858316416238242,194378.00429269456
2016-11-15,220852.9630327561,0.0017705284832765598,0.0017705284832765598,0.0,0.0,1.0,0.00780244257531959,195894.62750909355
2016-11-16,221084.8277371119,0.0010498600569891492,0.0010498600569891492,0.0,0.0,1.0,-0.0018783516623134267,195526.66850987356
2016-11-17,218870.9012300202,-0.010013923297008157,-0.010013923297008157,0.0,0.0,1.0,0.005140747178642657,196531.8216793651
2016-11-18,218232.9266190565,-0.002914844355181042,-0.002914844355181042,0.0,0.0,1.0,-0.002237289228130712,196092.12315173695
2016-11-21,218463.91133456025,0.0010584320115312185,0.0010584320115312185,0.0,0.0,1.0,0.007551437668928518,197572.90059708516
2016-11-22,219691.92288845463,0.0056211185929642875,0.0056211185929642875,0.0,0.0,1.0,0.0019530709214747866,197958.77448411274
2016-11-23,217645.30328616808,-0.009315861845889024,-0.009315861845889024,0.0,0.0,1.0,0.0005441196694815353,198066.487747056
2016-11-25,217762.19622098454,0.0005370799785315108,0.0005370799785315108,0.0,0.0,1.0,0.003715348396083229,198802.37375462486
2016-11-28,219398.8913922831,0.007515974763763274,0.007515974763763274,0.0,0.0,1.0,-0.00469470082697343,197869.05608615474
2016-11-29,220063.85909321578,0.00303086171818312,0.00303086171818312,0.0,0.0,1.0,0.001950228550618327,198254.94596861786
2016-11-30,217052.1905115574,-0.013685430193163742,-0.013685430193163742,0.0,0.0,1.0,-0.002399215133846,197779.28970189014
2016-12-01,215223.9910196424,-0.008422856676112126,-0.008089523342778793,0.6666666666666666,0.0003333333333333333,1.0,-0.0036755342796321866,197052.34514278953
2016-12-02,216217.4257660801,0.004615817882250258,0.004615817882250258,0.0,0.0,1.0,0.0005010842349142397,197151.08496639345
2016-12-05,216348.56379218365,0.000606509977810199,0.000606509977810199,0.0,0.0,1.0,0.006008620044089197,198335.69092723646
2016-12-06,216610.08641944162,0.0012088022341076496,0.0012088022341076496,0.0,0.0,1.0,0.0031673811836878674,198963.89566273312
2016-12-07,218703.08888805727,0.009662534664072926,0.009662534664072926,0.0,0.0,1.0,0.013080852224235384,201566.51297985553
2016-12-08,217996.03388219792,-0.003232944762939523,-0.003232944762939523,0.0,0.0,1.0,0.0024488350674387593,202060.11612526193
2016-12-09,215950.4004019186,-0.009383810539345783,-0.009383810539345783,0.0,0.0,1.0,0.006040201036053405,203280.5998480268
2016-12-12,215881.37183585024,-0.0003196500952991437,-0.0003196500952991437,0.0,0.0,1.0,-0.0011474063007257396,203047.35440694584
2016-12-13,216698.9815334166,0.003787310088931924,0.003787310088931924,0.0,0.0,1.0,0.006673661527762498,204402.42372436542
2016-12-14,212685.14188316403,-0.018522651199602537,-0.018522651199602537,0.0,0.0,1.0,-0.00825429811585554,202715.2251833411
2016-12-15,212193.24343517752,-0.002312801184093641,-0.002312801184093641,0.0,0.0,1.0,0.004117469798948559,203549.89900082056
2016-12-16,212177.9310397511,-7.216250234232113e-05,-7.216250234232113e-05,0.0,0.0,1.0,-0.0019559154419013236,203151.7726101674
2016-12-19,212809.25843030488,0.002975462091934037,0.002975462091934037,0.0,0.0,1.0,0.0021774546401671646,203594.1263800956
2016-12-20,212177.01610107365,-0.0029709343188106807,-0.0029709343188106807,0.0,0.0,1.0,0.0038573209983703283,204379.4542789264
2016-12-21,212234.50529648713,0.00027094921245425984,0.00027094921245425984,0.0,0.0,1.0,-0.002782342926681003,203810.8005499545
2016-12-22,211096.5217612255,-0.005361915743492725,-0.005361915743492725,0.0,0.0,1.0,-0.00172761954541778,203458.69302735716
2016-12-23,211875.11264167845,0.0036883169554714117,0.0036883169554714117,0.0,0.0,1.0,0.0014641743103289695,203756.59201890093
2016-12-27,212369.07433072405,0.0023313813637045877,0.0023313813637045877,0.0,0.0,1.0,0.0024810767362768438,204262.1277592221
2016-12-28,213616.65378102762,0.005874581570952664,0.005874581570952664,0.0,0.0,1.0,-0.008264431098260916,202574.0174783718
2016-12-29,215974.31979776826,0.01103690173499953,0.01103690173499953,0.0,0.0,1.0,-0.00022274882152761855,202528.89435470637
2016-12-30,215128.93655522732,-0.003914276675729448,-0.003914276675729448,0.0,0.0,1.0,-0.0036551266389230896,201788.62559779885
2017-01-03,215341.94088692934,0.0009901240396237299,0.0016567907062903964,1.3333333333333333,0.0006666666666666666,1.0,0.0076500223377988785,203332.31309113576
2017-01-04,217636.37352024027,0.010654833999642028,0.010654833999642028,0.0,0.0,1.0,0.005949151881041281,204541.96790403835
2017-01-05,217959.70324603195,0.0014856419474458997,0.0014856419474458997,0.0,0.0,1.0,-0.0007945245994122052,204379.4542789264
2017-01-06,217299.34316486292,-0.003029734723136538,-0.003029734723136538,0.0,0.0,1.0,0.003577812351079457,205110.68561475244
2017-01-09,215665.63318716767,-0.007518246276776811,-0.007518246276776811,0.0,0.0,1.0,-0.003300690099629744,204433.67880541558
2017-01-10,216451.21328006333,0.0036425835738691514,0.0036425835738691514,0.0,0.0,1.0,0.0,204433.67880541558
2017-01-11,218227.66620380004,0.008207174710719523,0.008207174710719523,0.0,0.0,1.0,0.0028258120356150496,205011.36995546898
2017-01-12,219052.20536467823,0.003778343851728372,0.003778343851728372,0.0,0.0,1.0,-0.0025098177269062827,204496.8287849374
2017-01-13,219383.88708804705,0.0015141674689676718,0.0015141674689676718,0.0,0.0,1.0,0.0022958694608297137,204966.32680898128
2017-01-17,218305.12679274543,-0.004917226646041883,-0.004917226646041883,0.0,0.0,1.0,-0.003523631988041842,204244.1009033657
2017-01-18,217504.8103787253,-0.003666044979236541,-0.003666044979236541,0.0,0.0,1.0,0.0022099007909766044,204695.46010350436
2017-01-19,216464.35884008402,-0.004783579438218277,-0.004783579438218277,0.0,0.0,1.0,-0.0037045843997519645,203937.14849530483
2017-01-20,217803.32826379748,0.006185634581546232,0.006185634581546232,0.0,0.0,1.0,0.0036741230721422102,204686.43867785833
2017-01-23,218577.3881472991,0.0035539396467077307,0.0035539396467077307,0.0,0.0,1.0,-0.0026021069892806503,204153.82266516372
2017-01-24,220330.03335999558,0.008018419597526508,0.008018419597526508,0.0,0.0,1.0,0.006412000700448228,205462.8571190919
2017-01-25,221369.6484890265,0.004718444930892796,0.004718444930892796,0.0,0.0,1.0,0.008655133909890811,207241.16566096642
2017-01-26,221086.63678906328,-0.001278457556828205,-0.001278457556828205,0.0,0.0,1.0,-0.0010452854907535558,207024.53947741416
2017-01-27,220288.88382033122,-0.0036083273974319616,-0.0036083273974319616,0.0,0.0,1.0,-0.0015699938328292973,206699.5122271903
2017-01-30,218452.9580684615,-0.008334173381926694,-0.008334173381926694,0.0,0.0,1.0,-0.006201554106874507,205417.6540182488
2017-01-31,219517.9017421902,0.004874933638549997,0.004874933638549997,0.0,0.0,1.0,-8.783495935726915e-05,205399.61116695683
2017-02-01,220303.61166217155,0.00357925214183256,0.00357925214183256,0.0,0.0,1.0,0.0003954477869914097,205480.83598864172
2017-02-02,220433.36418095697,0.0005889713645929422,0.0005889713645929422,0.0,0.0,1.0,0.0006588710123767161,205616.22135507353
2017-02-03,221960.42157526192,0.006927523879966535,0.006927523879966535,0.0,0.0,1.0,0.006892897614495519,207033.5129167535
2017-02-06,220762.22119099592,-0.005398261436711774,-0.005398261436711774,0.0,0.0,1.0,-0.0017876448231426423,206663.41052917083
2017-02-07,219740.12127509638,-0.004629867874971586,-0.004629867874971586,0.0,0.0,1.0,4.3652747348410514e-05,206672.43195481683
2017-02-08,220338.98147525938,0.0027253111388488476,0.0027253111388488476,0.0,0.0,1.0,0.001310299207172294,206943.23467855158
2017-02-09,222075.72684379335,0.007882152113555843,0.007882152113555843,0.0,0.0,1.0,0.0059329199298512325,208171.01231992384
2017-02-10,224114.68172459537,0.00918134957737271,0.00918134957737271,0.0,0.0,1.0,0.003946167019135194,208992.4899030807
2017-02-13,223706.41655937993,-0.0018216796957422439,-0.0018216796957422439,0.0,0.0,1.0,0.005442470310562886,210129.92532450886
2017-02-14,224126.1867973051,0.0018764336060684468,0.0018764336060684468,0.0,0.0,1.0,0.003995320650249434,210969.4617543932
2017-02-15,225270.51671460527,0.005105739466022774,0.005105739466022774,0.0,0.0,1.0,0.005220422471032382,212070.81147323747
2017-02-16,224317.0545982996,-0.004232520660986301,-0.004232520660986301,0.0,0.0,1.0,-0.0008513216869127094,211890.27099226913
2017-02-17,223816.4930843874,-0.0022314911133646622,-0.0022314911133646622,0.0,0.0,1.0,0.0015760643548792252,212224.22369552572
2017-02-21,225122.75476768977,0.005836306633621816,0.005836306633621816,0.0,0.0,1.0,0.0059554715895229204,213488.11903035297
2017-02-22,224641.95910701892,-0.002135704412319324,-0.002135704412319324,0.0,0.0,1.0,-0.0008880770430997886,213298.52513286757
2017-02-23,224454.7216884874,-0.0008334926354622849,-0.0008334926354622849,0.0,0.0,1.0,0.0006773172656959758,213442.99590668757
2017-02-24,223374.270523505,-0.004813670912576858,-0.004813670912576858,0.0,0.0,1.0,0.0012688854626283774,213713.8306212934
2017-02-27,223677.35639151785,0.0013568521893886352,0.0013568521893886352,0.0,0.0,1.0,0.0015626162438142632,214047.78332455
2017-02-28,222093.49596917068,-0.007081004746742521,-0.007081004746742521,0.0,0.0,1.0,-0.002699187643160794,213470.0281927544
2017-03-01,225331.18131097482,0.014578028625626923,0.014911361958960256,0.6666666666666666,0.0003333333333333333,1.0,0.013997708922225405,216458.11951101583
2017-03-02,222768.58048916445,-0.011372597466986822,-0.011372597466986822,0.0,0.0,1.0,-0.006297583157811371,215094.95650321172
2017-03-03,223419.54251063755,0.0029221446760745815,0.0029221446760745815,0.0,0.0,1.0,0.000629570118725109,215230.37386051464
2017-03-06,222783.39499780477,-0.0028473226007187376,-0.0028473226007187376,0.0,0.0,1.0,-0.002977986267121646,214589.42076289054
2017-03-07,222250.81490519497,-0.002390573555156705,-0.002390573555156705,0.0,0.0,1.0,-0.002986582999308429,213948.53164700867
2017-03-08,221196.74770539612,-0.004742692170773425,-0.004742692170773425,0.0,0.0,1.0,-0.0018568140387581478,213551.2690098748
2017-03-09,220376.35815339044,-0.003708868057582378,-0.003708868057582378,0.0,0.0,1.0,0.0012683170242779873,213822.1197199162
2017-03-10,221831.55576870486,0.006603238330590584,0.006603238330590584,0.0,0.0,1.0,0.0035043436056594324,214571.42589790522
2017-03-13,223160.4635449624,0.0059906164912043956,0.0059906164912043956,0.0,0.0,1.0,0.0005046016855887459,214679.6990010925
2017-03-14,222200.16596443078,-0.00430317075559461,-0.00430317075559461,0.0,0.0,1.0,-0.0038265266207248017,213858.22141793565
2017-03-15,225736.7717730858,0.01591630588260314,0.01591630588260314,0.0,0.0,1.0,0.008653732739374531,215708.89331020444
2017-03-16,226243.12114732663,0.0022430965511891867,0.0022430965511891867,0.0,0.0,1.0,-0.001967201736541746,215284.5504006971
2017-03-17,226384.07304897963,0.0006230107723859863,0.0006230107723859863,0.0,0.0,1.0,-0.0017559092255929887,214906.53027252087
2017-03-20,227004.8979999134,0.0027423525982742296,0.0027423525982742296,0.0,0.0,1.0,-0.0010970942558035102,214670.75755262424
2017-03-21,222888.18658962887,-0.018134901257884195,-0.018134901257884195,0.0,0.0,1.0,-0.012839445422987095,211914.50407711603
2017-03-22,223765.80552060253,0.003937485177666492,0.003937485177666492,0.0,0.0,1.0,0.002353107944213173,212413.1617801539
2017-03-23,224030.3482468288,0.0011822303484252765,0.0011822303484252765,0.0,0.0,1.0,-0.0010671246318887384,212186.49046308093
2017-03-24,224427.0393915463,0.0017707027097974373,0.0017707027097974373,0.0,0.0,1.0,-0.0007263234389511819,212032.3744416288
2017-03-27,224479.635894694,0.00023435902951026333,0.00023435902951026333,0.0,0.0,1.0,-0.0010263427984946727,211814.75654107294
2017-03-28,225727.59517655853,0.0055593429528280796,0.0055593429528280796,0.0,0.0,1.0,0.007276887526241893,213356.10870082062
2017-03-29,226452.32379044837,0.0032106336547952363,0.0032106336547952363,0.0,0.0,1.0,0.0009345085324790059,213555.49180485806
2017-03-30,226751.13981497416,0.0013195538006592158,0.0013195538006592158,0.0,0.0,1.0,0.0031842494214116,214235.50575607698
2017-03-31,226287.4527653477,-0.0020449160696824156,-0.0020449160696824156,0.0,0.0,1.0,-0.0023273906674411426,213736.89603934577
2017-04-03,225073.37795724734,-0.00536518836225223,-0.005031855028918897,0.6666666666666666,0.0003333333333333333,1.0,-0.0017393623645149958,213365.13012646665
2017-04-04,225847.0291079079,0.003437328562276631,0.003437328562276631,0.0,0.0,1.0,0.0006375979955508537,213501.17130575574
2017-04-05,224834.59084018169,-0.004482849616066671,-0.004482849616066671,0.0,0.0,1.0,-0.002972737259518188,212866.48841886432
2017-04-06,225767.29366912716,0.004148395607010821,0.004148395607010821,0.0,0.0,1.0,0.00281117635531003,213464.8936579453
2017-04-07,225889.92707183838,0.0005431849791801557,0.0005431849791801557,0.0,0.0,1.0,-0.0010194552220122999,213247.27575738943
2017-04-10,226671.48512834182,0.0034599066307851403,0.0034599066307851403,0.0,0.0,1.0,0.0005952703311895569,213374.21553385482
2017-04-11,227092.04867329905,0.0018553879625358518,0.0018553879625358518,0.0,0.0,1.0,-0.001189832390458112,213120.33598092405
2017-04-12,225758.35176048984,-0.005872935316761769,-0.005872935316761769,0.0,0.0,1.0,-0.004381775739723981,212186.490463081
2017-04-13,224965.6735935372,-0.00351117981138338,-0.00351117981138338,0.0,0.0,1.0,-0.006495223678973372,210808.2917458669
2017-04-17,226034.86391958024,0.004752682082400021,0.004752682082400021,0.0,0.0,1.0,0.00886012116900492,212676.0787541662
2017-04-18,225645.68119842611,-0.0017217818278361476,-0.0017217818278361476,0.0,0.0,1.0,-0.002984270213224227,212041.39586727484
2017-04-19,224713.65284075736,-0.0041304949987018835,-0.0041304949987018835,0.0,0.0,1.0,-0.0018385879270560457,211651.53911679715
2017-04-20,225998.68568373425,0.005718534796314864,0.005718534796314864,0.0,0.0,1.0,0.00813921044111554,213374.21553385476
2017-04-21,225064.96995670607,-0.004131509544859968,-0.004131509544859968,0.0,0.0,1.0,-0.0031867297705630016,212694.24956894253
2017-04-24,226655.05026104723,0.007064983522966843,0.007064983522966843,0.0,0.0,1.0,0.010997742078322714,215033.40606724418
2017-04-25,228289.70362073745,0.007212075609202229,0.007212075609202229,0.0,0.0,1.0,0.005818681744969245,216284.6170216862
2017-04-26,228167.5129215372,-0.000535244022232632,-0.000535244022232632,0.0,0.0,1.0,-0.0006289175149238879,216148.59183783265
2017-04-27,228194.61856535418,0.00011879712177228119,0.00011879712177228119,0.0,0.0,1.0,0.0008389610647174806,216329.9320905781
2017-04-28,227104.13503295498,-0.004778743421974744,-0.004778743421974744,0.0,0.0,1.0,-0.0021794554895607776,215858.45063252695
2017-05-01,228572.11256278487,0.006463896087215315,0.006797229420548648,0.6666666666666666,0.0003333333333333333,1.0,0.0025202662052019598,216402.47139076338
2017-05-02,228861.50076661343,0.0012660696030845815,0.0012660696030845815,0.0,0.0,1.0,0.00037718935023645095,216484.09609833683
2017-05-03,227638.1889485959,-0.005345205785681835,-0.005345205785681835,0.0,0.0,1.0,-0.001214634098404832,216221.14713345346
2017-05-04,226714.57960062256,-0.004057356774095096,-0.004057356774095096,0.0,0.0,1.0,0.001174018200463145,216474.99469551316
2017-05-05,228102.98267326248,0.006124013175886992,0.006124013175886992,0.0,0.0,1.0,0.003936883365692534,217327.23150121834
2017-05-08,227932.5595794162,-0.0007471322463608414,-0.0007471322463608414,0.0,0.0,1.0,-0.00016670557690134924,217291.00183971456
2017-05-09,229128.62885808182,0.005247470044966914,0.005247470044966914,0.0,0.0,1.0,-0.0009180273226307989,217091.52276306387
2017-05-10,230154.3378902731,0.0044765642656840274,0.0044765642656840274,0.0,0.0,1.0,0.0017961121984730877,217481.4434952837
2017-05-11,229727.37467410424,-0.0018551169623074462,-0.0018551169623074462,0.0,0.0,1.0,-0.0020429568882921467,217037.1382822193
2017-05-12,229811.7880138911,0.00036745006948613046,0.00036745006948613046,0.0,0.0,1.0,-0.001671052744066981,216674.45777672835
2017-05-15,231431.60133803808,0.007048434452148422,0.007048434452148422,0.0,0.0,1.0,0.0055234682251270595,217871.25225945472
2017-05-16,231855.33387985275,0.0018309191111537022,0.0018309191111537022,0.0,0.0,1.0,-0.00091550894919179,217671.78917823956
2017-05-17,226488.71843693906,-0.023146396302854456,-0.023146396302854456,0.0,0.0,1.0,-0.01774393389832385,213809.43533953096
2017-05-18,226170.1670095079,-0.001406478122308208,-0.001406478122308208,0.0,0.0,1.0,0.004028457451961787,214670.75755262424
2017-05-19,228459.910075802,0.010123983620694924,0.010123983620694924,0.0,0.0,1.0,0.006504181472407833,216067.01511656577
2017-05-22,229689.82322644914,0.005383496606643278,0.005383496606643278,0.0,0.0,1.0,0.00507727174671202,217164.04606781353
2017-05-23,230092.90993440535,0.0017549175766434406,0.0017549175766434406,0.0,0.0,1.0,0.0022126263182029593,217644.5489515106
2017-05-24,230793.58880458574,0.003045199742921871,0.003045199742921871,0.0,0.0,1.0,0.0023328271598641592,218152.27606650107
2017-05-25,231870.60596631485,0.0046665818028464034,0.0046665818028464034,0.0,0.0,1.0,0.004779663432858072,219194.97052321088
2017-05-26,232263.95640746187,0.001696422189900959,0.001696422189900959,0.0,0.0,1.0,-0.000206661098784644,219149.6714497545
2017-05-30,231313.75115411083,-0.004091057726081575,-0.004091057726081575,0.0,0.0,1.0,-0.0008691486744205612,218959.19780331425
2017-05-31,230613.143048876,-0.003028821683705588,-0.003028821683705588,0.0,0.0,1.0,-0.00024808502975592894,218904.8773042119
2017-06-01,233048.4574379928,0.01056017170973056,0.01056017170973056,0.0,0.0,1.0,0.007952236019266978,220645.66055430367
2017-06-02,234831.484115512,0.00765088384244561,0.00765088384244561,0.0,0.0,1.0,0.0033284064151475334,221380.05898636708
2017-06-05,234234.41582335517,-0.0025425393635171156,-0.0025425393635171156,0.0,0.0,1.0,-0.0007373447295061508,221216.82556665575
2017-06-06,233888.47770495364,-0.0014768885143779942,-0.0014768885143779942,0.0,0.0,1.0,-0.003196674590746462,220509.66736132122
2017-06-07,234173.7392197721,0.001219647575706325,0.001219647575706325,0.0,0.0,1.0,0.0018503114838492873,220917.67893113964
2017-06-08,235790.7152743122,0.006905027267052184,0.006905027267052184,0.0,0.0,1.0,0.0004923506448888393,221026.44789282873
2017-06-09,233632.79759384829,-0.009151834829261482,-0.009151834829261482,0.0,0.0,1.0,-0.0015178647997426964,220690.95962776002
2017-06-12,232677.28062366025,-0.00408982377486707,-0.00408982377486707,0.0,0.0,1.0,-0.00020526021334454914,220645.66055430358
2017-06-13,234076.5282872587,0.006013684102925539,0.006013684102925539,0.0,0.0,1.0,0.004889922198962227,221724.60066795273
2017-06-14,233257.45774423346,-0.0034991570877200098,-0.0034991570877200098,0.0,0.0,1.0,-0.001267806023225626,221443.49688372863
2017-06-15,231712.08565576977,-0.006625177618793184,-0.006625177618793184,0.0,0.0,1.0,-0.00192427598393774,221017.37848087607
2017-06-16,231316.0252252431,-0.0017092782597238898,-0.0017092782597238898,0.0,0.0,1.0,0.00021863534490385028,221065.70069165
2017-06-19,233944.2272621111,0.011361953994794819,0.011361953994794819,0.0,0.0,1.0,0.008324922548301084,222906.05552799389
2017-06-20,231682.01365660486,-0.009669884279605096,-0.009669884279605096,0.0,0.0,1.0,-0.006744020567748588,221402.7725048374
2017-06-21,232423.04602631644,0.0031984889893521547,0.0031984889893521547,0.0,0.0,1.0,-0.000246864131963731,221348.11610158862
2017-06-22,233091.65888017276,0.0028767063563078787,0.0028767063563078787,0.0,0.0,1.0,-0.000452876655606671,221247.87270704372
2017-06-23,234320.18447403124,0.005270568667109732,0.005270568667109732,0.0,0.0,1.0,0.0011942650408063304,221512.1013067705
2017-06-26,234802.19486478035,0.0020570587712325965,0.0020570587712325965,0.0,0.0,1.0,0.0006580516515306556,221657.86771086947
2017-06-27,231779.2621513739,-0.012874380135787603,-0.012874380135787603,0.0,0.0,1.0,-0.008056102188190306,219872.16927777432
2017-06-28,234672.4845832866,0.012482663052155061,0.012482663052155061,0.0,0.0,1.0,0.008950138848351719,221840.05572169868
2017-06-29,231858.59451930222,-0.011990711518570486,-0.011990711518570486,0.0,0.0,1.0,-0.008788690716535319,219890.37208342168
2017-06-30,232122.7024211617,0.0011390904115807416,0.0011390904115807416,0.0,0.0,1.0,0.0018645427716597052,220300.36708724737
2017-07-03,232404.10042526177,0.0012122812683333926,0.0012122812683333926,0.0,0.0,1.0,0.0016955278637409421,220673.89249803618
2017-07-05,232739.42220052143,0.0014428393244614683,0.0014428393244614683,0.0,0.0,1.0,0.0023121104049026453,221184.11490097124
2017-07-06,230093.27761694568,-0.011369558962365689,-0.011369558962365689,0.0,0.0,1.0,-0.00914459350162622,219161.47608118487
2017-07-07,231814.1931457797,0.007479208200506256,0.007479208200506256,0.0,0.0,1.0,0.006485201876787139,220582.78249718598
2017-07-10,232716.2580055514,0.003891327133729268,0.003891327133729268,0.0,0.0,1.0,0.0010740112765745824,220819.69089300616
2017-07-11,233796.98352627436,0.004643962265400129,0.004643962265400129,0.0,0.0,1.0,-0.0007426203909564055,220655.70568782432
2017-07-12,236829.7026368339,0.01297159212586137,0.01297159212586137,0.0,0.0,1.0,0.007514579464305671,222313.84052246792
2017-07-13,237459.17955805274,0.0026579306320545872,0.0026579306320545872,0.0,0.0,1.0,0.0016803155430267225,222687.39792412778
2017-07-14,239213.286879667,0.00738698468039393,0.00738698468039393,0.0,0.0,1.0,0.004663935341167491,223725.99754933873
2017-07-17,239070.9383427017,-0.0005950695248666169,-0.0005950695248666169,0.0,0.0,1.0,-0.0001218285870350222,223698.7413271743
2017-07-18,239635.5271345862,0.0023615952478304543,0.0023615952478304543,0.0,0.0,1.0,0.0005292752797054767,223817.13954106002
2017-07-19,241562.4736096024,0.00804115524128431,0.00804115524128431,0.0,0.0,1.0,0.005414233260911505,225028.9377423253
2017-07-20,241632.92691738682,0.00029165667469636486,0.00029165667469636486,0.0,0.0,1.0,0.00044511349683351575,225129.10115969254
2017-07-21,241178.46268548226,-0.001880804233522141,-0.001880804233522141,0.0,0.0,1.0,-0.000890328268316809,224928.6623569093
2017-07-24,241898.9569651014,0.002987390630143934,0.002987390630143934,0.0,0.0,1.0,-0.0002432077307630287,224873.9579673539
2017-07-25,242224.52861418112,0.0013458993505571408,0.0013458993505571408,0.0,0.0,1.0,0.0024313174687753403,225420.69794963257
2017-07-26,242704.8083039359,0.001982787178914351,0.001982787178914351,0.0,0.0,1.0,4.016231250902891e-05,225429.75136614963
2017-07-27,241241.54667803168,-0.006028976665644688,-0.006028976665644688,0.0,0.0,1.0,-0.0009295144245028419,225220.2111605427
2017-07-28,240923.1118439712,-0.0013199833877930074,-0.0013199833877930074,0.0,0.0,1.0,-0.0011730590584846379,224956.01455168703
2017-07-31,240419.70545190095,-0.0020894898302502942,-0.0020894898302502942,0.0,0.0,1.0,-0.0005671312862709499,224828.43495779994
2017-08-01,240995.1423973473,0.002393468307286817,0.002393468307286817,0.0,0.0,1.0,0.002229117444651152,225329.603944218
2017-08-02,240408.29302927974,-0.002435108700655886,-0.002435108700655886,0.0,0.0,1.0,0.00048491107372639064,225438.86876440892
2017-08-03,239368.48726137992,-0.004325165969932524,-0.004325165969932524,0.0,0.0,1.0,-0.0019398394346510361,225001.5535566766
2017-08-04,240193.58149896166,0.003446962660046256,0.003446962660046256,0.0,0.0,1.0,0.0018221874353521184,225411.5485605023
2017-08-07,241378.57337923904,0.004933486868725781,0.004933486868725781,0.0,0.0,1.0,0.001859108011344146,225830.6129762806
2017-08-08,241005.5786348778,-0.0015452686588515174,-0.0015452686588515174,0.0,0.0,1.0,-0.0024608949387542323,225274.8675637915
2017-08-09,239479.40888282008,-0.006332507988828969,-0.006332507988828969,0.0,0.0,1.0,-4.033031951766741e-05,225265.78215640335
2017-08-10,234425.6688417959,-0.02110302536907053,-0.02110302536907053,0.0,0.0,1.0,-0.014115471071805108,222086.04952490708
2017-08-11,235315.6950935364,0.003796624559664415,0.003796624559664415,0.0,0.0,1.0,0.0014771318965922653,222414.09991244847
2017-08-14,238319.75790467387,0.012766096243360817,0.012766096243360817,0.0,0.0,1.0,0.009912945470529344,224618.87875675745
2017-08-15,237812.85580888359,-0.0021269830929964892,-0.0021269830929964892,0.0,0.0,1.0,-0.00012155794126567088,224591.57454828636
2017-08-16,238795.26590561206,0.004131021821284442,0.004131021821284442,0.0,0.0,1.0,0.0017442515938526082,224983.31876015806
2017-08-17,234697.78964205596,-0.017158950986807753,-0.017158950986807753,0.0,0.0,1.0,-0.015590591711475033,221475.6956954758
2017-08-18,235305.1390193544,0.002587793341491395,0.002587793341491395,0.0,0.0,1.0,-0.001563319156379639,221129.45849772255
2017-08-21,235440.28122093857,0.0005743274547568658,0.0005743274547568658,0.0,0.0,1.0,0.000782738804596228,221302.54510572803
2017-08-22,238363.69441966797,0.012416792842623314,0.012416792842623314,0.0,0.0,1.0,0.010457049316259015,223616.7167337123
2017-08-23,238328.92771812112,-0.00014585569178841395,-0.00014585569178841395,0.0,0.0,1.0,-0.00358539926193302,222814.96152257937
2017-08-24,238590.0251205053,0.0010955338274880229,0.0010955338274880229,0.0,0.0,1.0,-0.002330596703826293,222295.66970769165
2017-08-25,239112.4807285084,0.0021897629950757462,0.0021897629950757462,0.0,0.0,1.0,0.0023360410734520887,222814.96152257937
2017-08-28,239413.45967038302,0.0012587337179457516,0.0012587337179457516,0.0,0.0,1.0,4.077557146997535e-05,222824.0469299675
2017-08-29,239602.08808429498,0.0007878772320138634,0.0007878772320138634,0.0,0.0,1.0,0.0011449715612752431,223079.17412687058
2017-08-30,241176.84192069637,0.006572371088215955,0.006572371088215955,0.0,0.0,1.0,0.00473777262090147,224136.0725303422
2017-08-31,242954.19381432043,0.007369496505010545,0.007369496505010545,0.0,0.0,1.0,0.006015913503527148,225484.455755705
2017-09-01,243467.49384027664,0.0021127440440417513,0.002446077377375085,0.6666666666666666,0.0003333333333333333,1.0,0.0014141507292435573,225803.32476324504
2017-09-05,241133.87497251996,-0.009584929926159298,-0.009584929926159298,0.0,0.0,1.0,-0.007182043156579776,224181.5955398962
2017-09-06,242396.56220483777,0.005236457268651035,0.005236457268651035,0.0,0.0,1.0,0.0034137575463699665,224946.89715342777
2017-09-07,243843.995956092,0.005971346037618582,0.005971346037618582,0.0,0.0,1.0,-0.00012159400784728103,224919.54495865008
2017-09-08,242612.42587259738,-0.005050647561223494,-0.005050647561223494,0.0,0.0,1.0,-0.0011744849387507195,224655.38034066546
2017-09-11,245259.1097907989,0.010909102898098839,0.010909102898098839,0.0,0.0,1.0,0.010665670437981722,227051.48058949845
2017-09-12,245617.78728112992,0.001462443089828569,0.001462443089828569,0.0,0.0,1.0,0.00337089013155345,227816.84618477218
2017-09-13,244853.45052508425,-0.003111894966999373,-0.003111894966999373,0.0,0.0,1.0,0.0004796871585950324,227926.1270003986
2017-09-14,244735.0379932063,-0.00048360573079138836,-0.00048360573079138836,0.0,0.0,1.0,-0.00031966150548423666,227853.26779150247
2017-09-15,245573.30403488473,0.0034251983228562226,0.0034251983228562226,0.0,0.0,1.0,0.0013460964571654355,228159.98026803017
2017-09-18,245861.51155940339,0.0011736109739262828,0.0011736109739262828,0.0,0.0,1.0,0.0021269528440273078,228645.26578695446
2017-09-19,246566.23451731497,0.002866341109845886,0.002866341109845886,0.0,0.0,1.0,0.0010011608036626374,228874.17646500337
2017-09-20,245756.0670564791,-0.0032858005169356477,-0.0032858005169356477,0.0,0.0,1.0,0.00035992043452104383,228956.55295804734
2017-09-21,245086.61962509036,-0.002724032164930926,-0.002724032164930926,0.0,0.0,1.0,-0.002679219900588725,228343.12800499194
2017-09-22,244793.71598464486,-0.0011951025351509084,-0.0011951025351509084,0.0,0.0,1.0,0.0002003429928076894,228388.87495064354
2017-09-25,242084.38012793375,-0.011067832545509693,-0.011067832545509693,0.0,0.0,1.0,-0.002044419891391036,227921.952191722
2017-09-26,241898.42262329778,-0.0007681516029151755,-0.0007681516029151755,0.0,0.0,1.0,0.0006027010523477205,228059.32099216108
2017-09-27,242394.39770119314,0.0020503444070312975,0.0020503444070312975,0.0,0.0,1.0,0.0038941559955882887,228947.41956435252
2017-09-28,242525.92794174972,0.0005426290450770328,0.0005426290450770328,0.0,0.0,1.0,0.0011998633159082672,229222.12517435962
2017-09-29,244513.82497384926,0.008196637155335473,0.008196637155335473,0.0,0.0,1.0,0.0035148181800863654,230027.7992672005
2017-10-02,244876.97638464044,0.0014851978649060111,0.0018185311982393444,0.6666666666666666,0.0003333333333333333,1.0,0.004338759071097487,231025.83446787563
2017-10-03,246518.51194656844,0.0067035112331247,0.0067035112331247,0.0,0.0,1.0,0.0021400330327658867,231520.2373850592
2017-10-04,246676.8272268442,0.0006422044292968553,0.0006422044292968553,0.0,0.0,1.0,0.0011865295799184938,231794.94299506632
2017-10-05,248583.35878201344,0.007728863617237902,0.007728863617237902,0.0,0.0,1.0,0.00592499591824569,233168.32708618208
2017-10-06,248185.8429864194,-0.0015991247263764292,-0.0015991247263764292,0.0,0.0,1.0,-0.0011387662866731985,232902.80285617636
2017-10-09,247899.5933398019,-0.0011533681501451805,-0.0011533681501451805,0.0,0.0,1.0,-0.0016508958881373825,232518.30457660544
2017-10-10,248994.68211079223,0.0044174690092744955,0.0044174690092744955,0.0,0.0,1.0,0.002638247984854125,233131.7455250964
2017-10-11,249750.96695827786,0.00303735341282955,0.00303735341282955,0.0,0.0,1.0,0.0015707835090648103,233497.9450264067
2017-10-12,249439.1266821942,-0.0012486048798190004,-0.0012486048798190004,0.0,0.0,1.0,-0.001489883465889963,233150.06029879258
2017-10-13,250616.29967141204,0.004719279628963827,0.004719279628963827,0.0,0.0,1.0,0.001217477699871461,233433.91529793007
2017-10-16,250961.21124229577,0.0013762535451044,0.0013762535451044,0.0,0.0,1.0,0.0013335130445615295,233745.20246902292
2017-10-17,250696.3832456876,-0.00105525469572465,-0.00105525469572465,0.0,0.0,1.0,0.0007049769373590475,233909.98744598194
2017-10-18,250875.41013265034,0.0007141183476399766,0.0007141183476399766,0.0,0.0,1.0,0.0009786272084759684,234138.89812403085
2017-10-19,249851.93938271725,-0.004079597715024715,-0.004079597715024715,0.0,0.0,1.0,0.0002737422561238656,234202.9918342497
2017-10-20,250813.5547906089,0.0038487410194509106,0.0038487410194509106,0.0,0.0,1.0,0.005160476835462946,235411.59094840646
2017-10-23,249274.3965292255,-0.0061366629992082675,-0.0061366629992082675,0.0,0.0,1.0,-0.0038894716826444187,234495.9642316464
2017-10-24,249561.01080752173,0.0011497942921009732,0.0011497942921009732,0.0,0.0,1.0,0.0017572089837913918,234908.02264665707
2017-10-25,248653.12856541717,-0.003637916993391073,-0.003637916993391073,0.0,0.0,1.0,-0.004950108406400422,233745.20246902292
2017-10-26,247934.94442731622,-0.00288829721244388,-0.00288829721244388,0.0,0.0,1.0,0.001292526149566875,234047.32425554996
2017-10-27,252216.88966601796,0.017270438616840522,0.017270438616840522,0.0,0.0,1.0,0.008176388785995137,235960.98617298517
2017-10-30,251564.2292247628,-0.0025876952258011192,-0.0025876952258011192,0.0,0.0,1.0,-0.0037253834624590976,235081.9410173108
2017-10-31,252796.65694823462,0.004899057895749884,0.004899057895749884,0.0,0.0,1.0,0.0015578206269739603,235448.1565140566
2017-11-01,252562.78287552213,-0.0009251470155335149,-0.0005918136822001816,0.6666666666666666,0.0003333333333333333,1.0,0.001322580493948733,235759.5556531983
2017-11-02,252760.69457156258,0.0007836138554824604,0.0007836138554824604,0.0,0.0,1.0,0.00038821706259439814,235851.08153537253
2017-11-03,253080.1380296961,0.0012638177730717923,0.0012638177730717923,0.0,0.0,1.0,0.0033387139511773523,236638.52083169497
2017-11-06,254409.51980210858,0.005252809575504816,0.005252809575504816,0.0,0.0,1.0,0.0015475734696901444,237004.73632844083
2017-11-07,252901.6626203975,-0.005926889775523987,-0.005926889775523987,0.0,0.0,1.0,-0.000695281366574152,236839.95135148184
2017-11-08,253754.32576443485,0.0033715205159294084,0.0033715205159294084,0.0,0.0,1.0,0.0017009167661090618,237242.79639562004
2017-11-09,252487.73458022252,-0.004991407261321486,-0.004991407261321486,0.0,0.0,1.0,-0.003627787285059636,236382.12999538402
2017-11-10,252057.03704379778,-0.0017058156790895616,-0.0017058156790895616,0.0,0.0,1.0,-0.00030991807538982563,236308.8709005993
2017-11-13,252002.37300302612,-0.000216871710517467,-0.000216871710517467,0.0,0.0,1.0,0.0009299070857795577,236528.6161940823
2017-11-14,250903.69708151274,-0.004359784030685265,-0.004359784030685265,0.0,0.0,1.0,-0.002322472653312202,235979.2849512458
2017-11-15,249741.60268542235,-0.004631635203497408,-0.004631635203497408,0.0,0.0,1.0,-0.0050053162378632665,234798.13400447994
2017-11-16,253761.599931939,0.016096626286090876,0.016096626286090876,0.0,0.0,1.0,0.008500742315368681,236794.09243778142
2017-11-17,254245.48607882627,0.0019068533104182883,0.0019068533104182883,0.0,0.0,1.0,-0.0029384240076941737,236098.2909916821
2017-11-20,255230.4523981832,0.003874075935615876,0.003874075935615876,0.0,0.0,1.0,0.0017063953886200522,236501.1680266914
2017-11-21,258180.52580466398,0.011558469527289672,0.011558469527289672,0.0,0.0,1.0,0.006542675712711388,238048.5184747675
2017-11-22,258388.26816549417,0.0008046399323991722,0.0008046399323991722,0.0,0.0,1.0,-0.0008844748095687693,237837.9705567214
2017-11-24,258557.71271761943,0.0006557749441501447,0.0006557749441501447,0.0,0.0,1.0,0.002309552384254232,238387.2698086869
2017-11-27,256991.97891202327,-0.006055645330163376,-0.006055645330163376,0.0,0.0,1.0,-0.0004991459699011935,238268.27976368615
2017-11-28,259198.21232931857,0.008584833762654471,0.008584833762654471,0.0,0.0,1.0,0.010144926660596632,240685.49398743527
2017-11-29,256611.96902422444,-0.009977859344987553,-0.009977859344987553,0.0,0.0,1.0,-0.0006090195502984619,240538.91181612367
2017-11-30,256549.38527155592,-0.00024388477632790017,-0.00024388477632790017,0.0,0.0,1.0,0.00875543590585215,242644.93484139317
2017-12-01,255276.22933396287,-0.004962615428781624,-0.004629282095448291,0.6666666666666666,0.0003333333333333333,1.0,-0.002075461797501288,242141.33454877266
2017-12-04,254158.2370353102,-0.004379539378067417,-0.004379539378067417,0.0,0.0,1.0,-0.0012099231134685695,241848.36215137597
2017-12-05,253975.74253556714,-0.0007180349607071035,-0.0007180349607071035,0.0,0.0,1.0,-0.00359673213386702,240978.49837570303
2017-12-06,253043.75128766857,-0.003669607335700801,-0.003669607335700801,0.0,0.0,1.0,0.0001898382883118721,241024.24532135465
2017-12-07,253790.80686675425,0.0029522783126797085,0.0029522783126797085,0.0,0.0,1.0,0.0031531065784797807,241784.22045485055
2017-12-08,255602.1961768284,0.007137332247913796,0.007137332247913796,0.0,0.0,1.0,0.005452894205053793,243102.64422944226
2017-12-11,256909.2505720562,0.005113627405312145,0.005113627405312145,0.0,0.0,1.0,0.003013241457849425,243835.17119554724
2017-12-12,256328.9722027484,-0.0022586900550122615,-0.0022586900550122615,0.0,0.0,1.0,0.0017648200638584743,244265.4963979475
2017-12-13,257847.41671132218,0.005923811481492346,0.005923811481492346,0.0,0.0,1.0,-0.00011230473546175457,244238.06422599207
2017-12-14,256680.87774828426,-0.004524144464646551,-0.004524144464646551,0.0,0.0,1.0,-0.004086321285905914,243240.02902531694
2017-12-15,257813.66824447134,0.004413225114875777,0.004413225114875777,0.0,0.0,1.0,0.008327568383700967,245265.62700067868
2017-12-18,260521.4927038527,0.010503029097796619,0.010503029097796619,0.0,0.0,1.0,0.006341223607745583,246820.91118478394
2017-12-19,259229.5428392381,-0.004959091287271307,-0.004959091287271307,0.0,0.0,1.0,-0.0038405234652536535,245872.98968366347
2017-12-20,259101.13924351474,-0.0004953277867831099,-0.0004953277867831099,0.0,0.0,1.0,-0.0005242837580612392,245744.08246862638
2017-12-21,259987.60968335936,0.0034213297650208157,0.0034213297650208157,0.0,0.0,1.0,0.0020597019355366175,246250.24203093367
2017-12-22,260844.63780219265,0.003296419086575112,0.003296419086575112,0.0,0.0,1.0,-0.00026131806676332747,246185.89239374615
2017-12-26,260275.38969575908,-0.002182326273715766,-0.002182326273715766,0.0,0.0,1.0,-0.0011961528967984192,245891.41642540845
2017-12-27,260671.4973843395,0.001521879149017617,0.001521879149017617,0.0,0.0,1.0,0.000486449949029355,246011.0302923954
2017-12-28,261423.44201649516,0.0028846446186134855,0.0028846446186134855,0.0,0.0,1.0,0.0020573369040999268,246517.15786383158
2017-12-29,261354.8407359446,-0.0002624144186206636,-0.0002624144186206636,0.0,0.0,1.0,-0.0037705722508956097,245587.64710902056
2018-01-02,265171.6006845418,0.014603746913007809,0.014603746913007809,0.0,0.0,1.0,0.007157275345313074,247345.3855207874
2018-01-03,267301.60588489735,0.008032553994684758,0.008032553994684758,0.0,0.0,1.0,0.006325282934042553,248909.9150666362
2018-01-04,268875.19964660075,0.005886959625603779,0.005886959625603779,0.0,0.0,1.0,0.004214941043841458,249959.05568386964
2018-01-05,271046.3505466352,0.008074939239052595,0.008074939239052595,0.0,0.0,1.0,0.0066640860736348895,251624.80434583142
2018-01-08,271372.9491142206,0.0012049546763006624,0.0012049546763006624,0.0,0.0,1.0,0.0018286778024438899,252084.9450400829
2018-01-09,271331.25563250633,-0.00015363904858748756,-0.00015363904858748756,0.0,0.0,1.0,0.002262972162409449,252655.40625327115
2018-01-10,270373.33379829855,-0.0035304514843847628,-0.0035304514843847628,0.0,0.0,1.0,-0.0015295525571288326,252268.95653056403
2018-01-11,272168.4301564583,0.006639324717943114,0.006639324717943114,0.0,0.0,1.0,0.007295906763351123,254109.4873166989
2018-01-12,274614.75411730923,0.008988272296844402,0.008988272296844402,0.0,0.0,1.0,0.0065191083554303475,255766.0545986593
2018-01-16,273914.74231056956,-0.002549068454059074,-0.002549068454059074,0.0,0.0,1.0,-0.003418274239928354,254891.7760827766
2018-01-17,276575.8512190719,0.00971509925334768,0.00971509925334768,0.0,0.0,1.0,0.009531679451923125,257321.322787329
2018-01-18,276590.79848788015,5.404401267250506e-05,5.404401267250506e-05,0.0,0.0,1.0,-0.0016807801893334862,256888.82220569495
2018-01-19,278148.23723061377,0.005630840762773426,0.005630840762773426,0.0,0.0,1.0,0.004549650989814413,258057.57668991535
2018-01-22,280148.73544020765,0.007192201645827086,0.007192201645827086,0.0,0.0,1.0,0.008131120414355486,260155.87391981785
2018-01-23,281663.407745233,0.005406671933197549,0.005406671933197549,0.0,0.0,1.0,0.002122183308286729,260707.97237300326
2018-01-24,282009.50873300026,0.001228775120410012,0.001228775120410012,0.0,0.0,1.0,-0.00038818575341714734,260606.7692523258
2018-01-25,281557.06827827747,-0.0016043446788568394,-0.0016043446788568394,0.0,0.0,1.0,0.0004237514140648102,260717.2017393113
2018-01-26,285123.0268628707,0.01266513608199989,0.01266513608199989,0.0,0.0,1.0,0.011577612162354978,263735.68438510346
2018-01-29,282348.32169853215,-0.009731606720326764,-0.009731606720326764,0.0,0.0,1.0,-0.006629778027707589,261987.1753396447
2018-01-30,279506.6495822137,-0.010064420072425546,-0.010064420072425546,0.0,0.0,1.0,-0.010257056179268975,259299.95816393796
2018-01-31,280577.5211295055,0.0038312918454439515,0.0038312918454439515,0.0,0.0,1.0,0.0004968270676617426,259428.78540179736
2018-02-01,278783.85436526185,-0.0063927671647498645,-0.0063927671647498645,0.0,0.0,1.0,-0.0011349086863088331,259134.35741976634
2018-02-02,272666.65546177607,-0.02194244325021444,-0.02194244325021444,0.0,0.0,1.0,-0.02177004329305743,253492.99124001942
2018-02-05,262087.6913130723,-0.0387981586189469,-0.0387981586189469,0.0,0.0,1.0,-0.04182275267539737,242891.2165624414
2018-02-06,268967.09973811975,0.026248498701260038,0.026248498701260038,0.0,0.0,1.0,0.019702360870733626,247676.74696348613
2018-02-07,264033.1844784326,-0.01834393598507448,-0.01834393598507448,0.0,0.0,1.0,-0.005425073562016158,246333.0823916084
2018-02-08,254973.38045711612,-0.034313126356496006,-0.034313126356496006,0.0,0.0,1.0,-0.037508771795399465,237093.4310185242
2018-02-09,258159.93064400257,0.01249757986960683,0.01249757986960683,0.0,0.0,1.0,0.015021621084821524,240654.95870098475
2018-02-12,262357.58150507516,0.01625988529901279,0.01625988529901279,0.0,0.0,1.0,0.01468412540402353,244188.76629365011
2018-02-13,263212.9840362882,0.003260445253024121,0.003260445253024121,0.0,0.0,1.0,0.0024877911285181575,244796.25694011923
2018-02-14,268607.68012787355,0.020495554622189584,0.020495554622189584,0.0,0.0,1.0,0.013496093734685521,248100.05016968324
2018-02-15,272665.8627490251,0.015108215145671323,0.015108215145671323,0.0,0.0,1.0,0.01275998379954757,251265.80279051533
2018-02-16,272376.4500117425,-0.0010614190363427514,-0.0010614190363427514,0.0,0.0,1.0,0.0002930879746463333,251339.4457757531
2018-02-20,270460.09199939953,-0.007035696413035475,-0.007035696413035475,0.0,0.0,1.0,-0.006261297031959989,249765.7348499029
2018-02-21,269696.71118972526,-0.002822526621324835,-0.002822526621324835,0.0,0.0,1.0,-0.004974122969003902,248523.36937131584
2018-02-22,270213.4204309069,0.001915890034039469,0.001915890034039469,0.0,0.0,1.0,0.0012962486088980985,248845.5174431421
2018-02-23,274372.03652297624,0.015390116765620446,0.015390116765620446,0.0,0.0,1.0,0.015939351363602583,252811.95358092585
2018-02-26,277289.9013322689,0.01063470186783529,0.01063470186783529,0.0,0.0,1.0,0.011612086510968345,255747.6278569145
2018-02-27,272082.69618428743,-0.018778920988333482,-0.018778920988333482,0.0,0.0,1.0,-0.012486312283332524,252554.28310977152
2018-02-28,269341.0115876425,-0.010076659174194313,-0.010076659174194313,0.0,0.0,1.0,-0.010130439598795338,249995.79719931094
2018-03-01,266199.3286920555,-0.011664331685205382,-0.011664331685205382,0.0,0.0,1.0,-0.014540287293089205,246360.7864859681
2018-03-02,267807.9720853775,0.006043003193230737,0.006043003193230737,0.0,0.0,1.0,0.00515480416983749,247630.72809543042
2018-03-05,269403.1409380593,0.005956390469859926,0.005956390469859926,0.0,0.0,1.0,0.011557787289302013,250492.79137705237
2018-03-06,271149.02706492646,0.006480570793599538,0.006480570793599538,0.0,0.0,1.0,0.0025352058173719882,251127.8421589612
2018-03-07,271425.2857082788,0.001018844309871721,0.001018844309871721,0.0,0.0,1.0,-0.00036649753894413273,251035.80442284961
2018-03-08,272135.36171560705,0.002616101169333899,0.002616101169333899,0.0,0.0,1.0,0.004838598171364339,252250.465807077
2018-03-09,276414.8591133417,0.01572562040726947,0.01572562040726947,0.0,0.0,1.0,0.01740281150094103,256640.3331145421
2018-03-12,277230.72523874557,0.0029516000985654323,0.0029516000985654323,0.0,0.0,1.0,-0.0012550018392483153,256318.24902445808
2018-03-13,274525.8540630668,-0.00975675107205139,-0.00975675107205139,0.0,0.0,1.0,-0.006462806676442501,254661.71373336876
2018-03-14,274878.9594727952,0.0012862373598053754,0.0012862373598053754,0.0,0.0,1.0,-0.005131745386991016,253354.8546586743
2018-03-15,274413.8406353699,-0.0016920859942041917,-0.0016920859942041917,0.0,0.0,1.0,-0.0010895123029279752,253078.82142751716
2018-03-16,273872.97451791284,-0.0019709870180188993,-0.0019709870180188993,0.0,0.0,1.0,0.0010844435006074349,253353.27111055562
2018-03-19,270203.5522460145,-0.01339826347728353,-0.01339826347728353,0.0,0.0,1.0,-0.013530694740319205,249925.2253376974
2018-03-20,271486.2496587935,0.004747152293583208,0.004747152293583208,0.0,0.0,1.0,0.0017010155148384776,250350.3520235463
2018-03-21,271767.8256979314,0.0010371650110891544,0.0010371650110891544,0.0,0.0,1.0,-0.0019194495661144506,249869.81714897812
2018-03-22,264830.4730306033,-0.025526762226220745,-0.025526762226220745,0.0,0.0,1.0,-0.02499686326123529,243623.85549659524
2018-03-23,259738.46524618546,-0.019227423967291712,-0.019227423967291712,0.0,0.0,1.0,-0.02131471969102683,238431.08130663805
2018-03-26,267317.00722679746,0.029177588207541422,0.029177588207541422,0.0,0.0,1.0,0.027358692141086216,244954.2438569727
2018-03-27,262156.645984955,-0.019304275831070784,-0.019304275831070784,0.0,0.0,1.0,-0.017011743952873526,240787.1449803081
2018-03-28,261219.3246662033,-0.0035754245910114926,-0.0035754245910114926,0.0,0.0,1.0,-0.0029545306135301264,240075.73198911926
2018-03-29,265431.34509236953,0.016124459519021084,0.016124459519021084,0.0,0.0,1.0,0.012777387456805123,243143.27263572032
2018-04-02,259286.09474785134,-0.02315193912904164,-0.022818605795708304,0.6666666666666666,0.0003333333333333333,1.0,-0.021584271502713248,237895.20222509274
2018-04-03,262223.26595591445,0.011327916411867143,0.011327916411867143,0.0,0.0,1.0,0.012816844938573047,240944.26814364223
2018-04-04,264573.3848957842,0.008962282318094816,0.008962282318094816,0.0,0.0,1.0,0.010699172838062099,243522.17251285145
2018-04-05,265992.74015759473,0.005364694042711893,0.005364694042711893,0.0,0.0,1.0,0.007892092727770805,245444.07207959105
2018-04-06,260062.4973938352,-0.02229475421113369,-0.02229475421113369,0.0,0.0,1.0,-0.02228596945172745,239974.1129871177
2018-04-09,261190.5619473961,0.004337667156416665,0.004337667156416665,0.0,0.0,1.0,0.004928258731683677,241156.7675048245
2018-04-10,266195.2971697442,0.01916124068585634,0.01916124068585634,0.0,0.0,1.0,0.015900403002029773,244991.25729481803
2018-04-11,265255.2356041806,-0.003531473228710576,-0.003531473228710576,0.0,0.0,1.0,-0.005241923926519454,243707.03176141623
2018-04-12,267010.5645934137,0.00661750930282264,0.00661750930282264,0.0,0.0,1.0,0.008227074286251357,245712.02761579922
2018-04-13,265399.417685545,-0.006034019329243004,-0.006034019329243004,0.0,0.0,1.0,-0.002933394543095824,244991.25729481803
2018-04-16,266912.73650493135,0.005702042727084558,0.005702042727084558,0.0,0.0,1.0,0.008221947265019125,247005.56249268676
2018-04-17,269966.48894835956,0.011441014330808278,0.011441014330808278,0.0,0.0,1.0,0.010698374129733512,249648.1204123588
2018-04-18,270990.3196265299,0.0037924361729435585,0.0037924361729435585,0.0,0.0,1.0,0.0007401588727442565,249832.8996837459
2018-04-19,269133.4599948434,-0.006852125324054215,-0.006852125324054215,0.0,0.0,1.0,-0.005547662041619494,248446.91118942265
2018-04-20,265828.20976067317,-0.012281082531445737,-0.012281082531445737,0.0,0.0,1.0,-0.008479134823207501,246340.29633303807
2018-04-23,264878.61499961116,-0.003572212151287372,-0.003572212151287372,0.0,0.0,1.0,-0.00014999355222522492,246303.34687693484
2018-04-24,261404.52603004515,-0.013115777464976162,-0.013115777464976162,0.0,0.0,1.0,-0.01346754509833259,242986.24544499948
2018-04-25,261052.12641892562,-0.0013481006487204108,-0.0013481006487204108,0.0,0.0,1.0,0.002471928396428069,243586.89004505644
2018-04-26,265027.9083130263,0.015229839146073527,0.015229839146073527,0.0,0.0,1.0,0.010165725176929374,246063.12742595738
2018-04-27,265710.72811881517,0.0025764071796634536,0.0025764071796634536,0.0,0.0,1.0,0.0009386781825058144,246294.1015151913
2018-04-30,263764.01612815505,-0.007326433540875366,-0.007326433540875366,0.0,0.0,1.0,-0.007690722048524723,244399.92203824682
2018-05-01,263749.5931417448,-5.468140280070062e-05,0.0002786519305326327,0.6666666666666666,0.0003333333333333333,1.0,0.0017771039272995726,244834.2460995327
2018-05-02,262534.4002478401,-0.004607373529678474,-0.004607373529678474,0.0,0.0,1.0,-0.006717535228644933,243189.5634261804
2018-05-03,262885.9887708289,0.0013392093480201948,0.0013392093480201948,0.0,0.0,1.0,-0.0022036762797966736,242653.652353764
2018-05-04,265545.2884905337,0.010115791001791125,0.010115791001791125,0.0,0.0,1.0,0.01294631883429731,245795.12390344255
2018-05-07,265716.0553808065,0.0006430800984775775,0.0006430800984775775,0.0,0.0,1.0,0.0033832514055340823,246626.7106018623
2018-05-08,266374.8221322502,0.0024792131980868235,0.0024792131980868235,0.0,0.0,1.0,0.0,246626.7106018623
2018-05-09,268316.0234588074,0.007287480517184308,0.007287480517184308,0.0,0.0,1.0,0.009665943036992752,249010.59033794078
2018-05-10,271558.25233921874,0.012083620048539984,0.012083620048539984,0.0,0.0,1.0,0.00935057246770743,251338.98190812234
2018-05-11,270766.5770860097,-0.002915305450633269,-0.002915305450633269,0.0,0.0,1.0,0.003051262288339185,252105.88306520812
2018-05-14,271691.86653969425,0.003417295678227757,0.003417295678227757,0.0,0.0,1.0,0.0004764891618702638,252226.00878613247
2018-05-15,268919.4094418998,-0.010204416985700996,-0.010204416985700996,0.0,0.0,1.0,-0.0068870942702419224,250488.90448621547
2018-05-16,271359.5716526864,0.009073953478667685,0.009073953478667685,0.0,0.0,1.0,0.004205038255369109,251542.2199121255
2018-05-17,269731.07939129235,-0.006001233903325742,-0.006001233903325742,0.0,0.0,1.0,-0.0008445317033233257,251329.7845326854
2018-05-18,268561.24007364997,-0.004337057932969271,-0.004337057932969271,0.0,0.0,1.0,-0.0025000964194709097,250701.43583826884
2018-05-21,270298.37019324006,0.006468283059438028,0.006468283059438028,0.0,0.0,1.0,0.007518513478103062,252586.33796259863
2018-05-22,270590.17926232354,0.0010795813118475253,0.0010795813118475253,0.0,0.0,1.0,-0.002780038009895569,251884.1383422823
2018-05-23,271805.58450268593,0.004491682749447186,0.004491682749447186,0.0,0.0,1.0,0.002751210354111855,252577.12459172614
2018-05-24,270701.0978453224,-0.004063517162034532,-0.004063517162034532,0.0,0.0,1.0,-0.002048627108259149,252059.6882473614
2018-05-25,269830.278549518,-0.003216903450838434,-0.003216903450838434,0.0,0.0,1.0,-0.002382692061910996,251459.10762904666
2018-05-29,266492.14256879245,-0.01237124313353514,-0.01237124313353514,0.0,0.0,1.0,-0.011501220780603671,248567.02091491144
2018-05-30,268978.00822773064,0.009328101140154699,0.009328101140154699,0.0,0.0,1.0,0.013344961914744324,251884.1383422824
2018-05-31,268632.8846017639,-0.0012830923548016182,-0.0012830923548016182,0.0,0.0,1.0,-0.006126021614820232,250341.09066636718
2018-06-01,270697.0002397684,0.007683778704399772,0.007683778704399772,0.0,0.0,1.0,0.009817527979271157,252798.8213283455
2018-06-04,271369.22012954945,0.0024832927191124803,0.0024832927191124803,0.0,0.0,1.0,0.004751640915983346,254000.03055128164
2018-06-05,271106.99033079535,-0.0009663210832419056,-0.0009663210832419056,0.0,0.0,1.0,0.0007277292554970227,254184.87380441092
2018-06-06,273302.14471435203,0.008097003994172939,0.008097003994172939,0.0,0.0,1.0,0.008360283449440287,256309.93139797603
2018-06-07,271528.38349309337,-0.006490110873855684,-0.006490110873855684,0.0,0.0,1.0,-0.00010808825943076084,256282.2273036164
2018-06-08,271307.4492774391,-0.0008136689535438446,-0.0008136689535438446,0.0,0.0,1.0,0.00295639615259069,257039.8990943942
2018-06-11,271500.4440914261,0.0007113509581142541,0.0007113509581142541,0.0,0.0,1.0,0.0013298420157641377,257381.7215519377
2018-06-12,271691.2916751342,0.0007029365434253476,0.0007029365434253476,0.0,0.0,1.0,0.0012925279480116014,257714.39462035094
2018-06-13,271434.1502871097,-0.0009464469267273327,-0.0009464469267273327,0.0,0.0,1.0,-0.0031909018426681257,256892.05328367476
2018-06-14,270728.1640655448,-0.002600948409837896,-0.002600948409837896,0.0,0.0,1.0,0.0025176311702090892,257538.81272440075
2018-06-15,267508.1919371181,-0.011893746406255177,-0.011893746406255177,0.0,0.0,1.0,-0.0012755291377697375,257210.31446466414
2018-06-18,267146.8640742893,-0.001350717001271651,-0.001350717001271651,0.0,0.0,1.0,-0.0020569976851080307,256681.23344322442
2018-06-19,264991.4907720621,-0.008068121292368224,-0.008068121292368224,0.0,0.0,1.0,-0.003832766618132588,255697.43418018214
2018-06-20,265898.65740180505,0.0034233802266628124,0.0034233802266628124,0.0,0.0,1.0,0.0017061552079520315,256133.69368916863
2018-06-21,263213.0946835473,-0.010099948395751271,-0.010099948395751271,0.0,0.0,1.0,-0.006269123615399663,254527.9599013623
2018-06-22,265672.1101451453,0.009342299115302339,0.009342299115302339,0.0,0.0,1.0,0.0018234050296317417,254992.06746362834
2018-06-25,261471.12956343195,-0.01581265184146844,-0.01581265184146844,0.0,0.0,1.0,-0.013612915480249344,251520.88200111192
2018-06-26,262345.14128625504,0.003342670084771367,0.003342670084771367,0.0,0.0,1.0,0.00221392789779995,252077.73109865346
2018-06-27,259926.52368268007,-0.009219220114832966,-0.009219220114832966,0.0,0.0,1.0,-0.008284095909007472,249989.4949977072
2018-06-28,261359.13688714028,0.005511608373638399,0.005511608373638399,0.0,0.0,1.0,0.005717328813814371,251418.7671406085
2018-06-29,263896.1418066478,0.009706968540392324,0.009706968540392324,0.0,0.0,1.0,0.0014397998442183813,251780.75984237113
2018-07-02,263163.5288500538,-0.0027761412182024663,-0.002442807884869133,0.6666666666666666,0.0003333333333333333,1.0,0.0021380759336826483,252319.08622555443
2018-07-03,262396.6327094667,-0.0029141429435083723,-0.0029141429435083723,0.0,0.0,1.0,-0.003531598548360826,251427.9965069165
2018-07-05,264984.91607977514,0.009864011376907731,0.009864011376907731,0.0,0.0,1.0,0.008158163373716887,253479.18717914628
2018-07-06,267511.81988729147,0.009536028861188612,0.009536028861188612,0.0,0.0,1.0,0.008458209992194154,255623.16737295818
2018-07-09,269335.24462980876,0.006816239907774986,0.006816239907774986,0.0,0.0,1.0,0.009004501405950105,257924.92654296142
2018-07-10,268788.315078281,-0.002030664617545678,-0.002030664617545678,0.0,0.0,1.0,0.0035984701432094646,258853.06169031575
2018-07-11,264453.85013209406,-0.016125942621146267,-0.016125942621146267,0.0,0.0,1.0,-0.007314557874026906,256959.66598971287
2018-07-12,266869.3550681073,0.00913393748968579,0.00913393748968579,0.0,0.0,1.0,0.009066042385718287,259289.2732129956
2018-07-13,266835.7636265732,-0.00012587223259700564,-0.00012587223259700564,0.0,0.0,1.0,0.0007876520246137275,259493.50293400246
2018-07-16,264397.23836024577,-0.009138674790760396,-0.009138674790760396,0.0,0.0,1.0,-0.0008940408699465996,259261.5051368939
2018-07-17,265430.2325526035,0.003906977995550583,0.003906977995550583,0.0,0.0,1.0,0.004044860994882438,260310.1818864966
2018-07-18,266306.749480064,0.003302249781538369,0.003302249781538369,0.0,0.0,1.0,0.0021036585347120607,260857.78562229458
2018-07-19,266386.166997603,0.00029821819271972705,0.00029821819271972705,0.0,0.0,1.0,-0.003771400806364178,259873.9863592523
2018-07-20,266637.6738029759,0.0009441436400680068,0.0009441436400680068,0.0,0.0,1.0,-0.0011431202986392774,259576.91913035675
2018-07-23,267346.28454275324,0.002657579214784637,0.002657579214784637,0.0,0.0,1.0,0.001859788773693527,260059.6773704653
2018-07-24,267234.4457204538,-0.0004183294429946547,-0.0004183294429946547,0.0,0.0,1.0,0.00503193186425599,261368.27994763388
2018-07-25,270003.8564528591,0.010363225163354452,0.010363225163354452,0.0,0.0,1.0,0.008522305661400553,263595.7403195421
2018-07-26,269123.7957418978,-0.0032594375596076324,-0.0032594375596076324,0.0,0.0,1.0,-0.0023587580520813,262973.9817445691
2018-07-27,265877.8278465637,-0.012061244478162406,-0.012061244478162406,0.0,0.0,1.0,-0.00677640986039163,261191.96226164876
2018-07-30,264570.74931635265,-0.00491608698926708,-0.00491608698926708,0.0,0.0,1.0,-0.005223723749102516,259827.5676053079
2018-07-31,265634.1947669505,0.004019512562691803,0.004019512562691803,0.0,0.0,1.0,0.004929186461072543,261108.3061337614
2018-08-01,264628.47721180826,-0.0037860997377411323,-0.0037860997377411323,0.0,0.0,1.0,-0.0016700639294737751,260672.2385700014
2018-08-02,266991.4785856772,0.008929505239822017,0.008929505239822017,0.0,0.0,1.0,0.005447433904264054,262092.23336028805
2018-08-03,267267.2175021992,0.0010327629854804954,0.0010327629854804954,0.0,0.0,1.0,0.00428465785994514,263215.20890798577
2018-08-06,268445.3502259495,0.004408070450093874,0.004408070450093874,0.0,0.0,1.0,0.003667312949446888,264180.5014521054
2018-08-07,269662.0201538947,0.0045322816242527875,0.0045322816242527875,0.0,0.0,1.0,0.0033023143083192874,265052.9085020296
2018-08-08,268600.5494296793,-0.00393630042380307,-0.00393630042380307,0.0,0.0,1.0,-0.00042026406632400537,264941.5162889115
2018-08-09,268409.8978613757,-0.000709795898438929,-0.000709795898438929,0.0,0.0,1.0,-0.0013661909841899966,264579.55557802
2018-08-10,267475.9795191384,-0.0034794482233275006,-0.0034794482233275006,0.0,0.0,1.0,-0.006699981579040726,262806.8774294565
2018-08-13,266384.74218403565,-0.0040797582536740516,-0.0040797582536740516,0.0,0.0,1.0,-0.0037434304332708557,261823.0781664142
2018-08-14,267977.9720713113,0.005980935222539729,0.005980935222539729,0.0,0.0,1.0,0.006380687623361192,263493.68944078096
2018-08-15,263818.0797970457,-0.01552326201333672,-0.01552326201333672,0.0,0.0,1.0,-0.007467467327705757,261526.0589238253
2018-08-16,265611.2541844848,0.0067970109888545825,0.0067970109888545825,0.0,0.0,1.0,0.00809153835252907,263642.2070597932
2018-08-17,266381.4416979577,0.002899679517864258,0.002899679517864258,0.0,0.0,1.0,0.0035200099015066932,264570.2302390987
2018-08-20,266708.80272455944,0.0012289182929376603,0.0012289182929376603,0.0,0.0,1.0,0.002140340614151137,265136.5006481748
2018-08-21,268215.3449543259,0.005648640818662009,0.005648640818662009,0.0,0.0,1.0,0.0023452921615660927,265758.32320489
2018-08-22,270054.157823314,0.006855733288866424,0.006855733288866424,0.0,0.0,1.0,-0.000594114766890752,265600.4322606498
2018-08-23,269493.58356373507,-0.002075784591125266,-0.002075784591125266,0.0,0.0,1.0,-0.0013276912577618871,265247.7968886796
2018-08-24,271501.53789141943,0.007450842803496727,0.007450842803496727,0.0,0.0,1.0,0.006018675587439848,266844.2373284357
2018-08-27,272871.36245280836,0.005045365753827931,0.005045365753827931,0.0,0.0,1.0,0.00789556784093337,268951.12410722446
2018-08-28,272720.6466419076,-0.0005523328265233385,-0.0005523328265233385,0.0,0.0,1.0,0.00048292394031212993,269081.0070438297
2018-08-29,275037.9819630023,0.008497102619947553,0.008497102619947553,0.0,0.0,1.0,0.0053805761640368654,270528.8178965248
2018-08-30,274643.4013307065,-0.001434640515755925,-0.001434640515755925,0.0,0.0,1.0,-0.004048158338061492,269433.674406671
2018-08-31,275217.29714245355,0.0020896034966303065,0.0020896034966303065,0.0,0.0,1.0,3.4432788088123445e-05,269442.9517592857
2018-09-04,274166.02911876165,-0.0038197745367280302,-0.0034864412033946968,0.6666666666666666,0.0003333333333333333,1.0,-0.0017224112332510089,268978.8601924552
2018-09-05,272495.87523165444,-0.00609176086649236,-0.00609176086649236,0.0,0.0,1.0,-0.0026913097402136987,268254.95476610766
2018-09-06,270797.10546166846,-0.006234111868819281,-0.006234111868819281,0.0,0.0,1.0,-0.0030097695870999752,267447.56916166376
2018-09-07,270226.5387553322,-0.002106989679094136,-0.002106989679094136,0.0,0.0,1.0,-0.0019435722315758186,266927.7654928387
2018-09-10,270797.43705348874,0.002112665546419423,0.002112665546419423,0.0,0.0,1.0,0.0017380417942602921,267391.69710531377
2018-09-11,271938.50116074365,0.004213718267316905,0.004213718267316905,0.0,0.0,1.0,0.003297590739826717,268273.4454895948
2018-09-12,271475.83450958104,-0.0017013650115292138,-0.0017013650115292138,0.0,0.0,1.0,0.00024213154462460196,268338.402953333
2018-09-13,272998.788855457,0.0056099075950061614,0.0056099075950061614,0.0,0.0,1.0,0.005914781744517761,269925.5660404744
2018-09-14,273132.03908423195,0.00048809824151089626,0.00048809824151089626,0.0,0.0,1.0,0.00017161316732838827,269971.88882180554
2018-09-17,270371.8807796932,-0.010105582317596876,-0.010105582317596876,0.0,0.0,1.0,-0.005294092483862811,268542.63267433975
2018-09-18,271983.7782791285,0.005961779363989006,0.005961779363989006,0.0,0.0,1.0,0.005426267566573273,269999.8168522627
2018-09-19,271680.8400907136,-0.0011138097659045092,-0.0011138097659045092,0.0,0.0,1.0,0.0010657706689012336,270287.5747376726
2018-09-20,274254.09955343645,0.009471626566907254,0.009471626566907254,0.0,0.0,1.0,0.008103661341829493,272477.8937082511
2018-09-21,273232.83496323985,-0.003723789696706503,-0.003723789696706503,0.0,0.0,1.0,-0.0009141325884393092,272228.8127859831
2018-09-24,272846.89034349966,-0.0014125118593163453,-0.0014125118593163453,0.0,0.0,1.0,-0.003321786344751776,271324.5268330226
2018-09-25,273025.4680482377,0.0006544978559703818,0.0006544978559703818,0.0,0.0,1.0,-0.0009274509565797562,271072.8866410678
2018-09-26,271985.51378673536,-0.0038090009292413387,-0.0038090009292413387,0.0,0.0,1.0,-0.0029925254722252825,270261.69412296475
2018-09-27,273011.77342822036,0.003773214342178625,0.003773214342178625,0.0,0.0,1.0,0.0027944784666069644,271016.9346075401
2018-09-28,273277.7867544577,0.0009743657678091081,0.0009743657678091081,0.0,0.0,1.0,0.0001031670635962545,271044.8946288684
2018-10-01,272580.7881456489,-0.002550513223509891,-0.002550513223509891,0.0,0.0,1.0,0.0034745065546817333,271986.6418918694
2018-10-02,271339.5762752363,-0.004553555952554504,-0.004553555952554504,0.0,0.0,1.0,-0.0005830387362608658,271828.06314390094
2018-10-03,272278.2012506394,0.003459226214943915,0.003459226214943915,0.0,0.0,1.0,0.0005487786291973329,271977.2365757704
2018-10-04,268552.224212281,-0.013684448557556534,-0.013684448557556534,0.0,0.0,1.0,-0.007815953347760196,269851.4751830415
2018-10-05,266147.0494049872,-0.008956078521965968,-0.008956078521965968,0.0,0.0,1.0,-0.00559691959885078,268341.13817281066
2018-10-08,265419.3254533467,-0.0027342927650989557,-0.0027342927650989557,0.0,0.0,1.0,0.0,268341.13817281066
2018-10-09,265232.3498751292,-0.000704453520474176,-0.000704453520474176,0.0,0.0,1.0,-0.0014592777692703507,267949.5539152944
2018-10-10,256005.23622400613,-0.034788794260832624,-0.034788794260832624,0.0,0.0,1.0,-0.03166337405097275,259465.36696288316
2018-10-11,251437.43403407309,-0.01784261235163257,-0.01784261235163257,0.0,0.0,1.0,-0.022026219617484855,253750.3258070274
2018-10-12,254950.34810246975,0.013971324842269262,0.013971324842269262,0.0,0.0,1.0,0.013888180608060186,257274.45616118953
2018-10-15,253759.73265078792,-0.004669989511853008,-0.004669989511853008,0.0,0.0,1.0,-0.00561711269949805,255829.31654623008
2018-10-16,260522.62678136758,0.02665077733150989,0.02665077733150989,0.0,0.0,1.0,0.021866218328931097,261423.33623677114
2018-10-17,260200.17721777697,-0.001237702719239027,-0.001237702719239027,0.0,0.0,1.0,0.0001780511185374145,261469.8829541999
2018-10-18,255311.6767325732,-0.01878746024493394,-0.01878746024493394,0.0,0.0,1.0,-0.014440862100955854,257694.0324309052
2018-10-19,254286.4264107394,-0.004015681283969341,-0.004015681283969341,0.0,0.0,1.0,-0.0005425663169541517,257554.2163288281
2018-10-22,254159.5208898435,-0.0004990652575804408,-0.0004990652575804408,0.0,0.0,1.0,-0.004488958082273342,256398.06624781524
2018-10-23,252658.03667084547,-0.005907644985091146,-0.005907644985091146,0.0,0.0,1.0,-0.0050907541942170065,255092.80671667503
2018-10-24,243080.96839360244,-0.03790525883694629,-0.03790525883694629,0.0,0.0,1.0,-0.030298629595838955,247363.84425340354
2018-10-25,249092.12469169576,0.024729028923234916,0.024729028923234916,0.0,0.0,1.0,0.017940591227012526,251801.69786749626
2018-10-26,244588.53344810207,-0.018080022598738716,-0.018080022598738716,0.0,0.0,1.0,-0.0175873646312813,247373.16959232488
2018-10-29,242011.09523091762,-0.010537853843141615,-0.010537853843141615,0.0,0.0,1.0,-0.005539909351522931,246002.74465678446
2018-10-30,246218.9499572193,0.01738703228579963,0.01738703228579963,0.0,0.0,1.0,0.014818110194186884,249648.04043518112
2018-10-31,249189.19555340966,0.012063432147308168,0.012063432147308168,0.0,0.0,1.0,0.010681241752739323,252314.5915081669
2018-11-01,250497.9858005454,0.00525219500078696,0.005585528334120293,0.6666666666666666,0.0003333333333333333,1.0,0.010641516170557974,254999.6013137688
2018-11-02,248504.49853835226,-0.007958096971607542,-0.007958096971607542,0.0,0.0,1.0,-0.005922962223803063,253489.2483081025
2018-11-05,248706.81399897084,0.000814131984767134,0.000814131984767134,0.0,0.0,1.0,0.005517050248431854,254887.76122845552
2018-11-06,249513.78795851994,0.003244679735845265,0.003244679735845265,0.0,0.0,1.0,0.00632769399695543,256500.61298507822
2018-11-07,253704.30887047507,0.0167947468804881,0.0167947468804881,0.0,0.0,1.0,0.021408825954674304,261991.98996574304
2018-11-08,252504.36424833,-0.0047296974477391,-0.0047296974477391,0.0,0.0,1.0,-0.0018147437489514084,261516.54163967737
2018-11-09,249350.05167675816,-0.012492111100581533,-0.012492111100581533,0.0,0.0,1.0,-0.009768219697692593,258961.99060636022
2018-11-12,245079.24875200717,-0.017127740283316168,-0.017127740283316168,0.0,0.0,1.0,-0.018684916740185464,254123.30737300767
2018-11-13,242748.06537132562,-0.00951195742827034,-0.00951195742827034,0.0,0.0,1.0,-0.0018715649711066318,253647.69909258658
2018-11-14,242289.57628675457,-0.0018887445462015076,-0.0018887445462015076,0.0,0.0,1.0,-0.006836447473924756,251913.64992085824
2018-11-15,244394.41794164738,0.00868729760128717,0.00868729760128717,0.0,0.0,1.0,0.010436726019068088,254542.80366554568
2018-11-16,244828.86395040556,0.001777642928251962,0.001777642928251962,0.0,0.0,1.0,0.0026005649932305808,255204.75877003706
2018-11-19,240797.97654066278,-0.016464102086260923,-0.016464102086260923,0.0,0.0,1.0,-0.01691448160994813,250888.10257105
2018-11-20,235436.38255710335,-0.022265942847962534,-0.022265942847962534,0.0,0.0,1.0,-0.0185063023028208,246245.09150068904
2018-11-21,236953.14466671244,0.006442343758154,0.006442343758154,0.0,0.0,1.0,0.0034075341464698816,247084.18005837823
2018-11-23,233548.9288546402,-0.014366620104833212,-0.014366620104833212,0.0,0.0,1.0,-0.006678635203553163,245433.9949551993
2018-11-26,236961.39521510858,0.014611355218812664,0.014611355218812664,0.0,0.0,1.0,0.016144484339874365,249396.40024322632
2018-11-27,237185.46999393,0.0009456172327901116,0.0009456172327901116,0.0,0.0,1.0,0.0033642850119899315,250235.44081460885
2018-11-28,241292.1561014462,0.017314239812503313,0.017314239812503313,0.0,0.0,1.0,0.023025306922485722,255997.18864224874
2018-11-29,241381.27407364052,0.0003693363830560663,0.0003693363830560663,0.0,0.0,1.0,-0.002184838035064085,255437.87624763369
2018-11-30,242088.76509185266,0.002931010373225111,0.002931010373225111,0.0,0.0,1.0,0.006094835110823871,256994.72798442206
2018-12-03,246414.7988176558,0.017869617882357264,0.017869617882357264,0.0,0.0,1.0,0.013241504786841274,260397.72490522076
2018-12-04,240655.31484997456,-0.023373125296517545,-0.023373125296517545,0.0,0.0,1.0,-0.03240215824783832,251960.27661546477
2018-12-06,240433.5904771824,-0.000921335865490295,-0.000921335865490295,0.0,0.0,1.0,-0.0015172665890088588,251577.98570599867
2018-12-07,236854.86590768764,-0.014884461702677173,-0.014884461702677173,0.0,0.0,1.0,-0.023235784640634805,245732.3738098094
2018-12-10,236574.23651161956,-0.0011848158364518024,-0.0011848158364518024,0.0,0.0,1.0,0.0018968074270491186,246198.48080151825
2018-12-11,237312.6359306812,0.00312121653629586,0.00312121653629586,0.0,0.0,1.0,0.00022719895715872518,246254.4168396104
2018-12-12,238152.67396721317,0.003539794807965143,0.003539794807965143,0.0,0.0,1.0,0.0050355001363078244,247494.4309891727
2018-12-13,239174.79491207673,0.0042918726371484,0.0042918726371484,0.0,0.0,1.0,-0.0003389169754232091,247410.55092518774
2018-12-14,234541.96407403226,-0.019370062968999457,-0.019370062968999457,0.0,0.0,1.0,-0.0184647596920835,242842.17455706812
2018-12-17,230325.8002400222,-0.017976159834149203,-0.017976159834149203,0.0,0.0,1.0,-0.01961847236263914,238077.9820670371
2018-12-18,229115.4724696921,-0.0052548510373948325,-0.0052548510373948325,0.0,0.0,1.0,-0.001096604972279147,237816.90456811222
2018-12-19,226402.97351157173,-0.011839003838901092,-0.011839003838901092,0.0,0.0,1.0,-0.014975855873210042,234255.39288108723
2018-12-20,223376.65255144256,-0.013366966489839482,-0.013366966489839482,0.0,0.0,1.0,-0.016277823223267207,230442.2250066719
2018-12-21,218892.3775130863,-0.020074949584641694,-0.020074949584641694,0.0,0.0,1.0,-0.02048956360661247,225720.56437974842
2018-12-24,214347.73800221566,-0.020761981584301276,-0.020761981584301276,0.0,0.0,1.0,-0.02642301585203788,219756.3463290114
2018-12-26,224007.78821970406,0.045067189920093835,0.045067189920093835,0.0,0.0,1.0,0.05052504638178412,230859.54591997614
2018-12-27,224159.38924254454,0.0006767667501443864,0.0006767667501443864,0.0,0.0,1.0,0.007677491587067431,232631.96814157095
2018-12-28,223408.52935105143,-0.0033496695990756034,-0.0033496695990756034,0.0,0.0,1.0,-0.0012901165711736162,232331.84578448677
2018-12-31,224894.93092292245,0.006653289273192235,0.006653289273192235,0.0,0.0,1.0,0.008758693012625773,234366.76909876982
2019-01-02,223570.69074871254,-0.005888261548517366,-0.005554928215184033,0.6666666666666666,0.0003333333333333333,1.0,0.0010404649762563167,234610.6195136154
2019-01-03,219878.63773340787,-0.016514029647358524,-0.016514029647358524,0.0,0.0,1.0,-0.023862732376704998,229012.16908742904
2019-01-04,226327.47923849363,0.029329095229817893,0.029329095229817893,0.0,0.0,1.0,0.033495525881369836,236683.05212424565
2019-01-07,228561.53575238073,0.009870902646925028,0.009870902646925028,0.0,0.0,1.0,0.007884685669550473,238549.22359355516
2019-01-08,231539.96677322354,0.013031199720628198,0.013031199720628198,0.0,0.0,1.0,0.009395261942788835,240790.45603546553
2019-01-09,232418.8130723587,0.00379565701499777,0.00379565701499777,0.0,0.0,1.0,0.004673536030814551,241915.79890762354
2019-01-10,233967.0594444746,0.006661450300212627,0.006661450300212627,0.0,0.0,1.0,0.003527692181962916,242769.20338012328
2019-01-11,233933.17384303868,-0.0001448306505898629,-0.0001448306505898629,0.0,0.0,1.0,0.00038629792115307815,242862.98461870902
2019-01-14,232507.63750229252,-0.00609377591611974,-0.00609377591611974,0.0,0.0,1.0,-0.0061009922238084435,241381.27943809936
2019-01-15,235649.37915610048,0.013512423452227251,0.013512423452227251,0.0,0.0,1.0,0.011460882858806087,244147.72200604813
2019-01-16,236377.16648605416,0.0030884330464184075,0.0030884330464184075,0.0,0.0,1.0,0.0024199423110702334,244738.545408682
2019-01-17,237976.20094218326,0.0067647585420371,0.0067647585420371,0.0,0.0,1.0,0.007586537559105766,246595.26357558588
2019-01-18,240087.96058456245,0.008873827021435094,0.008873827021435094,0.0,0.0,1.0,0.013309936910870457,249877.43097629637
2019-01-22,237161.89997575965,-0.012187452472329255,-0.012187452472329255,0.0,0.0,1.0,-0.01351048240548014,246501.46634156455
2019-01-23,237439.7782637654,0.001171681825934708,0.001171681825934708,0.0,0.0,1.0,0.002092631774026632,247017.30314237508
2019-01-24,238264.20201300643,0.0034721383050032215,0.0034721383050032215,0.0,0.0,1.0,0.0005313091308047913,247148.54569100137
2019-01-25,240874.5473243486,0.010955675629357176,0.010955675629357176,0.0,0.0,1.0,0.008461483101109613,249239.78893382958
2019-01-28,240060.89115731587,-0.0033779250488308312,-0.0033779250488308312,0.0,0.0,1.0,-0.0076003412157106265,247345.48149340076
2019-01-29,239829.49452093022,-0.0009639080954424077,-0.0009639080954424077,0.0,0.0,1.0,-0.0013268014804406203,247017.30314237502
2019-01-30,243772.9643049967,0.01644280571888686,0.01644280571888686,0.0,0.0,1.0,0.015830551434123485,250927.72326488886
2019-01-31,246549.47616706465,0.011389744838948241,0.011389744838948241,0.0,0.0,1.0,0.008782684868383406,253131.5423830653
2019-02-01,245201.7955673359,-0.005466166956345756,-0.004799500289679089,1.3333333333333333,0.0006666666666666666,1.0,0.0004813830264522867,253253.3956110282
2019-02-04,245093.86491615235,-0.0004401707211558006,-0.0004401707211558006,0.0,0.0,1.0,0.007035560360753701,255035.1751624154
2019-02-05,246147.59258566852,0.004299282113310617,0.004299282113310617,0.0,0.0,1.0,0.0041917940684186306,256104.23009689932
2019-02-06,245096.2925378705,-0.00427101494982988,-0.00427101494982988,0.0,0.0,1.0,-0.0013182119734318487,255766.63043433908
2019-02-07,246510.5969956555,0.00577040331022749,0.00577040331022749,0.0,0.0,1.0,-0.009532659711309122,253328.49418090036
2019-02-08,247173.43250417695,0.002688872269994702,0.002688872269994702,0.0,0.0,1.0,0.0012215273966951212,253637.94187690588
2019-02-11,246670.84485543644,-0.002033340086953032,-0.002033340086953032,0.0,0.0,1.0,0.0005544591169961421,253778.57374619567
2019-02-12,246117.98407069655,-0.0022412895413883582,-0.0022412895413883582,0.0,0.0,1.0,0.012859008248429449,257041.91451927266
2019-02-13,245903.88157507346,-0.0008699181265909108,-0.0008699181265909108,0.0,0.0,1.0,0.0032471662203610308,257876.57234131655
2019-02-14,247091.9881440239,0.004831589324008659,0.004831589324008659,0.0,0.0,1.0,-0.00221828899040033,257304.52758000966
2019-02-15,248267.26120822443,0.0047564191499220865,0.0047564191499220865,0.0,0.0,1.0,0.010897343685445149,260108.46344887014
2019-02-19,249718.0763581482,0.005843763462258974,0.005843763462258974,0.0,0.0,1.0,0.0017305378903611501,260558.59100047202
2019-02-20,248816.66264829604,-0.003609725507252951,-0.003609725507252951,0.0,0.0,1.0,0.0020157083442222667,261083.80112651046
2019-02-21,247216.10074212297,-0.006432695821643815,-0.006432695821643815,0.0,0.0,1.0,-0.0035557284060169225,260155.45803849408
2019-02-22,248490.48865326252,0.005154955147799548,0.005154955147799548,0.0,0.0,1.0,0.006199630652452548,261768.32579055236
2019-02-25,247507.4431476357,-0.003956068946359359,-0.003956068946359359,0.0,0.0,1.0,0.0013614874841958446,262124.72008987507
2019-02-26,247799.97886033735,0.0011819269310907967,0.0011819269310907967,0.0,0.0,1.0,-0.0007156687395919459,261937.1256218325
2019-02-27,245866.74432669024,-0.0078015928110175175,-0.0078015928110175175,0.0,0.0,1.0,-0.00042947672233717427,261824.629723662
2019-02-28,245342.85393703912,-0.002130789957323446,-0.002130789957323446,0.0,0.0,1.0,-0.0018623948901529408,261337.00887114846
2019-03-01,242942.12493698727,-0.00978520043085466,-0.00978520043085466,0.0,0.0,1.0,0.006243518267346593,262968.67125996924
2019-03-04,243731.7049329816,0.0032500744619693807,0.0032500744619693807,0.0,0.0,1.0,-0.003637661560980443,262012.08023278473
2019-03-05,244230.65446900774,0.002047126105991633,0.002047126105991633,0.0,0.0,1.0,-0.001359793529204456,261655.79790151078
2019-03-06,244079.5200618264,-0.0006188183359290648,-0.0006188183359290648,0.0,0.0,1.0,-0.006056857026776941,260070.98614339408
2019-03-07,244365.74276876656,0.0011726617082320847,0.0011726617082320847,0.0,0.0,1.0,-0.008365543550294174,257895.35098264355
2019-03-08,245688.02344273304,0.005411072186242149,0.005411072186242149,0.0,0.0,1.0,-0.0019995585205015987,257379.67413618846
2019-03-11,246246.6690977331,0.002273800925140586,0.002273800925140586,0.0,0.0,1.0,0.014500939044747252,261111.9211021942
2019-03-12,247695.39818165294,0.005883243372298692,0.005883243372298692,0.0,0.0,1.0,0.0037707318579243143,262096.50414157804
2019-03-13,248522.89023602867,0.0033407647475504434,0.0033407647475504434,0.0,0.0,1.0,0.0066195499907053534,263831.4650531323
2019-03-14,247093.27923531167,-0.00575243189614949,-0.00575243189614949,0.0,0.0,1.0,-0.0006398623707816187,263662.64922641666
2019-03-15,247756.39264434864,0.0026836561928722524,0.0026836561928722524,0.0,0.0,1.0,0.004940784238023577,264965.34948787006
2019-03-18,247341.88087628354,-0.0016730618477323784,-0.0016730618477323784,0.0,0.0,1.0,0.0036256433722545722,265926.0193511179
2019-03-19,247135.54187263068,-0.0008342259019048502,-0.0008342259019048502,0.0,0.0,1.0,0.000247998224854884,265991.9685318597
2019-03-20,248783.1262598199,0.006666723752904483,0.006666723752904483,0.0,0.0,1.0,-0.003009998892312682,265191.3330012147
2019-03-21,250108.95920351573,0.005329271979286787,0.005329271979286787,0.0,0.0,1.0,0.01129482336529386,268186.6222654703
2019-03-22,250994.83853646505,0.0035419736093038243,0.0035419736093038243,0.0,0.0,1.0,-0.019246713391334436,263024.91121133673
2019-03-25,251876.73412512118,0.0035136004939320857,0.0035136004939320857,0.0,0.0,1.0,-0.0007517142685475875,262827.19163259567
2019-03-26,252070.62715898393,0.000769793345686387,0.000769793345686387,0.0,0.0,1.0,0.007454148575527952,264786.3445687138
2019-03-27,252163.06962322394,0.000366732392750017,0.000366732392750017,0.0,0.0,1.0,-0.0052292911101325945,263401.6996909761
2019-03-28,252082.3043340493,-0.00032028991911992044,-0.00032028991911992044,0.0,0.0,1.0,0.0037904200954812506,264400.10278666875
2019-03-29,252001.1773496734,-0.00032182736741574275,-0.00032182736741574275,0.0,0.0,1.0,0.00630561118934736,266067.30703326495
2019-04-01,253893.81874118774,0.007510446623382848,0.008177113290049515,1.3333333333333333,0.0006666666666666666,1.0,0.011859238261598959,269222.66262099444
2019-04-02,254850.3878539718,0.003767595121168125,0.003767595121168125,0.0,0.0,1.0,0.0004895664710657943,269354.46500986477
2019-04-03,255375.09471925662,0.0020588819569912578,0.0020588819569912578,0.0,0.0,1.0,0.0015736848537524217,269778.34405174135
2019-04-04,255432.16198876098,0.0002234645064629338,0.0002234645064629338,0.0,0.0,1.0,0.0026533921168307995,270494.17178313993
2019-04-05,256879.93894898344,0.005667950930494584,0.005667950930494584,0.0,0.0,1.0,0.004840127942587813,271803.3981822946
2019-04-08,256685.57138857167,-0.0007566474875657647,-0.0007566474875657647,0.0,0.0,1.0,0.0007628044273493284,272010.7310177967
2019-04-09,255496.0412550721,-0.004634191657383176,-0.004634191657383176,0.0,0.0,1.0,-0.005125041148398735,270616.6648285244
2019-04-10,257027.72175736478,0.0059949285114893796,0.0059949285114893796,0.0,0.0,1.0,0.003411085513685519,271539.7614136829
2019-04-11,256741.98493817073,-0.0011116965019975313,-0.0011116965019975313,0.0,0.0,1.0,-0.000277802682103645,271464.3269396644
2019-04-12,258101.2813783867,0.005294406524680125,0.005294406524680125,0.0,0.0,1.0,0.0067661039815190005,273301.08280301123
2019-04-15,257619.12078475143,-0.0018681061599550666,-0.0018681061599550666,0.0,0.0,1.0,-0.0006549147990376758,273122.0938792905
2019-04-16,256030.10205866527,-0.006168093118421296,-0.006168093118421296,0.0,0.0,1.0,0.0006553439935175209,273301.08280301123
2019-04-17,255341.23896296177,-0.0026905550955319173,-0.0026905550955319173,0.0,0.0,1.0,-0.002447005160658433,272632.3136429787
2019-04-18,256270.0993884385,0.003637721933398508,0.003637721933398508,0.0,0.0,1.0,0.001968977226631141,273169.1204597855
2019-04-22,255646.11535229065,-0.0024348686703479596,-0.0024348686703479596,0.0,0.0,1.0,0.0008622818838475155,273404.6692435845
2019-04-23,258624.930469868,0.01165210397768986,0.01165210397768986,0.0,0.0,1.0,0.008991808651522382,275863.0717138556
2019-04-24,258795.7740902255,0.0006605844999053587,0.0006605844999053587,0.0,0.0,1.0,-0.0022193666119265654,275250.83042303036
2019-04-25,258912.80668875956,0.0004522198978923476,0.0004522198978923476,0.0,0.0,1.0,-0.0006162219319452156,275081.2148245376
2019-04-26,260073.2191139603,0.00448186569077554,0.00448186569077554,0.0,0.0,1.0,0.004657077123267239,276362.2892571375
2019-04-29,259528.4293905856,-0.002094755181755022,-0.002094755181755022,0.0,0.0,1.0,0.0015676971278140162,276795.54162424203
2019-04-30,259727.67125735112,0.0007677072883049973,0.0007677072883049973,0.0,0.0,1.0,0.0005106139630151052,276936.8772926957
2019-05-01,259789.4184836346,0.0002377383433369577,0.000571071676670291,0.6666666666666666,0.0003333333333333333,1.0,-0.007516795858767744,274855.1993203219
2019-05-02,259090.94120007358,-0.00268862868872007,-0.00268862868872007,0.0,0.0,1.0,-0.0021587173445553054,274261.86463430786
2019-05-03,261448.61438755758,0.009099790122200375,0.009099790122200375,0.0,0.0,1.0,0.009787791598609985,276946.2826087947
2019-05-06,260876.38513629875,-0.002188687259250847,-0.002188687259250847,0.0,0.0,1.0,-0.004115262940304842,275806.5758355195
2019-05-07,258276.41289229444,-0.009966299719485483,-0.009966299719485483,0.0,0.0,1.0,-0.0166996948876722,271200.6901710527
2019-05-08,257596.79904371029,-0.002631343067582207,-0.002631343067582207,0.0,0.0,1.0,-0.001389452476219244,270823.8697005422
2019-05-09,257706.97978037794,0.00042772556598802414,0.00042772556598802414,0.0,0.0,1.0,-0.003025871222577914,270004.3915468281
2019-05-10,258616.59442422114,0.0035296469060264917,0.0035296469060264917,0.0,0.0,1.0,0.005023432931933414,271360.7404990911
2019-05-13,256212.88759794686,-0.009294480238694206,-0.009294480238694206,0.0,0.0,1.0,-0.025129965506399565,264541.4544505579
2019-05-14,257213.87024056824,0.003906839550523103,0.003906839550523103,0.0,0.0,1.0,0.009043714147042747,266933.89174465166
2019-05-15,259532.33964014845,0.009013780623151316,0.009013780623151316,0.0,0.0,1.0,0.005857636886675621,268497.493555239
2019-05-16,260459.0215439535,0.0035705835545965696,0.0035705835545965696,0.0,0.0,1.0,0.009260996830550816,270984.0479920649
2019-05-17,259597.41965895108,-0.0033080132141131884,-0.0033080132141131884,0.0,0.0,1.0,-0.006465015509992789,269232.13191883557
2019-05-20,256707.22004398087,-0.011133391151449993,-0.011133391151449993,0.0,0.0,1.0,-0.006612241939518038,267451.903924696
2019-05-21,258196.39000669934,0.005801044327710632,0.005801044327710632,0.0,0.0,1.0,0.009015871162812328,269863.21583272994
2019-05-22,258562.83321814289,0.0014192421955785406,0.0014192421955785406,0.0,0.0,1.0,-0.0030718504553067794,269034.2363903036
2019-05-23,258410.17459290204,-0.0005904120996077507,-0.0005904120996077507,0.0,0.0,1.0,-0.012218244152985336,265747.1104045749
2019-05-24,258705.8561195956,0.0011442332994798796,0.0011442332994798796,0.0,0.0,1.0,0.0022680359751037216,266349.83441125235
2019-05-28,258150.4556314688,-0.002146841576984193,-0.002146841576984193,0.0,0.0,1.0,-0.009300419208587263,263872.6692950899
2019-05-29,256558.4887845307,-0.006166817885499887,-0.006166817885499887,0.0,0.0,1.0,-0.006710959032652952,262101.83062161377
2019-05-30,258011.24192339953,0.005662463735857621,0.005662463735857621,0.0,0.0,1.0,0.0027315936450535983,262817.78631649667
2019-05-31,258213.68782389566,0.0007846398435469673,0.0007846398435469673,0.0,0.0,1.0,-0.013475303300831576,259276.23693302873
2019-06-03,256221.64391939904,-0.007714710716091865,-0.007381377382758532,0.6666666666666666,0.0003333333333333333,1.0,-0.0025430940055790607,258616.87308909526
2019-06-04,260097.93247054445,0.015128653816477692,0.015128653816477692,0.0,0.0,1.0,0.021706727794189584,264230.5991562247
2019-06-05,263303.0689911913,0.012322806606737641,0.012322806606737641,0.0,0.0,1.0,0.008662020536801984,266519.37003256736
2019-06-06,264739.7060017327,0.005456210655066259,0.005456210655066259,0.0,0.0,1.0,0.006502857303357201,268252.5074644698
2019-06-07,267655.3607354027,0.011013288402046479,0.011013288402046479,0.0,0.0,1.0,0.010007175667177792,270936.95742982766
2019-06-10,268813.924304688,0.004328564786082012,0.004328564786082012,0.0,0.0,1.0,0.004588629192192606,272180.186661934
2019-06-11,269156.92066707526,0.0012759620368419562,0.0012759620368419562,0.0,0.0,1.0,-0.00024200587255052142,272114.3174583699
2019-06-12,268782.4754795144,-0.001391178003644929,-0.001391178003644929,0.0,0.0,1.0,-0.0017655774471641017,271633.878556415
2019-06-13,270064.2403607579,0.0047687814429003455,0.0047687814429003455,0.0,0.0,1.0,0.004126378330136404,272754.74270662107
2019-06-14,269632.17965809157,-0.0015998441781451451,-0.0015998441781451451,0.0,0.0,1.0,-0.0011048534028429424,272453.38870100013
2019-06-17,271169.5896905753,0.005701878887131547,0.005701878887131547,0.0,0.0,1.0,0.00038031617789169303,272557.00713244453
2019-06-18,273339.79138832603,0.008003116058209579,0.008003116058209579,0.0,0.0,1.0,0.010470857599740535,275410.9127419398
2019-06-19,274380.5482379037,0.003807557049383699,0.003807557049383699,0.0,0.0,1.0,0.0022575088740948157,276032.65532147733
2019-06-20,276566.8745599587,0.007968226377911206,0.007968226377911206,0.0,0.0,1.0,0.009554055974156261,278669.8867611137
2019-06-21,274996.8126626209,-0.005676970171629898,-0.005676970171629898,0.0,0.0,1.0,-0.0014535779749530464,278264.81835143507
2019-06-24,274572.50497946073,-0.0015429549130110407,-0.0015429549130110407,0.0,0.0,1.0,-0.0012246131610045285,277924.0515926374
2019-06-25,270750.02984489145,-0.013921551012018566,-0.013921551012018566,0.0,0.0,1.0,-0.009807766352176506,275198.2374309665
2019-06-26,269276.4990540109,-0.005442403059843522,-0.005442403059843522,0.0,0.0,1.0,-0.0009977449313848252,274923.6597844438
2019-06-27,271093.2827324682,0.006746907676086951,0.006746907676086951,0.0,0.0,1.0,0.0035461545837145447,275898.58158075996
2019-06-28,271985.85611457744,0.0032924953842921787,0.0032924953842921787,0.0,0.0,1.0,0.0051461621598807294,277318.4004212557
2019-07-01,272464.73993543326,0.0017606938378956773,0.0020940271712290106,0.6666666666666666,0.0003333333333333333,1.0,0.009078206087598462,279835.954012163
2019-07-02,274982.0318191292,0.00923896385379086,0.00923896385379086,0.0,0.0,1.0,0.0026046689010146284,280564.8340189642
2019-07-03,277461.4930114234,0.009016811665443953,0.009016811665443953,0.0,0.0,1.0,0.007994957442589712,282807.93792683305
2019-07-05,275800.514013406,-0.00598634059086874,-0.00598634059086874,0.0,0.0,1.0,-0.001138087411357347,282486.0777728466
2019-07-08,275748.59352700046,-0.00018825376954534345,-0.00018825376954534345,0.0,0.0,1.0,-0.005494660432159626,280933.9126986722
2019-07-09,276135.0542373127,0.0014014965783476125,0.0014014965783476125,0.0,0.0,1.0,0.001246343243726411,281284.05278269784
2019-07-10,276598.4114852226,0.0016780095130973782,0.0016780095130973782,0.0,0.0,1.0,0.004778203576061069,282628.085249593
2019-07-11,274384.86210579216,-0.008002755213034432,-0.008002755213034432,0.0,0.0,1.0,0.00234417941722187,283290.61618976394
2019-07-12,274777.32337701326,0.0014303313535926434,0.0014303313535926434,0.0,0.0,1.0,0.004476724712880076,284558.8302921877
2019-07-15,275263.6978362496,0.0017700676797444879,0.0017700676797444879,0.0,0.0,1.0,0.0003329960277689281,284653.5872523416
2019-07-16,274478.96153001994,-0.0028508528817936156,-0.0028508528817936156,0.0,0.0,1.0,-0.003225232561654856,283735.5132339435
2019-07-17,274536.47601085075,0.0002095405801239385,0.0002095405801239385,0.0,0.0,1.0,-0.0068056372202206505,281804.5122643802
2019-07-18,274878.4604989629,0.0012456796017833078,0.0012456796017833078,0.0,0.0,1.0,0.0036612954347101656,282836.28183861444
2019-07-19,272659.475271922,-0.008072604972441073,-0.008072604972441073,0.0,0.0,1.0,-0.0055548165873331445,281265.17816875764
2019-07-22,272972.05912923854,0.0011464258009181716,0.0011464258009181716,0.0,0.0,1.0,0.0024561976195527357,281956.0210298388
2019-07-23,274157.40046131745,0.004342354070449732,0.004342354070449732,0.0,0.0,1.0,0.00714982685927712,283971.9577621329
2019-07-24,275056.34127751866,0.0032789223077274166,0.0032789223077274166,0.0,0.0,1.0,0.00470030606120142,285306.71287641354
2019-07-25,273640.7399718788,-0.0051465866922572046,-0.0051465866922572046,0.0,0.0,1.0,-0.004777661949553869,283943.6138503516
2019-07-26,274882.6369154709,0.004538421229673887,0.004538421229673887,0.0,0.0,1.0,0.006700263751764579,285846.11095377814
2019-07-29,274992.6735860446,0.0004003041873012666,0.0004003041873012666,0.0,0.0,1.0,-0.0018208800211297893,285325.61948122474
2019-07-30,275725.8532685891,0.0026661789675465433,0.0026661789675465433,0.0,0.0,1.0,-0.0024546556384874574,284625.24334056024
2019-07-31,275098.84903608833,-0.002274013209381624,-0.002274013209381624,0.0,0.0,1.0,-0.010940784259819258,281511.2199582726
2019-08-01,279031.16663490445,0.014294198658389434,0.014627531991722767,0.6666666666666666,0.0003333333333333333,1.0,-0.008707874872609822,279059.85547964025
2019-08-02,279986.11641237256,0.0034223767509011047,0.0034223767509011047,0.0,0.0,1.0,-0.0075296548512692185,276958.63108503347
2019-08-05,281065.4596622393,0.0038549884676318067,0.0038549884676318067,0.0,0.0,1.0,-0.030073022850784614,268629.64784369123
2019-08-06,283613.7882696426,0.00906667297527693,0.00906667297527693,0.0,0.0,1.0,0.014022983249399212,272396.63689569535
2019-08-07,286001.88901936455,0.008420256166993637,0.008420256166993637,0.0,0.0,1.0,0.0005904995804963953,272557.4869955109
2019-08-08,288360.55078519747,0.008247014640078746,0.008247014640078746,0.0,0.0,1.0,0.019620528619511246,277905.20896956837
2019-08-09,287733.7737629938,-0.0021735879630446022,-0.0021735879630446022,0.0,0.0,1.0,-0.006811660068313463,276012.213154854
2019-08-12,290410.32253575063,0.009302171023417719,0.009302171023417719,0.0,0.0,1.0,-0.01217303096498168,272652.3079374069
2019-08-13,289640.4845833032,-0.0026508629091606486,-0.0026508629091606486,0.0,0.0,1.0,0.015551315433772084,276892.40998188744
2019-08-14,291007.9210700246,0.004721151080411822,0.004721151080411822,0.0,0.0,1.0,-0.0295677000960215,268705.3382446784
2019-08-15,293698.2096297437,0.009244726225413391,0.009244726225413391,0.0,0.0,1.0,0.0026419624741560455,269415.2476649262
2019-08-16,293295.9575038523,-0.0013696104119890196,-0.0013696104119890196,0.0,0.0,1.0,0.014754865121700433,273390.4333059517
2019-08-19,291461.9457430182,-0.006253109577243454,-0.006253109577243454,0.0,0.0,1.0,0.012047664087375898,276684.149411124
2019-08-20,292536.5960636499,0.003687103364016009,0.003687103364016009,0.0,0.0,1.0,-0.007662293020098465,274564.1143843192
2019-08-21,291984.4694054166,-0.0018873763681628295,-0.0018873763681628295,0.0,0.0,1.0,0.008135202282484544,276797.7489943469
2019-08-22,291537.4631103195,-0.001530924901613069,-0.001530924901613069,0.0,0.0,1.0,-0.0003075447985633195,276712.62128638965
2019-08-23,293675.4041119455,0.007333331980106402,0.007333331980106402,0.0,0.0,1.0,-0.025687370610227855,269604.6016308785
2019-08-26,294048.8028522171,0.0012714675285822043,0.0012714675285822043,0.0,0.0,1.0,0.011058020672205071,272585.89488903445
2019-08-27,296218.46620760206,0.007378582515349876,0.007378582515349876,0.0,0.0,1.0,-0.00392360287956206,271516.3760869198
2019-08-28,296392.4666837925,0.0005874059048988448,0.0005874059048988448,0.0,0.0,1.0,0.007041926603818416,273428.3744790586
2019-08-29,296077.3901226687,-0.0010630383580562492,-0.0010630383580562492,0.0,0.0,1.0,0.012772907690642654,276920.84986628214
2019-08-30,295925.8513962976,-0.0005118213393744778,-0.0005118213393744778,0.0,0.0,1.0,-0.0004445345014455482,276797.74899434694
2019-09-03,298409.8229559982,0.008393898498492664,0.008393898498492664,0.0,0.0,1.0,-0.0058471651442756345,275179.26684441324
2019-09-04,300012.4412181804,0.005370527840896718,0.005370527840896718,0.0,0.0,1.0,0.011350639621493519,278302.727533671
2019-09-05,295077.0753429119,-0.01645053736847979,-0.01645053736847979,0.0,0.0,1.0,0.012855307271431915,281880.3946105939
2019-09-06,295160.0881910281,0.00028132598243972096,0.00028132598243972096,0.0,0.0,1.0,0.0007718518861512536,282097.9645248432
2019-09-09,292571.021455862,-0.008771737232611635,-0.008771737232611635,0.0,0.0,1.0,0.0005038513499031616,282240.0999650739
2019-09-10,289020.46957607375,-0.012135692257286316,-0.012135692257286316,0.0,0.0,1.0,-0.00023519357281143183,282173.7189075725
2019-09-11,289538.0761586594,0.0017908993897383463,0.0017908993897383463,0.0,0.0,1.0,0.007111092467556812,284180.28231463867
2019-09-12,289617.5520866809,0.00027449214651091114,0.00027449214651091114,0.0,0.0,1.0,0.0034638543366509733,285164.6414179249
2019-09-13,285724.5021729055,-0.013442037216757517,-0.013442037216757517,0.0,0.0,1.0,-0.0006640162855070519,284975.28745197266
2019-09-16,288564.81811956834,0.009940750355893627,0.009940750355893627,0.0,0.0,1.0,-0.0030887899992130263,284095.0586340681
2019-09-17,290317.5917385215,0.006074107129119784,0.006074107129119784,0.0,0.0,1.0,0.0025321761017167432,284814.43735215714
2019-09-18,289788.62639910344,-0.0018220230343276576,-0.0018220230343276576,0.0,0.0,1.0,0.0005980012784467803,284984.75674981385
2019-09-19,290812.7803954702,0.0035341414502455164,0.0035341414502455164,0.0,0.0,1.0,-6.634251258519352e-05,284965.8501450026
2019-09-20,293239.24033250776,0.008343718366633945,0.008343718366633945,0.0,0.0,1.0,-0.004724663673908225,283619.4823445181
2019-09-23,293922.5259478585,0.0023301302191888933,0.0023301302191888933,0.0,0.0,1.0,-0.00023461368488086887,283552.94133266126
2019-09-24,295404.17804191087,0.005040961352908398,0.005040961352908398,0.0,0.0,1.0,-0.00784673603986119,281327.9762486976
2019-09-25,292328.9906768623,-0.010410101121224645,-0.010410101121224645,0.0,0.0,1.0,0.005914709197444523,282991.94941731426
2019-09-26,293747.09279400663,0.004851048518522952,0.004851048518522952,0.0,0.0,1.0,-0.0020833093112361256,282402.3896540883
2019-09-27,292939.79059230676,-0.002748290013770527,-0.002748290013770527,0.0,0.0,1.0,-0.005387312260544896,280880.9997978977
2019-09-30,291830.9990071466,-0.0037850494223343003,-0.0037850494223343003,0.0,0.0,1.0,0.004637452511584206,282183.5720958668
2019-10-01,291738.22887082095,-0.00031788993164287094,-0.00031788993164287094,0.0,0.0,1.0,-0.011894222636094631,278827.2178651101
2019-10-02,292700.47113296296,0.0032983070674912724,0.0032983070674912724,0.0,0.0,1.0,-0.01766485536615703,273901.77538937493
2019-10-03,294976.5414159219,0.007776107343281158,0.007776107343281158,0.0,0.0,1.0,0.008193067101088802,276145.8710142474
2019-10-04,296295.43593536544,0.004471184430845524,0.004471184430845524,0.0,0.0,1.0,0.013531825281704046,279882.62869307626
2019-10-07,294423.27226592903,-0.0063185707316963935,-0.0063185707316963935,0.0,0.0,1.0,-0.004314635057404259,278675.03729135863
2019-10-08,295029.79800974915,0.00206004688132233,0.00206004688132233,0.0,0.0,1.0,-0.01552482585396986,274348.6558675617
2019-10-09,294755.2522991152,-0.0009305694288713381,-0.0009305694288713381,0.0,0.0,1.0,0.009496676827768002,276954.0563904685
2019-10-10,292592.80145256483,-0.007336428544302719,-0.007336428544302719,0.0,0.0,1.0,0.006763437586199128,278827.2178651101
2019-10-11,290803.5147242398,-0.006115279389794207,-0.006115279389794207,0.0,0.0,1.0,0.010366761103953737,281717.75302199775
2019-10-14,291936.8621697981,0.0038972962435925847,0.0038972962435925847,0.0,0.0,1.0,-0.0011137617712627668,281403.98655839585
2019-10-15,290207.64063714835,-0.005923272312367259,-0.005923272312367259,0.0,0.0,1.0,0.009900431813799848,284190.0075394487
2019-10-16,290890.02718526113,0.002351373473884181,0.002351373473884181,0.0,0.0,1.0,-0.0016062413434747569,283733.5297999364
2019-10-17,291427.15974338236,0.0018465141734788082,0.0018465141734788082,0.0,0.0,1.0,0.00294908121958648,284570.28302403644
2019-10-18,292069.1073134931,0.002202771940254237,0.002202771940254237,0.0,0.0,1.0,-0.004376889117122751,283324.750449212
2019-10-21,291613.8827185509,-0.0015586194621177345,-0.0015586194621177345,0.0,0.0,1.0,0.006779146213059972,285245.4503582859
2019-10-22,292181.5596724127,0.0019466732810170526,0.0019466732810170526,0.0,0.0,1.0,-0.0032669901431778836,284313.55628357903
2019-10-23,292724.1165656607,0.001856916958949221,0.001856916958949221,0.0,0.0,1.0,0.0029100965486388297,285140.93618245114
2019-10-24,292976.46971052286,0.000862085255642464,0.000862085255642464,0.0,0.0,1.0,0.0016335328390026937,285606.72326544917
2019-10-25,291893.9268752631,-0.003694982181775145,-0.003694982181775145,0.0,0.0,1.0,0.004095205548269254,286776.3415031888
2019-10-28,289582.9490111171,-0.007917183782770471,-0.007917183782770471,0.0,0.0,1.0,0.0056363462340358605,288392.71225563093
2019-10-29,289966.6768781337,0.001325105184289891,0.001325105184289891,0.0,0.0,1.0,-0.00029662188275247914,288307.1686663496
2019-10-30,292260.8706287563,0.007911922070917177,0.007911922070917177,0.0,0.0,1.0,0.0030672967775795534,289191.492315753
2019-10-31,294373.83452994237,0.007229718766800082,0.007229718766800082,0.0,0.0,1.0,-0.0026635506730061653,288421.2161217677
2019-11-01,294140.5897002288,-0.0007923422612814053,-0.0007923422612814053,0.0,0.0,1.0,0.009264136534625322,291093.18964740244
2019-11-04,291881.7422187275,-0.007679482399227703,-0.007679482399227703,0.0,0.0,1.0,0.00401747043550138,292262.6479307867
2019-11-05,287560.9471235242,-0.014803238675906456,-0.014803238675906456,0.0,0.0,1.0,-0.001106086441777343,291939.3801784725
2019-11-06,288760.56057168916,0.004171684160052461,0.004171684160052461,0.0,0.0,1.0,0.00022803707635210557,292005.9531812005
2019-11-07,284562.42315609293,-0.014538472315210695,-0.014538472315210695,0.0,0.0,1.0,0.0035168425215741372,293032.89213390095
2019-11-08,283331.16146821855,-0.004326859724549936,-0.004326859724549936,0.0,0.0,1.0,0.0024658590369688316,293755.4699390984
2019-11-11,283374.66339497495,0.0001535373890079923,0.0001535373890079923,0.0,0.0,1.0,-0.0019093974415185233,293194.5739963646
2019-11-12,283349.5434625403,-8.864565425033754e-05,-8.864565425033754e-05,0.0,0.0,1.0,0.0021075958448195653,293812.509662243
2019-11-13,285205.61549816217,0.006550467711860703,0.006550467711860703,0.0,0.0,1.0,0.0003239237212444568,293907.682503721
2019-11-14,287325.56816301326,0.007433067757618427,0.007433067757618427,0.0,0.0,1.0,0.0014557152989211897,294335.5284136121
2019-11-15,287499.18756325665,0.000604260182459182,0.000604260182459182,0.0,0.0,1.0,0.007236368023424644,296465.44861958217
2019-11-18,288422.90686851897,0.0032129457933132892,0.0032129457933132892,0.0,0.0,1.0,0.000737656262325137,296684.1382143194
2019-11-19,289437.7607743802,0.003518631432155435,0.003518631432155435,0.0,0.0,1.0,-0.00028844002469263774,296598.56263416697
2019-11-20,290433.0946932486,0.0034388530238953123,0.0034388530238953123,0.0,0.0,1.0,-0.0037188758918603737,295495.5493900263
2019-11-21,287936.16178694775,-0.00859727404322889,-0.00859727404322889,0.0,0.0,1.0,-0.001608769896212725,295020.16504570283
2019-11-22,287523.86855957506,-0.0014318910997978735,-0.0014318910997978735,0.0,0.0,1.0,0.0022239184056491723,295676.2658207856
2019-11-25,287649.1374130588,0.00043568158049374795,0.00043568158049374795,0.0,0.0,1.0,0.007750159047532401,297967.8039074772
2019-11-26,289944.81744314096,0.007980834049175526,0.007980834049175526,0.0,0.0,1.0,0.002265477551308681,298642.8432782423
2019-11-27,289608.7987542108,-0.0011589056562324078,-0.0011589056562324078,0.0,0.0,1.0,0.004457940717615294,299974.17536931677
2019-11-29,289557.9530043494,-0.00017556700652798796,-0.00017556700652798796,0.0,0.0,1.0,-0.00370880767437487,298861.6288455927
2019-12-02,286759.7902998603,-0.0096635670871974,-0.0096635670871974,0.0,0.0,1.0,-0.008494672124260028,296322.8972980271
2019-12-03,290294.960666072,0.012327984905118623,0.012327984905118623,0.0,0.0,1.0,-0.006706767862141749,294335.528413612
2019-12-04,289595.16811471246,-0.0024106259018545906,-0.0024106259018545906,0.0,0.0,1.0,0.006170243059971048,296151.650165109
2019-12-05,289233.3568062301,-0.0012493692862273567,-0.0012493692862273567,0.0,0.0,1.0,0.001798024927139208,296684.13821431925
2019-12-06,287940.1790771156,-0.00447105321251325,-0.00447105321251325,0.0,0.0,1.0,0.009134113828677348,299394.0849039319
2019-12-09,288306.48734724626,0.0012721679596944997,0.0012721679596944997,0.0,0.0,1.0,-0.003144014655826921,298452.78551312606
2019-12-10,288028.1235456594,-0.0009655134858326994,-0.0009655134858326994,0.0,0.0,1.0,-0.0011156236510927453,298119.82452687307
2019-12-11,288468.3317274626,0.0015283513859138953,0.0015283513859138953,0.0,0.0,1.0,0.002839068074858231,298966.20700316963
2019-12-12,285244.53164610785,-0.011175577097317313,-0.011175577097317313,0.0,0.0,1.0,0.008619036612821818,301543.00768732646
2019-12-13,286791.3014702305,0.005422609910158416,0.005422609910158416,0.0,0.0,1.0,0.0005990934772543977,301723.6601363436
2019-12-16,286612.7223198993,-0.0006226798003136818,-0.0006226798003136818,0.0,0.0,1.0,0.0068702350778848675,303796.5726100401
2019-12-17,285557.52815487835,-0.0036816026744382144,-0.0036816026744382144,0.0,0.0,1.0,0.00021882086931901412,303863.04964015476
2019-12-18,285942.8677785806,0.00134942904917279,0.00134942904917279,0.0,0.0,1.0,6.274721190768773e-05,303882.11619932146
2019-12-19,287186.907552843,0.004350658521148057,0.004350658521148057,0.0,0.0,1.0,0.004098736017776883,305127.64877414587
2019-12-20,287934.868618485,0.0026044399865420655,0.0026044399865420655,0.0,0.0,1.0,0.00438427085037052,306465.41103030846
2019-12-23,287608.0769102241,-0.0011349501011422107,-0.0011349501011422107,0.0,0.0,1.0,0.001528114902883404,306933.72539212217
2019-12-24,289038.87658667844,0.0049748243923655915,0.0049748243923655915,0.0,0.0,1.0,3.074705120154064e-05,306943.1626990923
2019-12-26,290450.0956978213,0.004882454318284897,0.004882454318284897,0.0,0.0,1.0,0.005323662171794474,308577.2244032444
2019-12-27,290827.9541527114,0.001300941058333042,0.001300941058333042,0.0,0.0,1.0,-0.0002479838354348951,308500.70223960903
2019-12-30,290774.16804395366,-0.000184941330397222,-0.000184941330397222,0.0,0.0,1.0,-0.005513201881743313,306799.8755875025
2019-12-31,290702.69605528656,-0.00024579896194994654,-0.00024579896194994654,0.0,0.0,1.0,0.0024294511331945934,307545.23089291254
2020-01-02,291894.7994512606,0.0041007648437747886,0.0047674315104414555,1.3333333333333333,0.0006666666666666666,1.0,0.00935202684632741,310421.402148683
2020-01-03,290871.566674666,-0.0035054847791677517,-0.0035054847791677517,0.0,0.0,1.0,-0.007572368429866638,308070.7769230974
2020-01-06,291981.7490363815,0.003816744188534615,0.003816744188534615,0.0,0.0,1.0,0.0038146579855635743,309245.9615724059
2020-01-07,290609.3907657618,-0.004700150866103351,-0.004700150866103351,0.0,0.0,1.0,-0.0028115092915944606,308376.513678057
2020-01-08,292150.68585335964,0.005303665802183813,0.005303665802183813,0.0,0.0,1.0,0.005329520693777567,310020.01268917916
2020-01-09,293583.07528846373,0.00490291313511774,0.00490291313511774,0.0,0.0,1.0,0.006780698160850029,312122.1648190474
2020-01-10,293799.1381959702,0.0007359515097871507,0.0007359515097871507,0.0,0.0,1.0,-0.002878153980059195,311223.82916810876
2020-01-13,296780.5588288192,0.010147819531248176,0.010147819531248176,0.0,0.0,1.0,0.006877716240496934,313364.3383524079
2020-01-14,295869.41953328607,-0.0030700774307073075,-0.0030700774307073075,0.0,0.0,1.0,-0.0015247926839352388,312886.522701882
2020-01-15,297023.0438332405,0.003899099480352497,0.003899099480352497,0.0,0.0,1.0,0.0022600085435358075,313593.6489163455
2020-01-16,299586.41167124367,0.008630198535849232,0.008630198535849232,0.0,0.0,1.0,0.008318202990676538,316202.1845446186
2020-01-17,300486.4465881154,0.0030042581432544826,0.0030042581432544826,0.0,0.0,1.0,0.0031127651192244254,317186.4476752916
2020-01-21,301197.1606885744,0.0023652118374351363,0.0023652118374351363,0.0,0.0,1.0,-0.001958364704452542,316565.2809314336
2020-01-22,300802.62527998287,-0.0013098908624822694,-0.0013098908624822694,0.0,0.0,1.0,0.00012096422126939288,316603.5740041224
2020-01-23,302084.5972323074,0.004261837645636701,0.004261837645636701,0.0,0.0,1.0,0.0011469497109386495,316966.7023818086
2020-01-24,299994.81416419556,-0.006917873626323234,-0.006917873626323234,0.0,0.0,1.0,-0.008893185289193584,314147.8587670225
2020-01-27,295844.4698396943,-0.013834720230295972,-0.013834720230295972,0.0,0.0,1.0,-0.01602935338997602,309112.2717221416
2020-01-28,298787.02256675164,0.009946282682423405,0.009946282682423405,0.0,0.0,1.0,0.010478948803701815,312351.4433921139
2020-01-29,298501.20724777994,-0.0009565854517924465,-0.0009565854517924465,0.0,0.0,1.0,-0.0008258082330510064,312093.50099855533
2020-01-30,299251.77297010453,0.0025144478618526938,0.0025144478618526938,0.0,0.0,1.0,0.0032452805819773722,313106.3319771073
2020-01-31,294641.8178230405,-0.015404938461382467,-0.015404938461382467,0.0,0.0,1.0,-0.01815800269020318,307420.94635874726
2020-02-03,297179.4834475203,0.008612713711955008,0.008612713711955008,0.0,0.0,1.0,0.007428577493905575,309704.646682023
2020-02-04,301976.2408846506,0.016140944124015972,0.016140944124015972,0.0,0.0,1.0,0.015241143712777738,314424.8997106188
2020-02-05,303533.9798730388,0.005158481951509807,0.005158481951509807,0.0,0.0,1.0,0.011548257927745942,318055.9595513827
2020-02-06,305087.6354444668,0.005118555662459112,0.005118555662459112,0.0,0.0,1.0,0.0033646865823415695,319126.11817091896
2020-02-07,304086.98974610737,-0.0032798631675177528,-0.0032798631675177528,0.0,0.0,1.0,-0.005329637893178085,317425.2915188125
2020-02-10,307203.5600332895,0.010248943204654193,0.010248943204654193,0.0,0.0,1.0,0.007465352787151325,319794.9833035648
2020-02-11,308172.2063872023,0.0031531091430317586,0.0031531091430317586,0.0,0.0,1.0,0.0017332161583443195,320349.2571359839
2020-02-12,310446.5582701486,0.00738013304187679,0.00738013304187679,0.0,0.0,1.0,0.00644272771965726,322413.1801749055
2020-02-13,310826.91595471045,0.0012251953659309458,0.0012251953659309458,0.0,0.0,1.0,-0.0010672448601631856,322069.086365515
2020-02-14,312362.0936884656,0.004939011568672639,0.004939011568672639,0.0,0.0,1.0,0.0016019816576675616,322585.0351343743
2020-02-18,312018.6715557008,-0.0010994360061733857,-0.0010994360061733857,0.0,0.0,1.0,-0.002576842394214296,321753.7843401009
2020-02-19,312111.5311957409,0.0002976092410660698,0.0002976092410660698,0.0,0.0,1.0,0.004781522568585661,323292.257321451
2020-02-20,311958.9547587775,-0.0004888522906502839,-0.0004888522906502839,0.0,0.0,1.0,-0.004108545557061194,321963.99635400064
2020-02-21,309194.29649727006,-0.008862250047110276,-0.008862250047110276,0.0,0.0,1.0,-0.010298337302168448,318648.302520393
2020-02-24,300393.8968500972,-0.028462360874274784,-0.028462360874274784,0.0,0.0,1.0,-0.03316496665211266,308080.3421935518
2020-02-25,291924.858282444,-0.028193111299726084,-0.028193111299726084,0.0,0.0,1.0,-0.030302614945518558,298744.7022117771
2020-02-26,291019.5180774859,-0.003101278220308812,-0.003101278220308812,0.0,0.0,1.0,-0.0036780248855375897,297645.9117626196
2020-02-27,276642.98430984415,-0.04940058269154949,-0.04940058269154949,0.0,0.0,1.0,-0.04491165121055918,284278.142389288
2020-02-28,274101.55229175114,-0.009186685230544556,-0.009186685230544556,0.0,0.0,1.0,-0.004201333141725994,283083.7952081996
2020-03-02,278466.39484401245,0.015924180347637873,0.01659084701430454,1.3333333333333333,0.0006666666666666666,1.0,0.04330609489797199,295343.04890756396
2020-03-03,279848.74280929554,0.004964146449547197,0.004964146449547197,0.0,0.0,1.0,-0.028632259775236535,286886.7100084322
2020-03-04,282913.84329293814,0.010952704138933012,0.010952704138933012,0.0,0.0,1.0,0.042032755530696075,298945.34895522235
2020-03-05,284433.12870544713,0.005370134578165228,0.005370134578165228,0.0,0.0,1.0,-0.03324148812354544,289007.9606883382
2020-03-06,287803.9287057707,0.011850940203995169,0.011850940203995169,0.0,0.0,1.0,-0.016531187030084715,284230.3160370159
2020-03-09,283898.3113621613,-0.013570410109314998,-0.013570410109314998,0.0,0.0,1.0,-0.0780941957506428,262033.5780981541
2020-03-10,282203.63486022427,-0.0059693081434893935,-0.0059693081434893935,0.0,0.0,1.0,0.05174446329737714,275592.36496273446
2020-03-11,274310.0187744411,-0.027971348029208976,-0.027971348029208976,0.0,0.0,1.0,-0.04874819480472903,262157.73466883507
2020-03-12,262845.4352007304,-0.04179425755184596,-0.04179425755184596,0.0,0.0,1.0,-0.09567721693612519,237075.21221744182
2020-03-13,265612.8881388474,0.010528822522649415,0.010528822522649415,0.0,0.0,1.0,0.08548656138352118,257341.95689917944
2020-03-16,259727.9117456342,-0.0221562155151781,-0.0221562155151781,0.0,0.0,1.0,-0.10942394617956641,229182.58445769935
2020-03-17,261694.39067116045,0.007571303801387744,0.007571303801387744,0.0,0.0,1.0,0.05399232649304353,241556.68538425895
2020-03-18,252382.39480744084,-0.03558347521258435,-0.03558347521258435,0.0,0.0,1.0,-0.0506330421522857,229325.93555103135
2020-03-19,253587.31543920402,0.004774186538179329,0.004774186538179329,0.0,0.0,1.0,0.0021249273120014234,229813.23649483404
2020-03-20,257899.55881707178,0.017004964820102015,0.017004964820102015,0.0,0.0,1.0,-0.04309407962149936,219909.64658325122
2020-03-23,265302.2378168196,0.028703728822578285,0.028703728822578285,0.0,0.0,1.0,-0.025568444041161542,214286.89909047572
2020-03-24,274795.91201907315,0.03578437287366021,0.03578437287366021,0.0,0.0,1.0,0.09060322303471602,233701.9828021878
2020-03-25,272655.70144870004,-0.007788363933975121,-0.007788363933975121,0.0,0.0,1.0,0.014970423410712641,237200.60043665962
2020-03-26,279054.36330112856,0.02346791876506001,0.02346791876506001,0.0,0.0,1.0,0.05838966562611181,251050.66418246916
2020-03-27,277737.18591019785,-0.004720146194271671,-0.004720146194271671,0.0,0.0,1.0,-0.029785645802294036,243572.95802069947
2020-03-30,280750.2515335361,0.010848621560933136,0.010848621560933136,0.0,0.0,1.0,0.03247558685008212,251483.1327732321
2020-03-31,276211.0849116987,-0.016167987729461226,-0.016167987729461226,0.0,0.0,1.0,-0.014905247560755064,247734.71442189283
2020-04-01,274459.56966641877,-0.006341219961682205,-0.006341219961682205,0.0,0.0,1.0,-0.045004925800489426,236585.43198113012
2020-04-02,278396.74434630584,0.014345190020783011,0.014345190020783011,0.0,0.0,1.0,0.02307534361372654,242044.72211809663
2020-04-03,277758.6699055911,-0.002291960856844651,-0.002291960856844651,0.0,0.0,1.0,-0.01445389777712458,238546.23244710913
2020-04-06,286701.90982074244,0.03219787853315652,0.03219787853315652,0.0,0.0,1.0,0.0671657303495099,254568.36437154317
2020-04-07,285150.46989881975,-0.005411334451495997,-0.005411334451495997,0.0,0.0,1.0,0.001019600110913732,254827.9223040915
2020-04-08,285630.3253952735,0.0016828150296370379,0.0016828150296370379,0.0,0.0,1.0,0.03356853085971068,263382.12127787236
2020-04-09,288428.1737452536,0.009795347696741397,0.009795347696741397,0.0,0.0,1.0,0.015217465237627792,267390.12955263106
2020-04-13,290237.0585718528,0.006271526124201898,0.006271526124201898,0.0,0.0,1.0,-0.009130237322640955,264948.79421208386
2020-04-14,295182.13543457515,0.017038061531684558,0.017038061531684558,0.0,0.0,1.0,0.029492771231629966,272762.868387877
2020-04-15,296158.02035849635,0.003306043309444987,0.003306043309444987,0.0,0.0,1.0,-0.021248149249754156,266967.1622505803
2020-04-16,298994.38721585955,0.009577207647220918,0.009577207647220918,0.0,0.0,1.0,0.004824265531965466,268255.08272959245
2020-04-17,296676.62116444326,-0.007751871441462757,-0.007751871441462757,0.0,0.0,1.0,0.027015704208887215,275502.18269714573
2020-04-20,297005.5527721461,0.0011087210256466675,0.0011087210256466675,0.0,0.0,1.0,-0.017617947259025324,270648.399772641
2020-04-21,293923.30145260354,-0.010377756546212313,-0.010377756546212313,0.0,0.0,1.0,-0.030363257218289585,262430.6327946259
2020-04-22,297756.92103985144,0.013042925036231206,0.013042925036231206,0.0,0.0,1.0,0.02219424566767203,268255.0827295924
2020-04-23,299060.1413779602,0.00437679276625232,0.00437679276625232,0.0,0.0,1.0,-7.161287641255232e-05,268235.8722115059
2020-04-24,300438.9962220267,0.004610627272873017,0.004610627272873017,0.0,0.0,1.0,0.013938855516846482,271974.77327869734
2020-04-27,298715.4035392305,-0.0057369139974175285,-0.0057369139974175285,0.0,0.0,1.0,0.014418399656442649,275896.21425629995
2020-04-28,297542.4970012366,-0.003926501693910399,-0.003926501693910399,0.0,0.0,1.0,-0.0045985623970268286,274627.4882999389
2020-04-29,301093.683916044,0.011935057850888182,0.011935057850888182,0.0,0.0,1.0,0.026178517286504333,281816.8287497481
2020-04-30,298062.25629855343,-0.01006805449408173,-0.01006805449408173,0.0,0.0,1.0,-0.009310626544321576,279192.93750335416
2020-05-01,296725.8435288374,-0.004483669909475277,-0.004483669909475277,0.0,0.0,1.0,-0.026473573806422124,271801.70266612736
2020-05-04,297760.34154153854,0.003486376516444678,0.003486376516444678,0.0,0.0,1.0,0.002758400876059497,272551.44072087604
2020-05-05,298671.19785349414,0.0030590249434829797,0.0030590249434829797,0.0,0.0,1.0,0.009239097837555388,275069.5701474629
2020-05-06,296397.75622275035,-0.007611854263426217,-0.007611854263426217,0.0,0.0,1.0,-0.006778837448043973,273204.9182445299
2020-05-07,300837.23228551785,0.014978102801261217,0.014978102801261217,0.0,0.0,1.0,0.01206708594405903,276501.7054733263
2020-05-08,300305.0390335116,-0.0017690405139120973,-0.0017690405139120973,0.0,0.0,1.0,0.016546525199626405,281076.8479106804
2020-05-11,299794.47188881855,-0.0017001617633064883,-0.0017001617633064883,0.0,0.0,1.0,0.0002045262559584593,281134.3355060202
2020-05-12,299116.64639678056,-0.002260967281242439,-0.002260967281242439,0.0,0.0,1.0,-0.019931371974481027,275530.94249025115
2020-05-13,299525.70594355726,0.001367558615357237,0.001367558615357237,0.0,0.0,1.0,-0.017685539857600352,270658.0290248376
2020-05-14,302519.9193386119,0.00999651560997868,0.00999651560997868,0.0,0.0,1.0,0.01196717395484903,273897.04074045445
2020-05-15,303484.2405157704,0.003187628699844939,0.003187628699844939,0.0,0.0,1.0,0.004597087619609308,275156.16943549
2020-05-18,302382.97181894595,-0.0036287508535956707,-0.0036287508535956707,0.0,0.0,1.0,0.03045941651075612,283537.2658058298
2020-05-19,303480.0786068096,0.0036282029416673614,0.0036282029416673614,0.0,0.0,1.0,-0.010271161182561217,280625.00884747534
2020-05-20,306043.2151141053,0.008445814694204282,0.008445814694204282,0.0,0.0,1.0,0.016988192248228895,285392.32044743723
2020-05-21,303699.94396139216,-0.007656667545593095,-0.007656667545593095,0.0,0.0,1.0,-0.006904116161149054,283421.9387155682
2020-05-22,305257.4219331286,0.005128344613506048,0.005128344613506048,0.0,0.0,1.0,0.001899212175726639,283960.21711244487
2020-05-26,302171.8300015232,-0.010108163503658951,-0.010108163503658951,0.0,0.0,1.0,0.012320576763555025,287458.7707651745
2020-05-27,302718.0724614794,0.0018077213218502157,0.0018077213218502157,0.0,0.0,1.0,0.014878723297702345,291735.7902748872
2020-05-28,302553.32963359315,-0.0005442120668470347,-0.0005442120668470347,0.0,0.0,1.0,-0.0018447596839465952,291197.6078506238
2020-05-29,305493.43864168663,0.009717655435007428,0.009717655435007428,0.0,0.0,1.0,0.004455578355097689,292495.06160921924
2020-06-01,305582.01253631245,0.0002899371424135431,0.0002899371424135431,0.0,0.0,1.0,0.004042073791553191,293677.34823190863
2020-06-02,305235.22873914544,-0.0011348305297446124,-0.0011348305297446124,0.0,0.0,1.0,0.008280141820794507,296109.03832482366
2020-06-03,302462.8319831305,-0.009082820379112492,-0.009082820379112492,0.0,0.0,1.0,0.013308271521496051,300049.7378068195
2020-06-04,301357.1760183172,-0.0036555101913315164,-0.0036555101913315164,0.0,0.0,1.0,-0.002626654853330135,299261.6107067688
2020-06-05,300596.6513474779,-0.0025236653757103964,-0.0025236653757103964,0.0,0.0,1.0,0.0256294393963008,306931.5180220173
2020-06-08,302843.70285153383,0.007475304511820546,0.007475304511820546,0.0,0.0,1.0,0.012087430233657326,310641.53133261896
2020-06-09,305694.98645653424,0.009415033491378955,0.009415033491378955,0.0,0.0,1.0,-0.00745639844132806,308325.2643025787
2020-06-10,309888.4908101367,0.01371793630707363,0.01371793630707363,0.0,0.0,1.0,-0.005580356911256912,306604.69928301265
2020-06-11,305977.41620938235,-0.012620909510158596,-0.012620909510158596,0.0,0.0,1.0,-0.057648836394243785,288929.29513633996
2020-06-12,305949.217726954,-9.21587049714791e-05,-9.21587049714791e-05,0.0,0.0,1.0,0.011975485674381448,292389.3637711543
2020-06-15,307064.68232158007,0.003645914190967307,0.003645914190967307,0.0,0.0,1.0,0.009335787806592721,295119.04882822646
2020-06-16,307202.54196077504,0.0004489596073135038,0.0004489596073135038,0.0,0.0,1.0,0.019247700459030126,300799.41187982605
2020-06-17,308145.53162660636,0.00306960241869277,0.00306960241869277,0.0,0.0,1.0,-0.004153716436107846,299549.9764187293
2020-06-18,309309.1378719655,0.003776158100416908,0.003776158100416908,0.0,0.0,1.0,0.0003850011662172026,299665.3035089908
2020-06-19,310512.3716455348,0.003890068627935061,0.003890068627935061,0.0,0.0,1.0,-0.0057150403220253,297952.70421632496
2020-06-22,312435.33094076207,0.006192858870764631,0.006192858870764631,0.0,0.0,1.0,0.006415187811390055,299864.1267727843
2020-06-23,313486.7716437621,0.0033653066694926403,0.0033653066694926403,0.0,0.0,1.0,0.0046036519403573894,301244.59684184537
2020-06-24,312089.25783759647,-0.004457967393130535,-0.004457967393130535,0.0,0.0,1.0,-0.025508517954501486,293560.2936346086
2020-06-25,313316.7817961922,0.003933246427964406,0.003933246427964406,0.0,0.0,1.0,0.010720570874540147,296707.42756846925
2020-06-26,312434.4314652731,-0.00281616045543683,-0.00281616045543683,0.0,0.0,1.0,-0.023751575917978607,289660.1585771486
2020-06-29,313298.82246337354,0.0027666316866761242,0.0027666316866761242,0.0,0.0,1.0,0.014697724205179341,293917.5037011441
2020-06-30,315302.5312801147,0.0063955197819980745,0.0063955197819980745,0.0,0.0,1.0,0.012809191750177362,297682.3493647855
2020-07-01,315854.124494784,0.001749409408258777,0.001749409408258777,0.0,0.0,1.0,0.007005201806984163,299767.674296463
2020-07-02,316905.694494824,0.003329290069338242,0.003329290069338242,0.0,0.0,1.0,0.005506587596512569,301418.37125357933
2020-07-06,319702.65161691204,0.008825834217168683,0.008825834217168683,0.0,0.0,1.0,0.015437467071788946,306071.5074346387
2020-07-07,321138.88543515874,0.004492405086360285,0.004492405086360285,0.0,0.0,1.0,-0.010313913906548233,302914.7122577104
2020-07-08,322786.2069887511,0.0051296234380340255,0.0051296234380340255,0.0,0.0,1.0,0.007648815803842135,305231.65109604347
2020-07-09,325114.6994108989,0.007213729619583478,0.007213729619583478,0.0,0.0,1.0,-0.005692988028458856,303493.9709604469
2020-07-10,325028.90414615226,-0.0002638922967866202,-0.0002638922967866202,0.0,0.0,1.0,0.01021040292116715,306592.7666880981
2020-07-13,323292.9828471937,-0.005340821314088306,-0.005340821314088306,0.0,0.0,1.0,-0.008658920644699086,303938.0042511071
2020-07-14,324713.21317091485,0.004393013146197555,0.004393013146197555,0.0,0.0,1.0,0.012958945551061918,307876.7202990957
2020-07-15,324523.8132063985,-0.0005832838234909692,-0.0005832838234909692,0.0,0.0,1.0,0.009187446286029965,310705.3211295627
2020-07-16,323277.109454845,-0.0038416402766739592,-0.0038416402766739592,0.0,0.0,1.0,-0.0032933456009238693,309682.061127037
2020-07-17,324063.99844633427,0.0024341005548342474,0.0024341005548342474,0.0,0.0,1.0,0.0028991792218566736,310579.88492403826
2020-07-20,327914.8162702424,0.01188289301610242,0.01188289301610242,0.0,0.0,1.0,0.008081359722738712,313089.7926967562
2020-07-21,328158.4376259435,0.0007429409822713078,0.0007429409822713078,0.0,0.0,1.0,0.0021275491353294207,313755.90661448863
2020-07-22,330533.66467484436,0.007238049602150612,0.007238049602150612,0.0,0.0,1.0,0.005691973730763689,315541.79699281027
2020-07-23,329915.1947801603,-0.001871125276429741,-0.001871125276429741,0.0,0.0,1.0,-0.011931571922528472,311776.8873474267
2020-07-24,329807.88515629974,-0.0003252642665702763,-0.0003252642665702763,0.0,0.0,1.0,-0.006440512679913302,309768.88435116166
2020-07-27,333533.0454815588,0.011294940154307135,0.011294940154307135,0.0,0.0,1.0,0.00729233794345574,312027.82374021754
2020-07-28,333814.8674792621,0.0008449597469313659,0.0008449597469313659,0.0,0.0,1.0,-0.006342342334953122,310048.83646402665
2020-07-29,335743.51620637113,0.005777599846504278,0.005777599846504278,0.0,0.0,1.0,0.012298655635475386,313862.02033387753
2020-07-30,336238.6089823316,0.0014746160448743844,0.0014746160448743844,0.0,0.0,1.0,-0.0035678367528160226,312742.21188241726
2020-07-31,339185.2558824369,0.0087635590363155,0.0087635590363155,0.0,0.0,1.0,0.00790232552572978,315213.6026463489
2020-08-03,340271.25159546366,0.003201777477624845,0.003201777477624845,0.0,0.0,1.0,0.006952132274107736,317405.0093065443
2020-08-04,344186.84280922724,0.011507264264624562,0.011507264264624562,0.0,0.0,1.0,0.003862529313163554,318630.9954591358
2020-08-05,344533.1397354403,0.0010061306335439335,0.0010061306335439335,0.0,0.0,1.0,0.006211107162005014,320610.0467170688
2020-08-06,348220.2409385018,0.010701731641527138,0.010701731641527138,0.0,0.0,1.0,0.00668444568971438,322753.14716192585
2020-08-07,344262.89962679544,-0.011364478127522948,-0.011364478127522948,0.0,0.0,1.0,0.0007178175966213729,322984.8250503236
2020-08-10,342862.165111719,-0.0040687931130392405,-0.0040687931130392405,0.0,0.0,1.0,0.0029888603147574244,323950.1815761854
2020-08-11,333202.49634687306,-0.02817362120343151,-0.02817362120343151,0.0,0.0,1.0,-0.008254519010437389,321276.12864393013
2020-08-12,334467.30840654596,0.0037959261216221987,0.0037959261216221987,0.0,0.0,1.0,0.013942205437079691,325755.42643151345
2020-08-13,336163.10079699237,0.005070128971723728,0.005070128971723728,0.0,0.0,1.0,-0.001807859203622697,325166.5064857092
2020-08-14,335110.8405124549,-0.003130207574962074,-0.003130207574962074,0.0,0.0,1.0,2.9711679631727606e-05,325176.1677287769
2020-08-17,339111.8083675404,0.011939237325080915,0.011939237325080915,0.0,0.0,1.0,0.0031768909028393466,326209.21693785465
2020-08-18,342026.42697725026,0.008594860272606326,0.008594860272606326,0.0,0.0,1.0,0.0021603525055098327,326913.9438369867
2020-08-19,336947.954425845,-0.014848187598506885,-0.014848187598506885,0.0,0.0,1.0,-0.004163822285129126,325552.7322723188
2020-08-20,340297.79361621494,0.009941711016106487,0.009941711016106487,0.0,0.0,1.0,0.0031135685554044557,326566.3630226479
2020-08-21,340854.9627118525,0.001637298584033719,0.001637298584033719,0.0,0.0,1.0,0.00354757114220261,327724.88042812113
2020-08-24,340736.96813937195,-0.0003461723764905573,-0.0003461723764905573,0.0,0.0,1.0,0.010133122484887958,331045.7567828445
2020-08-25,340898.652837738,0.00047451469457193663,0.00047451469457193663,0.0,0.0,1.0,0.0034991822678720474,332204.1462248333
2020-08-26,344230.6550074144,0.009774172300007359,0.009774172300007359,0.0,0.0,1.0,0.01002567134248844,335534.7158134955
2020-08-27,340594.6017905514,-0.010562839665702484,-0.010562839665702484,0.0,0.0,1.0,0.002186595314542128,336268.3944509595
2020-08-28,343060.6386117718,0.007240387276416441,0.007240387276416441,0.0,0.0,1.0,0.006459471662443095,338440.51061589073
2020-08-31,345011.56535321113,0.0056868276970915375,0.0056868276970915375,0.0,0.0,1.0,-0.003622834966903188,337214.3964998149
2020-09-01,348429.5422885579,0.009906847417846976,0.009906847417846976,0.0,0.0,1.0,0.009418594535581581,340390.4821720075
2020-09-02,349109.87527392973,0.0019525697531362907,0.0019525697531362907,0.0,0.0,1.0,0.014463962178289602,345313.8772319932
2020-09-03,342597.3990278303,-0.018654517409424178,-0.018654517409424178,0.0,0.0,1.0,-0.03441432748034168,333430.1323774248
2020-09-04,339222.34964811173,-0.009851357276195644,-0.009851357276195644,0.0,0.0,1.0,-0.008164418601192658,330707.86920244445
2020-09-08,334264.4432953228,-0.014615506195072164,-0.014615506195072164,0.0,0.0,1.0,-0.0273232490807801,321671.855719252
2020-09-09,338319.87076726236,0.01213239264086648,0.01213239264086648,0.0,0.0,1.0,0.019747563279740143,328024.0910453794
2020-09-10,336281.2184297454,-0.006025813183522207,-0.006025813183522207,0.0,0.0,1.0,-0.017363428030410133,322328.46834827226
2020-09-11,335736.23110049724,-0.0016206296973495147,-0.0016206296973495147,0.0,0.0,1.0,0.0005086526025792626,322492.421562583
2020-09-14,338561.6915008732,0.00841571489354731,0.00841571489354731,0.0,0.0,1.0,0.013171521523567042,326740.1374343819
2020-09-15,339616.73992238264,0.003116266393968928,0.003116266393968928,0.0,0.0,1.0,0.005052409335330577,328390.9623549825
2020-09-16,337794.27468431817,-0.005366240894017678,-0.005366240894017678,0.0,0.0,1.0,-0.003968964494026728,327087.5902852363
2020-09-17,335761.2648164116,-0.00601848527422936,-0.00601848527422936,0.0,0.0,1.0,-0.008794840266484028,324210.90717552847
2020-09-18,334131.8189503729,-0.004852989420711477,-0.004852989420711477,0.0,0.0,1.0,-0.011512675240826331,320478.3722916829
2020-09-21,332726.82725207636,-0.00420490243254934,-0.00420490243254934,0.0,0.0,1.0,-0.011129481731879998,316911.6141018
2020-09-22,334162.15229591535,0.004313824213373785,0.004313824213373785,0.0,0.0,1.0,0.010184211806732568,320139.1091038262
2020-09-23,328503.459710235,-0.01693397216531371,-0.01693397216531371,0.0,0.0,1.0,-0.02319119769941691,312714.6997332842
2020-09-24,329840.01312766306,0.004068612910825904,0.004068612910825904,0.0,0.0,1.0,0.0026658488082451637,313548.3498428889
2020-09-25,332082.77712741424,0.0067995510262218355,0.0067995510262218355,0.0,0.0,1.0,0.016166723564565944,318617.3993389247
2020-09-28,335180.3374158775,0.009327675211758405,0.009327675211758405,0.0,0.0,1.0,0.016609343615503924,323909.42520642316
2020-09-29,335747.5566245488,0.0016922806780503839,0.0016922806780503839,0.0,0.0,1.0,-0.0054459934945557675,322145.4165839237
2020-09-30,334769.3552523243,-0.002913502579315404,-0.002913502579315404,0.0,0.0,1.0,0.007582088313141,324587.95158213656
2020-10-01,338140.73714659136,0.01007076018569845,0.010404093519031783,0.6666666666666666,0.0003333333333333333,1.0,0.006419897444065237,326671.7729428731
2020-10-02,333798.9471488585,-0.012840186114134252,-0.012840186114134252,0.0,0.0,1.0,-0.009494578905196782,323570.16201856645
2020-10-05,338687.1026710032,0.014644011204639318,0.014644011204639318,0.0,0.0,1.0,0.0177332377737085,329308.1086381191
2020-10-06,333739.63283510436,-0.014607789304291147,-0.014607789304291147,0.0,0.0,1.0,-0.014215915090760811,324626.6925270206
2020-10-07,337550.3232471943,0.011418153665833061,0.011418153665833061,0.0,0.0,1.0,0.017406589360766445,330277.3360593822
2020-10-08,339546.440547808,0.005913539887656712,0.005913539887656712,0.0,0.0,1.0,0.008862553990115485,333204.43678192
2020-10-09,344342.09251880436,0.014123699730909618,0.014123699730909618,0.0,0.0,1.0,0.008929865845591411,336179.9077015384
2020-10-12,349402.3986221665,0.014695578069897963,0.014695578069897963,0.0,0.0,1.0,0.016087745108301466,341588.2843671731
2020-10-13,346806.4706041786,-0.007429622773697667,-0.007429622773697667,0.0,0.0,1.0,-0.0065259494571854315,339359.09648822626
2020-10-14,345472.32075636473,-0.003846957772989675,-0.003846957772989675,0.0,0.0,1.0,-0.006283183688383098,337226.84094866697
2020-10-15,344977.04414988944,-0.001433621673050389,-0.001433621673050389,0.0,0.0,1.0,-0.0012358953021749386,336810.0638801713
2020-10-16,343878.8176581645,-0.0031834770178150724,-0.0031834770178150724,0.0,0.0,1.0,-0.0006044650247076788,336606.47397658613
2020-10-19,340322.61250052525,-0.010341448716897425,-0.010341448716897425,0.0,0.0,1.0,-0.015203734971660166,331488.7983565011
2020-10-20,341567.75328853104,0.003658707186269705,0.003658707186269705,0.0,0.0,1.0,0.004005894239721197,332816.70742436947
2020-10-21,342121.66806477844,0.0016216834607908348,0.0016216834607908348,0.0,0.0,1.0,-0.0018930185927991117,332186.679209221
2020-10-22,341625.54116450663,-0.0014501475544598241,-0.0014501475544598241,0.0,0.0,1.0,0.005485469860925685,334008.87922622415
2020-10-23,342115.56080456806,0.0014343764766274005,0.0014343764766274005,0.0,0.0,1.0,0.0033950606641894865,335142.8596335751
2020-10-26,338240.54893102427,-0.01132661684382526,-0.01132661684382526,0.0,0.0,1.0,-0.01847978699916375,328949.490973256
2020-10-27,339029.00671382033,0.0023310563600015266,0.0023310563600015266,0.0,0.0,1.0,-0.003447472697823195,327815.4465841629
2020-10-28,328936.21968846396,-0.029769685854272084,-0.029769685854272084,0.0,0.0,1.0,-0.03417904440998065,316611.0278770851
2020-10-29,331513.4494431395,0.007835044000677175,0.007835044000677175,0.0,0.0,1.0,0.010163568092612207,319828.9256177858
2020-10-30,328062.78610318183,-0.010408818543422385,-0.010408818543422385,0.0,0.0,1.0,-0.010424699920160041,316494.8050424332
2020-11-02,330077.41247118363,0.006140978048538007,0.00647431138187134,0.6666666666666666,0.0003333333333333333,1.0,0.011208511631879636,320042.2407461808
2020-11-03,331966.8414598755,0.0057241995886550354,0.0057241995886550354,0.0,0.0,1.0,0.017655730498089994,325692.8202968002
2020-11-04,339244.9050064593,0.02192406782128394,0.02192406782128394,0.0,0.0,1.0,0.022349116793809465,332971.76717651857
2020-11-05,344988.6174272904,0.016930873053854285,0.016930873053854285,0.0,0.0,1.0,0.019502923473750045,339465.6900706815
2020-11-06,343848.3522618392,-0.003305225470784083,-0.003305225470784083,0.0,0.0,1.0,-0.0002285293172485936,339388.1122083004
2020-11-09,334023.4966317862,-0.028573222949666317,-0.028573222949666317,0.0,0.0,1.0,0.012566141368972605,343652.9112052586
2020-11-10,331755.5693130463,-0.006789723901489611,-0.006789723901489611,0.0,0.0,1.0,-0.0014670154711066141,343148.76706782967
2020-11-11,334150.04143188626,0.007217579267163932,0.007217579267163932,0.0,0.0,1.0,0.007428826232403374,345697.95963024005
2020-11-12,336197.75961119076,0.006128139833619928,0.006128139833619928,0.0,0.0,1.0,-0.00970114779147857,342344.2926326545
2020-11-13,337796.4821723844,0.004755304030111818,0.004755304030111818,0.0,0.0,1.0,0.013844470659298613,347083.8681473856
2020-11-16,338398.2163981769,0.001781351368500735,0.001781351368500735,0.0,0.0,1.0,0.01248282634371134,351416.45580017305
2020-11-17,338362.8790945893,-0.00010442520638472464,-0.00010442520638472464,0.0,0.0,1.0,-0.00537820196418759,349526.4671273407
2020-11-18,337210.563011914,-0.0034055629440165416,-0.0034055629440165416,0.0,0.0,1.0,-0.01203497879655524,345319.92350662826
2020-11-19,338457.4400410671,0.003697621503953252,0.003697621503953252,0.0,0.0,1.0,0.004209989191544805,346773.7166522162
2020-11-20,339027.76609194913,0.0016850746457601762,0.0016850746457601762,0.0,0.0,1.0,-0.006847838390681815,344399.0662824458
2020-11-23,336288.3653993826,-0.008080166188581539,-0.008080166188581539,0.0,0.0,1.0,0.005994496143343353,346463.56515704695
2020-11-24,335029.43015735474,-0.003743618190693983,-0.003743618190693983,0.0,0.0,1.0,0.016113737336654,352046.38804270833
2020-11-25,335319.3976816165,0.000865498664178732,0.000865498664178732,0.0,0.0,1.0,-0.0015417204586195554,351503.63092387974
2020-11-27,336299.92941140727,0.002924172405682657,0.002924172405682657,0.0,0.0,1.0,0.0027850427703972613,352482.5835699527
2020-11-30,335640.3805113983,-0.0019611925020719028,-0.0019611925020719028,0.0,0.0,1.0,-0.00442712001498613,350922.1008692961
2020-12-01,337780.85936905805,0.0063772983882285725,0.0063772983882285725,0.0,0.0,1.0,0.010937198737037246,354760.20562772226
2020-12-02,337878.8694561373,0.0002901587948538342,0.0002901587948538342,0.0,0.0,1.0,0.0021038972281688384,355506.584641007
2020-12-03,339833.1444552878,0.005783951515808386,0.005783951515808386,0.0,0.0,1.0,-0.00027247978470856804,355409.71628336154
2020-12-04,338312.30224167486,-0.0044752615759438745,-0.0044752615759438745,0.0,0.0,1.0,0.008617586595093263,358472.49029017094
2020-12-07,341650.0906946964,0.00986599786914392,0.00986599786914392,0.0,0.0,1.0,-0.0020551584575451143,357735.77251995384
2020-12-08,342970.905016315,0.0038659855729379355,0.0038659855729379355,0.0,0.0,1.0,0.002926375682286597,358782.6417853402
2020-12-09,338050.36260587064,-0.01434682166468389,-0.01434682166468389,0.0,0.0,1.0,-0.008968933738511153,355564.7440446395
2020-12-10,339286.0583274408,0.003655359846517473,0.003655359846517473,0.0,0.0,1.0,-0.00032713819132346167,355448.4252373744
2020-12-11,339646.1510861789,0.0010613249495522077,0.0010613249495522077,0.0,0.0,1.0,-0.001172538795796929,355031.64816887863
2020-12-14,339530.1814013659,-0.00034144265860854483,-0.00034144265860854483,0.0,0.0,1.0,-0.004477331532392825,353442.05377553473
2020-12-15,341944.69013527496,0.007111322840118395,0.007111322840118395,0.0,0.0,1.0,0.013519467758414505,358220.4022260209
2020-12-16,342897.24376030156,0.0027856950334562702,0.0027856950334562702,0.0,0.0,1.0,0.0015695352800273454,358782.6417853402
2020-12-17,344544.4484827304,0.004803785251713322,0.004803785251713322,0.0,0.0,1.0,0.005591718421775083,360788.8532928244
2020-12-18,343658.15425603546,-0.0025723654251227357,-0.0025723654251227357,0.0,0.0,1.0,-0.00399259824706244,359348.36834960786
2020-12-21,343534.5622014002,-0.00035963661302566364,-0.00035963661302566364,0.0,0.0,1.0,-0.0035754979528330733,358063.51899421995
2020-12-22,343531.978776769,-7.52013018601172e-06,-7.52013018601172e-06,0.0,0.0,1.0,-0.0016855662246336722,357459.97922032984
2020-12-23,342925.3631120771,-0.0017658200754756548,-0.0017658200754756548,0.0,0.0,1.0,0.000898619020975211,357781.1995568946
2020-12-24,344337.64612449164,0.004118339336577348,0.004118339336577348,0.0,0.0,1.0,0.0038903408333426093,359173.0903669331
2020-12-28,345129.03546604584,0.0022982945677338935,0.0022982945677338935,0.0,0.0,1.0,0.00859097622397842,362258.7378465683
2020-12-29,345504.823759039,0.0010888341877284637,0.0010888341877284637,0.0,0.0,1.0,-0.0019077491192015517,361567.6390585184
2020-12-30,346639.3315753576,0.0032836236668863554,0.0032836236668863554,0.0,0.0,1.0,0.0014265347857096433,362083.4278730223
2020-12-31,347521.43607061874,0.0025447328531712867,0.0025447328531712867,0.0,0.0,1.0,0.005080958897138332,363923.15888738004
2021-01-04,348324.6652368742,0.0023113082615492013,0.0023113082615492013,0.0,0.0,1.0,-0.013614022836459405,358968.7006915708
2021-01-05,348763.4628634178,0.001259737452830811,0.001259737452830811,0.0,0.0,1.0,0.006887459759505665,361441.083172506
2021-01-06,342878.5939996442,-0.016873524581553296,-0.016873524581553296,0.0,0.0,1.0,0.005978532794925773,363601.97054168634
2021-01-07,344369.2748062852,0.004347547011472219,0.004347547011472219,0.0,0.0,1.0,0.01485746190942594,369004.1729692017
2021-01-08,341547.69023440895,-0.008193485244766522,-0.008193485244766522,0.0,0.0,1.0,0.005697691767714952,371106.64500778075
2021-01-11,339491.2155924381,-0.0060210468428565,-0.0060210468428565,0.0,0.0,1.0,-0.00674089289396429,368605.05486154486
2021-01-12,339954.01284140744,0.0013632083179582937,0.0013632083179582937,0.0,0.0,1.0,0.00021124447208187291,368682.9206417659
2021-01-13,341507.2716087032,0.004569026128896832,0.004569026128896832,0.0,0.0,1.0,0.0026930151070372332,369675.7893167607
2021-01-14,339773.1081264524,-0.005077969420919795,-0.005077969420919795,0.0,0.0,1.0,-0.003501918755865585,368381.214736563
2021-01-15,337920.05618656485,-0.005453792238313141,-0.005453792238313141,0.0,0.0,1.0,-0.0072927968759199935,365694.68536458455
2021-01-19,340881.41021846805,0.008763475199791593,0.008763475199791593,0.0,0.0,1.0,0.007851830338319044,368566.05798969226
2021-01-20,345486.55453139584,0.013509520246282712,0.013509520246282712,0.0,0.0,1.0,0.013838844903417913,373666.5865028757
2021-01-21,345527.298948166,0.00011793343687542074,0.00011793343687542074,0.0,0.0,1.0,0.0009117828282270146,374007.2892799313
2021-01-22,344661.55897997186,-0.0025055617047613126,-0.0025055617047613126,0.0,0.0,1.0,-0.003539712342667256,372683.4110618196
2021-01-25,347064.3849306758,0.006971551912592504,0.006971551912592504,0.0,0.0,1.0,0.0039439709931947675,374153.2636246923
2021-01-26,346729.5235015807,-0.0009648395042378317,-0.0009648395042378317,0.0,0.0,1.0,-0.0015610964304091368,373569.17430042184
2021-01-27,343069.21499735356,-0.010556668111968464,-0.010556668111968464,0.0,0.0,1.0,-0.02444018206842502,364439.07566536835
2021-01-28,343219.79787112185,0.00043892855198168773,0.00043892855198168773,0.0,0.0,1.0,0.008599916555265041,367573.2213055684
2021-01-29,340078.2464044719,-0.009153176728544949,-0.009153176728544949,0.0,0.0,1.0,-0.02001942394656331,360214.6171568483
2021-02-01,348531.00576573715,0.024855336825078494,0.02552200349174516,1.3333333333333333,0.0006666666666666666,1.0,0.016645412813360405,366210.5381608306
2021-02-02,353587.8062907996,0.014508897175310082,0.014508897175310082,0.0,0.0,1.0,0.014140484103519091,371388.93245423504
2021-02-03,354068.3766580568,0.0013591259616627658,0.0013591259616627658,0.0,0.0,1.0,0.0007860995953559158,371680.88114375697
2021-02-04,357913.79283319874,0.010860659772662077,0.010860659772662077,0.0,0.0,1.0,0.011365649246682485,375905.2756705348
2021-02-05,360998.9291675634,0.008619774918264895,0.008619774918264895,0.0,0.0,1.0,0.003936209106896182,377384.9174399595
2021-02-08,365091.9086120141,0.01133792682955814,0.01133792682955814,0.0,0.0,1.0,0.007221714921633593,380110.2837294351
2021-02-09,366935.21734757704,0.005048889586654318,0.005048889586654318,0.0,0.0,1.0,-0.0006658061935882476,379857.2039482815
2021-02-10,366282.7880267097,-0.001778050429673827,-0.001778050429673827,0.0,0.0,1.0,-0.0004357447095211242,379691.68318128755
2021-02-11,368117.74335037963,0.00500966844103016,0.00500966844103016,0.0,0.0,1.0,0.0016152499955555122,380304.98017085856
2021-02-12,369256.35092850693,0.0030930526949459747,0.0030930526949459747,0.0,0.0,1.0,0.0049398036090748665,382183.61208445573
2021-02-16,368447.12840139604,-0.0021914925094073112,-0.0021914925094073112,0.0,0.0,1.0,-0.0008661845341362273,381852.5705504678
2021-02-17,366937.58689589996,-0.0040970369671372575,-0.0040970369671372575,0.0,0.0,1.0,0.00022946813157642687,381940.19354636973
2021-02-18,362820.28470484115,-0.011220715288093134,-0.011220715288093134,0.0,0.0,1.0,-0.004255954646928406,380314.6734047973
2021-02-19,365597.68490040186,0.007655030086920589,0.007655030086920589,0.0,0.0,1.0,-0.001766201430406955,379642.961084625
2021-02-22,358068.90036940284,-0.02059308590274589,-0.02059308590274589,0.0,0.0,1.0,-0.007691433922058288,376722.96233546804
2021-02-23,357196.99834937544,-0.0024350118625994974,-0.0024350118625994974,0.0,0.0,1.0,0.0012142542700581682,377180.3998011128
2021-02-24,360227.673061973,0.008484602968676888,0.008484602968676888,0.0,0.0,1.0,0.011019358281685543,381336.6857633507
2021-02-25,348867.1159261539,-0.03153715826231007,-0.03153715826231007,0.0,0.0,1.0,-0.02409587714002781,372148.04383421154
2021-02-26,347635.6701558054,-0.003529841920122882,-0.003529841920122882,0.0,0.0,1.0,-0.005152435604225736,370230.5750031172
2021-03-01,358346.2119077167,0.03080967424059485,0.03080967424059485,0.0,0.0,1.0,0.02424028603801931,379205.0700412131
2021-03-02,352962.80730594654,-0.015022914775938829,-0.015022914775938829,0.0,0.0,1.0,-0.0078033228891959405,376246.01043846144
2021-03-03,348038.0846691205,-0.013952525690779944,-0.013952525690779944,0.0,0.0,1.0,-0.013245764002393301,371262.3445773516
2021-03-04,340194.30393945024,-0.022537133363227487,-0.022537133363227487,0.0,0.0,1.0,-0.01237447608881459,366668.16757170187
2021-03-05,345541.51872063865,0.015718119672397963,0.015718119672397963,0.0,0.0,1.0,0.018396391444512883,373413.53871259314
2021-03-08,339722.67175197677,-0.0168397910335234,-0.0168397910335234,0.0,0.0,1.0,-0.004978709365077938,371554.42123035784
2021-03-09,349056.599688372,0.02747513990826533,0.02747513990826533,0.0,0.0,1.0,0.014277376106483164,376859.2434462904
2021-03-10,350224.1498943104,0.0033448736021055208,0.0033448736021055208,0.0,0.0,1.0,0.006224675752864117,379205.0700412132
2021-03-11,359162.09936974844,0.025520654352749157,0.025520654352749157,0.0,0.0,1.0,0.010138912088709429,383049.79690995393
2021-03-12,356762.8291215919,-0.006680187726841905,-0.006680187726841905,0.0,0.0,1.0,0.0013468660789017761,383565.7136879422
2021-03-15,358742.17179693136,0.005548063065350606,0.005548063065350606,0.0,0.0,1.0,0.0059637114695940685,385853.188934006
2021-03-16,357907.0660795348,-0.0023278716110054862,-0.0023278716110054862,0.0,0.0,1.0,-0.001261467100747371,385366.4478304473
2021-03-17,359488.7954191426,0.004419385615751429,0.004419385615751429,0.0,0.0,1.0,0.0034099725571796746,386680.5368420069
2021-03-18,349969.5346172991,-0.026479993043300804,-0.026479993043300804,0.0,0.0,1.0,-0.014549670871247034,381054.4622986386
2021-03-19,352702.5309817065,0.0078092407883333746,0.0078092407883333746,0.0,0.0,1.0,-0.0018503360240442746,380349.38349992456
2021-03-22,353673.5862548739,0.0027531848735661653,0.0027531848735661653,0.0,0.0,1.0,0.007984904086107525,383386.43684638164
2021-03-23,346630.89340867853,-0.019912973769887578,-0.019912973769887578,0.0,0.0,1.0,-0.007870750305922436,380368.8979312864
2021-03-24,339366.62729792023,-0.02095677635459255,-0.02095677635459255,0.0,0.0,1.0,-0.00508346565830553,378435.3057011652
2021-03-25,342378.1963948808,0.008874087357790938,0.008874087357790938,0.0,0.0,1.0,0.005625692021237194,380564.2661810027
2021-03-26,349138.2520240993,0.019744410422157056,0.019744410422157056,0.0,0.0,1.0,0.016114707876839995,386696.94815887354
2021-03-29,345020.74261258444,-0.011793349447228613,-0.011793349447228613,0.0,0.0,1.0,-0.0005048922345043394,386501.7078726416
2021-03-30,346747.9697930398,0.005006154607912279,0.005006154607912279,0.0,0.0,1.0,-0.0026530371535286035,385476.3044817532
2021-03-31,350658.12885993137,0.011276660305251058,0.011276660305251058,0.0,0.0,1.0,0.0040534219804653215,387038.8026072881
2021-04-01,355271.4384460628,0.013156146133358838,0.013156146133358838,0.0,0.0,1.0,0.010799101435940317,391218.47389628907
2021-04-05,358748.52364807116,0.009787122818588918,0.009787122818588918,0.0,0.0,1.0,0.014352935866075223,396833.6075617463
2021-04-06,358978.1321919242,0.0006400264494977881,0.0006400264494977881,0.0,0.0,1.0,-0.0005905072711397397,396599.27443104854
2021-04-07,355575.6800131488,-0.009478160014929108,-0.009478160014929108,0.0,0.0,1.0,0.001157352138342782,397058.2794493765
2021-04-08,358790.12993107666,0.009040128722552183,0.009040128722552183,0.0,0.0,1.0,0.004746764562089112,398943.0216193508
2021-04-09,358512.22832877905,-0.0007745519709558093,-0.0007745519709558093,0.0,0.0,1.0,0.007270021547605809,401843.34598279046
2021-04-12,357175.06763162924,-0.003729749200977091,-0.003729749200977091,0.0,0.0,1.0,0.0003646151940406295,401989.8641723599
2021-04-13,358745.46213789156,0.004396708081208807,0.004396708081208807,0.0,0.0,1.0,0.0029636867400384403,403181.2362024374
2021-04-14,359092.4321360584,0.0009671759918553997,0.0009671759918553997,0.0,0.0,1.0,-0.003414978121494605,401804.38110180886
2021-04-15,362518.1999561558,0.00954007245354423,0.00954007245354423,0.0,0.0,1.0,0.010742223110405513,406120.65341034293
2021-04-16,363165.7126128252,0.0017861521345622724,0.0017861521345622724,0.0,0.0,1.0,0.0033426042537423317,407478.1540339649
2021-04-19,360038.9312132511,-0.008609792419769594,-0.008609792419769594,0.0,0.0,1.0,-0.004913119127201382,405476.16532146395
2021-04-20,355731.6959363399,-0.0119632487031243,-0.0119632487031243,0.0,0.0,1.0,-0.007321645735543725,402507.4124847735
2021-04-21,360374.3979623165,0.013051133983875914,0.013051133983875914,0.0,0.0,1.0,0.00946220878709858,406316.0216600592
2021-04-22,358007.3167390768,-0.006568394526980843,-0.006568394526980843,0.0,0.0,1.0,-0.00913298237406368,402605.1445959382
2021-04-23,363489.4555104408,0.015312923828759262,0.015312923828759262,0.0,0.0,1.0,0.010842271685159277,406970.29895549023
2021-04-26,365694.87794377387,0.006067362890172623,0.006067362890172623,0.0,0.0,1.0,0.0020876549381041443,407819.91250976635
2021-04-27,365281.5843590665,-0.0011301596211334974,-0.0011301596211334974,0.0,0.0,1.0,-0.0002155630734179681,407732.00159602467
2021-04-28,365990.98006812704,0.0019420516648964714,0.0019420516648964714,0.0,0.0,1.0,-0.0002873224800967744,407614.85102611134
2021-04-29,365688.8823601054,-0.0008254239160905285,-0.0008254239160905285,0.0,0.0,1.0,0.006372669552699106,410212.44577647344
2021-04-30,361080.72457782656,-0.012601306751625591,-0.012601306751625591,0.0,0.0,1.0,-0.0065703293906937965,407517.21488755994
2021-05-03,362893.14035332506,0.005019419902897264,0.005352753236230597,0.6666666666666666,0.0003333333333333333,1.0,0.0021566823908567567,408396.1000888789
2021-05-04,361951.2492639923,-0.0025955053556969703,-0.0025955053556969703,0.0,0.0,1.0,-0.006169346436869172,405876.5630639643
2021-05-05,362494.705367916,0.0015014621583120022,0.0015014621583120022,0.0,0.0,1.0,0.0003128334545310363,406003.5348313008
2021-05-06,364336.34665340494,0.00508046395772821,0.00508046395772821,0.0,0.0,1.0,0.007985592571752909,409245.713643155
2021-05-07,368298.85054931074,0.010875950017897502,0.010875950017897502,0.0,0.0,1.0,0.007277970085466823,412224.1917046554
2021-05-10,362125.88155265525,-0.01676076096205196,-0.01676076096205196,0.0,0.0,1.0,-0.009902386229925564,408142.18854507705
2021-05-11,362702.0135646164,0.0015909716518767531,0.0015909716518767531,0.0,0.0,1.0,-0.008924616652830952,404499.6759724648
2021-05-12,355306.77416704816,-0.020389297883648808,-0.020389297883648808,0.0,0.0,1.0,-0.021245277091781478,395905.9682728939
2021-05-13,354048.53865875566,-0.0035412651820170282,-0.0035412651820170282,0.0,0.0,1.0,0.012012435445512448,400661.7631592652
2021-05-14,360033.6944493217,0.01690490183419372,0.01690490183419372,0.0,0.0,1.0,0.015355326980379669,406814.05554111116
2021-05-17,361582.5963817193,0.004302102709488498,0.004302102709488498,0.0,0.0,1.0,-0.002544397399077858,405778.95891628397
2021-05-18,361703.3886555599,0.0003340655082666082,0.0003340655082666082,0.0,0.0,1.0,-0.00861582955376572,402282.8365697568
2021-05-19,357946.0048794742,-0.010388024812407266,-0.010388024812407266,0.0,0.0,1.0,-0.0026216456462646587,401228.1935226967
2021-05-20,358184.12838225515,0.0006652497849813179,0.0006652497849813179,0.0,0.0,1.0,0.010757888779575842,405544.561803844
2021-05-21,358246.2651313199,0.00017347711453700543,0.00017347711453700543,0.0,0.0,1.0,-0.000818734319884884,405212.52855285245
2021-05-24,361656.1758229694,0.009518342613842988,0.009518342613842988,0.0,0.0,1.0,0.010194288006044383,409343.3817725777
2021-05-25,361290.2940788856,-0.0010116839377933102,-0.0010116839377933102,0.0,0.0,1.0,-0.002218882366957886,408435.0969607316
2021-05-26,364624.05569351197,0.00922737662556335,0.00922737662556335,0.0,0.0,1.0,0.0019846890937029738,409245.7136431551
2021-05-27,367816.6523674762,0.008755858600420607,0.008755858600420607,0.0,0.0,1.0,0.0005249137429530482,409460.53234249103
2021-05-28,368128.0093682755,0.0008465005561743013,0.0008465005561743013,0.0,0.0,1.0,0.0017887706766304134,410192.96333598276
2021-06-01,374225.2178298111,0.01656273987952909,0.01656273987952909,0.0,0.0,1.0,-0.0008808948987489851,409831.6264470774
2021-06-02,375232.3824631338,0.002691332880139156,0.002691332880139156,0.0,0.0,1.0,0.0015727240872278614,410476.1785176985
2021-06-03,371796.5171822314,-0.009156633173150852,-0.009156633173150852,0.0,0.0,1.0,-0.0037115460857775062,408952.6772640162
2021-06-04,374828.800360481,0.008155760041085536,0.008155760041085536,0.0,0.0,1.0,0.009145910741555907,412692.9219477932
2021-06-07,376076.23202292214,0.003328003774633788,0.003328003774633788,0.0,0.0,1.0,-0.0009701299206671399,412292.5561961641
2021-06-08,378042.34524764476,0.005227964591505355,0.005227964591505355,0.0,0.0,1.0,0.00021322459603134725,412380.4671099058
2021-06-09,376252.34975614457,-0.004734907382736778,-0.004734907382736778,0.0,0.0,1.0,-0.0014918661064327043,411765.25066806964
2021-06-10,376784.2249121699,0.001413612848850332,0.001413612848850332,0.0,0.0,1.0,0.004648390811956116,413679.29647595785
2021-06-11,377288.86148425704,0.0013393251063118132,0.0013393251063118132,0.0,0.0,1.0,0.0016523643999029058,414362.8454184316
2021-06-14,376541.1715472507,-0.001981743998656249,-0.001981743998656249,0.0,0.0,1.0,0.0022391757473865237,415290.67665251065
2021-06-15,374796.89637032547,-0.004632362431332175,-0.004632362431332175,0.0,0.0,1.0,-0.0018344514983087423,414528.8460484918
2021-06-16,372107.23379930324,-0.007176320287254122,-0.007176320287254122,0.0,0.0,1.0,-0.005583311203673724,412214.40249810327
2021-06-17,368187.86788017175,-0.010532893647655712,-0.010532893647655712,0.0,0.0,1.0,-0.000331538637289297,412077.7374968281
2021-06-18,365812.9094889866,-0.0064503982840578376,-0.0064503982840578376,0.0,0.0,1.0,-0.013490458581810971,406518.61984664074
2021-06-21,370443.7790564089,0.012659120132997376,0.012659120132997376,0.0,0.0,1.0,0.01431606571702071,412338.3671235578
2021-06-22,370634.0287084768,0.0005135722687865292,0.0005135722687865292,0.0,0.0,1.0,0.005346160145380141,414542.79406828486
2021-06-23,372577.9171418131,0.005244765139644854,0.005244765139644854,0.0,0.0,1.0,-0.0012053409747480037,414043.1286528078
2021-06-24,375928.32180657075,0.008992493947198588,0.008992493947198588,0.0,0.0,1.0,0.005915840321915278,416492.54168830405
2021-06-25,376660.68009660934,0.0019481327890359021,0.0019481327890359021,0.0,0.0,1.0,0.0035518567864798456,417971.8635490179
2021-06-28,375713.0987766581,-0.002515742603417433,-0.002515742603417433,0.0,0.0,1.0,0.002016019779955247,418814.5030933975
2021-06-29,375618.9555006919,-0.00025057224853937887,-0.00025057224853937887,0.0,0.0,1.0,0.0005381277036238252,419039.87878019153
2021-06-30,376005.1551776815,0.0010281687634075738,0.0010281687634075738,0.0,0.0,1.0,0.000841684459099934,419392.57813390397
2021-07-01,376860.16024639294,0.0022739184740897165,0.0022739184740897165,0.0,0.0,1.0,0.005536562917484833,421714.5715298686
2021-07-02,376698.72894937464,-0.00042835861692758215,-0.00042835861692758215,0.0,0.0,1.0,0.007643407191484375,424937.90771865373
2021-07-06,369261.01933249156,-0.01974445105675593,-0.01974445105675593,0.0,0.0,1.0,-0.001821487591111115,424163.88859275146
2021-07-07,366487.00471685675,-0.007512340784438557,-0.007512340784438557,0.0,0.0,1.0,0.0035340025088046456,425662.88483918254
2021-07-08,363860.313381983,-0.007167215483951828,-0.007167215483951828,0.0,0.0,1.0,-0.008147824089129507,422194.6585322415
2021-07-09,369929.12744990643,0.016678966748297976,0.016678966748297976,0.0,0.0,1.0,0.010674720405948301,426701.46846895793
2021-07-12,370341.2309457637,0.0011140066171541432,0.0011140066171541432,0.0,0.0,1.0,0.0035818106545804085,428229.8323350451
2021-07-13,369161.25641963474,-0.0031861818980175594,-0.0031861818980175594,0.0,0.0,1.0,-0.003408859748329607,426770.0568965642
2021-07-14,366579.38818044605,-0.006993876508681625,-0.006993876508681625,0.0,0.0,1.0,0.0014921625112347403,427406.86717638286
2021-07-15,365542.85412661365,-0.0028275841120726968,-0.0028275841120726968,0.0,0.0,1.0,-0.0034153486050737536,425947.12372877303
2021-07-16,363094.7864730259,-0.006697074299091091,-0.006697074299091091,0.0,0.0,1.0,-0.007843693328384416,422606.12511613715
2021-07-19,354412.929135491,-0.023910718801190667,-0.023910718801190667,0.0,0.0,1.0,-0.014767971137476188,416365.09005790134
2021-07-20,360206.77692041214,0.016347732570179813,0.016347732570179813,0.0,0.0,1.0,0.014330330518607548,422331.7394148409
2021-07-21,365444.6048764365,0.014541169938015056,0.014541169938015056,0.0,0.0,1.0,0.008096498365012916,425751.1476525062
2021-07-22,364703.8914850738,-0.002026882820210796,-0.002026882820210796,0.0,0.0,1.0,0.0020939969282836035,426642.66924790374
2021-07-23,364107.6254429215,-0.0016349319436223348,-0.0016349319436223348,0.0,0.0,1.0,0.010288018015072842,431031.97671512497
2021-07-26,363037.3519375924,-0.0029394427101798364,-0.0029394427101798364,0.0,0.0,1.0,0.0024550244318646275,432090.1707488756
2021-07-27,358491.61623749335,-0.01252139945335562,-0.01252139945335562,0.0,0.0,1.0,-0.004557599722389005,430120.8767066235
2021-07-28,364053.2314150804,0.015513933731444867,0.015513933731444867,0.0,0.0,1.0,-0.0004101862141284718,429944.4470525895
2021-07-29,367737.206387736,0.010119330512013006,0.010119330512013006,0.0,0.0,1.0,0.004147147853678312,431727.4902433845
2021-07-30,365063.4349352734,-0.007270875522025395,-0.007270875522025395,0.0,0.0,1.0,-0.004856122864391521,429630.96850682725
2021-08-02,363035.7434497246,-0.005554353823215081,-0.005221020489881748,0.6666666666666666,0.0003333333333333333,1.0,-0.0020981698981495933,428729.5297413934
2021-08-03,363705.2977326277,0.0018443205524081294,0.0018443205524081294,0.0,0.0,1.0,0.008135583001489088,432217.4944157939
2021-08-04,360413.43991265167,-0.009050893238283267,-0.009050893238283267,0.0,0.0,1.0,-0.004919007973783085,430091.413114354
2021-08-05,365115.47686164145,0.013046230878985302,0.013046230878985302,0.0,0.0,1.0,0.0063329205652522536,432815.1478694043
2021-08-06,364311.77336678124,-0.0022012309688114557,-0.0022012309688114557,0.0,0.0,1.0,0.0016524835333715515,433530.3677742522
2021-08-09,362142.7425447386,-0.005953776354789885,-0.005953776354789885,0.0,0.0,1.0,-0.000813551667725565,433177.66842053976
2021-08-10,363953.175111331,0.004999223659352385,0.004999223659352385,0.0,0.0,1.0,0.001243956629899623,433716.522653096
2021-08-11,365419.8174266736,0.004029755517022078,0.004029755517022078,0.0,0.0,1.0,0.002484896008551507,434794.26310907956
2021-08-12,365127.3162351454,-0.000800452459278252,-0.000800452459278252,0.0,0.0,1.0,0.0029970132139933714,436097.34726098593
2021-08-13,363749.35938674933,-0.003773907859330479,-0.003773907859330479,0.0,0.0,1.0,0.0018198448921140642,436890.9767908633
2021-08-16,362354.53271068574,-0.0038345818076906584,-0.0038345818076906584,0.0,0.0,1.0,0.002354515232369847,437919.64325060236
2021-08-17,358484.92377972783,-0.010679068651384755,-0.010679068651384755,0.0,0.0,1.0,-0.006555021903157376,435049.07039727183
2021-08-18,354893.5696804945,-0.010018145425384928,-0.010018145425384928,0.0,0.0,1.0,-0.010945305972139607,430287.3252088788
2021-08-19,352393.3399551068,-0.007045012755904967,-0.007045012755904967,0.0,0.0,1.0,0.0015484394567384374,430953.59908096667
2021-08-20,352838.6408533865,0.0012636473161961419,0.0012636473161961419,0.0,0.0,1.0,0.007957157013328331,434382.7645343128
2021-08-23,361106.0262961924,0.02343106589122475,0.02343106589122475,0.0,0.0,1.0,0.00879651297452888,438203.8181584506
2021-08-24,365188.18399026874,0.011304595871595971,0.011304595871595971,0.0,0.0,1.0,0.0015874108623610272,438899.4276593234
2021-08-25,366848.7243112402,0.0045470811865471195,0.0045470811865471195,0.0,0.0,1.0,0.0020983968755177163,439820.4128469902
2021-08-26,363815.7463971873,-0.00826765288538848,-0.00826765288538848,0.0,0.0,1.0,-0.005903343756432644,437224.00175885827
2021-08-27,369949.6695144706,0.01685997150488035,0.01685997150488035,0.0,0.0,1.0,0.008941074689388318,441133.25421457744
2021-08-30,371276.6328951043,0.0035868754319344403,0.0035868754319344403,0.0,0.0,1.0,0.00439766985357104,443073.21262804454
2021-08-31,370839.214138674,-0.001178147822068561,-0.001178147822068561,0.0,0.0,1.0,-0.001481734028814019,442416.6959716376
2021-09-01,372948.10859253316,0.005686816208898882,0.006020149542232215,0.6666666666666666,0.0003333333333333333,1.0,0.000531618463676109,442651.8928558547
2021-09-02,375897.99165871425,0.007909634070309831,0.007909634070309831,0.0,0.0,1.0,0.003076574175032487,444013.74423794425
2021-09-03,375470.38846470945,-0.0011375511534869411,-0.0011375511534869411,0.0,0.0,1.0,-0.0002427340281333512,443905.9669932588
2021-09-07,371773.52249170304,-0.009845958793509135,-0.009845958793509135,0.0,0.0,1.0,-0.0035756650682255975,442318.70793350413
2021-09-08,371950.8472331868,0.00047696979681410823,0.00047696979681410823,0.0,0.0,1.0,-0.0012181041433477757,441779.91768269014
2021-09-09,368468.5253121688,-0.009362317486092026,-0.009362317486092026,0.0,0.0,1.0,-0.004280222645729137,439889.0012745963
2021-09-10,367076.29708708415,-0.0037784183164766647,-0.0037784183164766647,0.0,0.0,1.0,-0.007884685116578694,436420.61501329986
2021-09-13,369547.9509131005,0.006733351746299002,0.006733351746299002,0.0,0.0,1.0,0.002559295401360906,437537.5442863625
2021-09-14,367696.68764324114,-0.005009534663323545,-0.005009534663323545,0.0,0.0,1.0,-0.005396671041423717,435176.2980915766
2021-09-15,371206.18931009097,0.00954455611048351,0.00954455611048351,0.0,0.0,1.0,0.008352777373459297,438811.22882774175
2021-09-16,370525.15712669946,-0.0018346466276794406,-0.0018346466276794406,0.0,0.0,1.0,-0.001585213538703445,438115.6193268689
2021-09-17,368577.8624696998,-0.005255499173390151,-0.005255499173390151,0.0,0.0,1.0,-0.009741059158730692,433847.9091606419
2021-09-20,363458.40405314934,-0.013889760991739736,-0.013889760991739736,0.0,0.0,1.0,-0.01667419281006044,426613.8454730558
2021-09-21,363825.3972631999,0.001009725476032471,0.001009725476032471,0.0,0.0,1.0,-0.0009446224198635944,426210.8564699977
2021-09-22,368272.22783803224,0.012222430342363847,0.012222430342363847,0.0,0.0,1.0,0.009754865498401655,430368.48604882107
2021-09-23,372089.42875418696,0.010365160953254201,0.010365160953254201,0.0,0.0,1.0,0.012149913479319263,435597.4259185399
2021-09-24,370727.9443758376,-0.0036590246138082927,-0.0036590246138082927,0.0,0.0,1.0,0.0016472898959951632,436314.98115697707
2021-09-27,372618.92037989694,0.005100710730730188,0.005100710730730188,0.0,0.0,1.0,-0.0028609693539004555,435066.6973672393
2021-09-28,367969.0892197958,-0.012478784371337166,-0.012478784371337166,0.0,0.0,1.0,-0.020151820839761747,426299.3112285478
2021-09-29,368750.47140050284,0.0021234995101460465,0.0021234995101460465,0.0,0.0,1.0,0.0016831442807125896,427016.83447611384
2021-09-30,366364.202713658,-0.0064712288442151005,-0.0064712288442151005,0.0,0.0,1.0,-0.012222278493302818,421797.7158038182
2021-10-01,371696.6271309471,0.01455498211285877,0.01455498211285877,0.0,0.0,1.0,0.011884164812278275,426810.4293758733
2021-10-04,372594.0340817744,0.002414353226054951,0.002414353226054951,0.0,0.0,1.0,-0.0128960984683133,421306.2400513389
2021-10-05,373722.39397422486,0.0030283895855475933,0.0030283895855475933,0.0,0.0,1.0,0.010404889997605915,425689.8851343781
2021-10-06,372192.6402839923,-0.004093288801789236,-0.004093288801789236,0.0,0.0,1.0,0.004156206635727244,427459.1402597356
2021-10-07,376000.15722986555,0.010229963018527261,0.010229963018527261,0.0,0.0,1.0,0.00864562027434701,431154.78966922004
2021-10-08,374292.39064230194,-0.004541930514458799,-0.004541930514458799,0.0,0.0,1.0,-0.0018237153784192994,430368.4860488212
2021-10-11,374723.80429963843,0.0011526113491012364,0.0011526113491012364,0.0,0.0,1.0,-0.007239802590573219,427252.70316862385
2021-10-12,377045.86978300026,0.006196738655826224,0.006196738655826224,0.0,0.0,1.0,-0.0024613908756547787,426201.06726344576
2021-10-13,379269.109093855,0.005896469074530009,0.005896469074530009,0.0,0.0,1.0,0.0035974252442319,427734.29374193784
2021-10-14,383989.0592045556,0.012444857747517208,0.012444857747517208,0.0,0.0,1.0,0.01682059870411834,434929.04064896045
2021-10-15,384562.119020293,0.0014923857906902946,0.0014923857906902946,0.0,0.0,1.0,0.00761602573103537,438241.4714137175
2021-10-18,384044.8163970217,-0.0013451731142661112,-0.0013451731142661112,0.0,0.0,1.0,0.0029605180074332438,439538.8931814418
2021-10-19,384879.7332538636,0.0021740089208202766,0.0021740089208202766,0.0,0.0,1.0,0.0077147583865799785,442929.8295438414
2021-10-20,389177.1574529958,0.011165628709001618,0.011165628709001618,0.0,0.0,1.0,0.003927700155725633,444669.5251043163
2021-10-21,387727.47405866464,-0.0037249961015664757,-0.0037249961015664757,0.0,0.0,1.0,0.0026080785686906083,445829.2581628907
2021-10-22,388629.5166124441,0.002326486034990194,0.002326486034990194,0.0,0.0,1.0,-0.001036154918076293,445367.30998442293
2021-10-25,390935.1578923973,0.0059327487527214276,0.0059327487527214276,0.0,0.0,1.0,0.005362850801267083,447755.74841963104
2021-10-26,390490.5219899812,-0.001137364837721977,-0.001137364837721977,0.0,0.0,1.0,0.0009000911665604239,448158.7694135603
2021-10-27,384599.38902927295,-0.015086494111781347,-0.015086494111781347,0.0,0.0,1.0,-0.004430093944174818,446173.3839631524
2021-10-28,389608.11720298795,0.013023234868773546,0.013023234868773546,0.0,0.0,1.0,0.009648741221792934,450478.39548506454
2021-10-29,387448.05013159325,-0.005544204486554238,-0.005544204486554238,0.0,0.0,1.0,0.0020291209715579406,451392.47064457706
2021-11-01,392402.4429477211,0.012787244159430259,0.012787244159430259,0.0,0.0,1.0,0.00172040617886271,452169.0490401661
2021-11-02,393661.9259891767,0.0032096717645139585,0.0032096717645139585,0.0,0.0,1.0,0.004042997485198319,453997.16736832005
2021-11-03,393102.12164761225,-0.0014220433946154913,-0.0014220433946154913,0.0,0.0,1.0,0.006105009632553671,456768.8244482557
2021-11-04,390996.82168159366,-0.0053556057067170775,-0.0053556057067170775,0.0,0.0,1.0,0.004712742221496091,458921.4581726962
2021-11-05,395254.28093667916,0.01088873110726333,0.01088873110726333,0.0,0.0,1.0,0.0034696168552568185,460513.7397992112
2021-11-08,396363.8156988936,0.0028071416698768332,0.0028071416698768332,0.0,0.0,1.0,0.0008537591208601647,460906.90760484623
2021-11-09,396878.2139016504,0.001297793043620025,0.001297793043620025,0.0,0.0,1.0,-0.0033055812579199095,459383.34236942185
2021-11-10,392517.7625039399,-0.010986875179777478,-0.010986875179777478,0.0,0.0,1.0,-0.008044804999726374,455687.6929599373
2021-11-11,394710.9137534577,0.005587393639277183,0.005587393639277183,0.0,0.0,1.0,0.00032342752583769396,455835.0749030261
2021-11-12,394562.18497422035,-0.0003768043245194752,-0.0003768043245194752,0.0,0.0,1.0,0.007547032892548877,459275.2772068967
2021-11-15,395025.5552744675,0.001174391053915591,0.001174391053915591,0.0,0.0,1.0,0.0003424245328649267,459432.5443291507
2021-11-16,394212.9622538442,-0.002057064434878741,-0.002057064434878741,0.0,0.0,1.0,0.003957632436584646,461250.8094690104
2021-11-17,391727.62429530657,-0.006304556664824323,-0.006304556664824323,0.0,0.0,1.0,-0.002429082518685899,460130.3931909995
2021-11-18,391630.53440454655,-0.00024785050820615623,-0.00024785050820615623,0.0,0.0,1.0,0.003396398209074558,461693.1792343742
2021-11-19,387575.49875410454,-0.010354237716952836,-0.010354237716952836,0.0,0.0,1.0,-0.001788175453361407,460867.5908242829
2021-11-22,387317.77249062783,-0.0006649704749274545,-0.0006649704749274545,0.0,0.0,1.0,-0.002815311328674519,459570.1050748164
2021-11-23,390474.61635491333,0.008150526747031317,0.008150526747031317,0.0,0.0,1.0,0.0013260786274829073,460179.53116898617
2021-11-24,391705.3742216551,0.003151953584668058,0.003151953584668058,0.0,0.0,1.0,0.00266984800671044,461408.1405730066
2021-11-26,375366.4385401438,-0.041712309191513766,-0.041712309191513766,0.0,0.0,1.0,-0.022303220267405388,451117.2531806329
2021-11-29,376214.66717968317,0.0022597348948892497,0.0022597348948892497,0.0,0.0,1.0,0.012266693103688553,456650.97007917875
2021-11-30,367840.371768686,-0.022259353878400424,-0.022259353878400424,0.0,0.0,1.0,-0.019457539941216462,447765.66558966786
2021-12-01,362539.97948917694,-0.014409490328707529,-0.014076156995374196,0.6666666666666666,0.0003333333333333333,1.0,-0.011107356249736577,442792.17282556306
2021-12-02,368100.9709779922,0.015338974467452655,0.015338974467452655,0.0,0.0,1.0,0.015316297628443332,449574.1095321045
2021-12-03,365684.79366548435,-0.0065638982317500014,-0.0065638982317500014,0.0,0.0,1.0,-0.008701221074203791,445662.2658158274
2021-12-06,370924.6399898905,0.014328860305849567,0.014328860305849567,0.0,0.0,1.0,0.011843367128660631,450940.407645275
2021-12-07,378298.9544704343,0.019880896779315517,0.019880896779315517,0.0,0.0,1.0,0.02068479585105143,460268.0179184074
2021-12-08,381460.5528203107,0.008357407052055343,0.008357407052055343,0.0,0.0,1.0,0.0026480662353658424,461486.8381158759
2021-12-09,375819.79840798234,-0.014787254856691412,-0.014787254856691412,0.0,0.0,1.0,-0.0067516180806330706,458371.0552356786
2021-12-10,379000.77424486366,0.008464098619488158,0.008464098619488158,0.0,0.0,1.0,0.009413475525822168,462685.9199458849
2021-12-13,377740.47024815116,-0.0033253335675198503,-0.0033253335675198503,0.0,0.0,1.0,-0.00885849821140905,458587.21755160013
2021-12-14,373706.32674452564,-0.01067966982985787,-0.01067966982985787,0.0,0.0,1.0,-0.006879972989074279,455432.1498817104
2021-12-15,378916.86856524454,0.013942878265159681,0.013942878265159681,0.0,0.0,1.0,0.015625039511626415,462548.2952184771
2021-12-16,376376.03649312037,-0.006705513221791765,-0.006705513221791765,0.0,0.0,1.0,-0.008818529999704672,458469.2992007807
2021-12-17,374107.65726863994,-0.006026895988426872,-0.006026895988426872,0.0,0.0,1.0,-0.010642823021628112,453589.8915885369
2021-12-20,371055.45585853787,-0.008158617849167419,-0.008158617849167419,0.0,0.0,1.0,-0.010633322634207909,448766.72392766055
2021-12-21,377829.8290197636,0.018257036931451122,0.018257036931451122,0.0,0.0,1.0,0.017758887570411108,456736.3217232336
2021-12-22,382143.67232567404,0.011417423862753498,0.011417423862753498,0.0,0.0,1.0,0.00999882118777351,461303.14653410565
2021-12-23,383650.92803056753,0.003944212122421427,0.003944212122421427,0.0,0.0,1.0,0.006221845642221835,464173.30350611213
2021-12-27,389544.86285400536,0.015362753984966782,0.015362753984966782,0.0,0.0,1.0,0.014152122515128873,470742.34096558276
2021-12-28,389173.10235688277,-0.0009543457829191968,-0.0009543457829191968,0.0,0.0,1.0,-0.0008169952407410808,470357.7467133986
2021-12-29,390648.06463661615,0.0037899902917258865,0.0037899902917258865,0.0,0.0,1.0,0.001279069656721532,470959.3670350236
2021-12-30,390203.4593505852,-0.0011381223312716404,-0.0011381223312716404,0.0,0.0,1.0,-0.0027644942696757324,469657.40256360517
2021-12-31,389128.1091270228,-0.0027558705536647743,-0.0027558705536647743,0.0,0.0,1.0,-0.002520131146540483,468473.8043152013
2022-01-03,389858.6523325064,0.001877384820959116,0.001877384820959116,0.0,0.0,1.0,0.0057899544277022486,471186.2462927586
2022-01-04,389572.44048603077,-0.0007341426046675317,-0.0007341426046675317,0.0,0.0,1.0,-0.00033499058848895924,471028.4033348251
2022-01-05,381313.1536285138,-0.021200901293768948,-0.021200901293768948,0.0,0.0,1.0,-0.019202058593690063,461983.68833469757
2022-01-06,382426.1056571481,0.002918734950640211,0.002918734950640211,0.0,0.0,1.0,-0.0009393322258468562,461549.7321684292
2022-01-07,380441.7075527515,-0.005188971346468785,-0.005188971346468785,0.0,0.0,1.0,-0.003953825824144053,459724.84491825494
2022-01-10,379256.86163224286,-0.0031143954434712144,-0.0031143954434712144,0.0,0.0,1.0,-0.0012442154939483752,459152.84814325464
2022-01-11,383801.241431217,0.011982327173768384,0.011982327173768384,0.0,0.0,1.0,0.009108371216657973,463334.98272932926
2022-01-12,385467.79168190365,0.004342222147255104,0.004342222147255104,0.0,0.0,1.0,0.002703725312168892,464587.7132501479
2022-01-13,380638.1005899949,-0.0125294283883887,-0.0125294283883887,0.0,0.0,1.0,-0.013778886279223523,458186.2119825495
2022-01-14,381931.4784020131,0.0033979199928054387,0.0033979199928054387,0.0,0.0,1.0,0.0004090793410742588,458373.6464962366
2022-01-18,378418.51259286597,-0.009197895454559697,-0.009197895454559697,0.0,0.0,1.0,-0.017709612274034003,450256.0269401532
2022-01-19,376022.4304195704,-0.0063318312755841575,-0.0063318312755841575,0.0,0.0,1.0,-0.010383376593553928,445580.84904891625
2022-01-20,372333.1660572832,-0.009811288007927483,-0.009811288007927483,0.0,0.0,1.0,-0.011068197115600364,440649.0723807063
2022-01-21,368698.7269045421,-0.009761255467050828,-0.009761255467050828,0.0,0.0,1.0,-0.01963066782835432,431998.8368119282
2022-01-24,369215.76500255876,0.001402332203198816,0.001402332203198816,0.0,0.0,1.0,0.004246725518179506,433833.41729604127
2022-01-25,366993.34799102956,-0.006019290675504699,-0.006019290675504699,0.0,0.0,1.0,-0.01220898237120227,428536.75275223545
2022-01-26,365167.42139850755,-0.004975366999204274,-0.004975366999204274,0.0,0.0,1.0,-0.0025087351476361652,427461.6675385521
2022-01-27,362530.8974900749,-0.007220041421919009,-0.007220041421919009,0.0,0.0,1.0,-0.004937887615384162,425350.909864362
2022-01-28,370340.78632162063,0.021542684735608015,0.021542684735608015,0.0,0.0,1.0,0.024835347208324032,435914.6473962199
2022-01-31,376247.8094379247,0.015950236469968775,0.015950236469968775,0.0,0.0,1.0,0.018010864348293243,443765.84697790735
2022-02-01,377024.7261062798,0.002064906821692284,0.0023982401550256176,0.6666666666666666,0.0003333333333333333,1.0,0.006757095772381705,446764.41530644917
2022-02-02,380350.7161096368,0.008821676068055506,0.008821676068055506,0.0,0.0,1.0,0.009714098557489281,451104.32886871503
2022-02-03,376303.03224078944,-0.01064197777842657,-0.01064197777842657,0.0,0.0,1.0,-0.02350515738811476,440501.05062019604
2022-02-04,376647.97106467217,0.0009166517256816351,0.0009166517256816351,0.0,0.0,1.0,0.004702320026179541,442572.4275320805
2022-02-07,376340.72139251465,-0.0008157475833175571,-0.0008157475833175571,0.0,0.0,1.0,-0.0032093338783540926,441152.0648467764
2022-02-08,375690.15377008595,-0.0017286665658223417,-0.0017286665658223417,0.0,0.0,1.0,0.00822795696803813,444781.8450526968
2022-02-09,381624.4028440924,0.015795593827668226,0.015795593827668226,0.0,0.0,1.0,0.014636061296953384,451291.6994006601
2022-02-10,375669.5234885504,-0.015604031899330129,-0.015604031899330129,0.0,0.0,1.0,-0.017965476444489203,443184.0290054841
2022-02-11,373926.9752646173,-0.004638513680192561,-0.004638513680192561,0.0,0.0,1.0,-0.019718982696949272,434444.8908059607
2022-02-14,373031.6420032573,-0.0023944067173180166,-0.0023944067173180166,0.0,0.0,1.0,-0.003269005484939691,433024.688075012
2022-02-15,374122.54789731203,0.0029244325982544046,0.0029244325982544046,0.0,0.0,1.0,0.016126764689086137,440007.97532416263
2022-02-16,375005.6462917732,0.0023604522085730233,0.0023604522085730233,0.0,0.0,1.0,0.0011206053610057776,440501.0506201962
2022-02-17,372046.9817533194,-0.007889653309784602,-0.007889653309784602,0.0,0.0,1.0,-0.02136113605739487,431091.44774447277
2022-02-18,370978.19339704455,-0.0028727241684316134,-0.0028727241684316134,0.0,0.0,1.0,-0.006475181685927867,428300.05229707767
2022-02-22,370963.0546694631,-4.080759422231406e-05,-4.080759422231406e-05,0.0,0.0,1.0,-0.010731692305669838,423703.6679213231
2022-02-23,367882.8352692537,-0.00830330503654575,-0.00830330503654575,0.0,0.0,1.0,-0.017738659874221185,416187.7326686068
2022-02-24,372306.0019397684,0.012023302656339958,0.012023302656339958,0.0,0.0,1.0,0.015049143023701417,422451.00138224673
2022-02-25,376160.7886304015,0.010353812913434474,0.010353812913434474,0.0,0.0,1.0,0.022063993555344608,431771.95755419345
2022-02-28,376109.8792771011,-0.0001353393411518038,-0.0001353393411518038,0.0,0.0,1.0,-0.0025583986158418393,430667.3127756275
2022-03-01,378582.35479750746,0.006573811688112367,0.006573811688112367,0.0,0.0,1.0,-0.015230281185964145,424108.1285044511
2022-03-02,387383.50779808365,0.02324765771316439,0.02324765771316439,0.0,0.0,1.0,0.01839609551396415,431910.0621446676
2022-03-03,389207.1136560476,0.004707494824261952,0.004707494824261952,0.0,0.0,1.0,-0.004978430922474741,429759.8277355586
2022-03-04,394203.1570123824,0.012836464650925989,0.012836464650925989,0.0,0.0,1.0,-0.008124788267706573,426268.1201292412
2022-03-07,390602.8292952057,-0.009133178294316924,-0.009133178294316924,0.0,0.0,1.0,-0.029479056907933288,413702.1379579135
2022-03-08,391201.78383430257,0.0015334106518829493,0.0015334106518829493,0.0,0.0,1.0,-0.007581804998050945,410565.52902063983
2022-03-09,386345.30500825495,-0.012414255319716627,-0.012414255319716627,0.0,0.0,1.0,0.026810850132548136,421573.13988880254
2022-03-10,384540.01128852204,-0.004672746624148404,-0.004672746624148404,0.0,0.0,1.0,-0.004515659527452032,419669.45912314585
2022-03-11,384101.2625258493,-0.001140970379655955,-0.001140970379655955,0.0,0.0,1.0,-0.012714800182003771,414333.4458079054
2022-03-14,378418.35733964085,-0.014795330660559786,-0.014795330660559786,0.0,0.0,1.0,-0.007308354981212739,411305.34990535217
2022-03-15,378936.17352617416,0.0013683696271336405,0.0013683696271336405,0.0,0.0,1.0,0.02199026830603823,420350.06490547984
2022-03-16,382158.7035580471,0.008504149925529206,0.008504149925529206,0.0,0.0,1.0,0.022174270804603546,429671.0210774267
2022-03-17,391835.20800281875,0.025320643896579172,0.025320643896579172,0.0,0.0,1.0,0.012510934550095998,435046.60710019927
2022-03-18,393879.2211643351,0.005216512247418148,0.005216512247418148,0.0,0.0,1.0,0.010952721381422226,439811.5513757008
2022-03-21,397948.81574336876,0.010332087503889217,0.010332087503889217,0.0,0.0,1.0,-0.0002922599909382928,439683.0120556812
2022-03-22,399540.7856259834,0.004000438799248163,0.004000438799248163,0.0,0.0,1.0,0.011701165925677381,444827.8159344463
2022-03-23,399639.6832541818,0.00024752824181266007,0.00024752824181266007,0.0,0.0,1.0,-0.012878109457745479,439099.2746309927
2022-03-24,401170.1469263703,0.003829608860977458,0.003829608860977458,0.0,0.0,1.0,0.015074202041007734,445718.34581284015
2022-03-25,404484.84206984076,0.00826256681576772,0.00826256681576772,0.0,0.0,1.0,0.004883556802057987,447895.03667233646
2022-03-28,401020.34991956153,-0.00856519649179096,-0.00856519649179096,0.0,0.0,1.0,0.007113137230001287,451080.9755328233
2022-03-29,407110.5660768099,0.015186800765771613,0.015186800765771613,0.0,0.0,1.0,0.012370868909696409,456661.2391487978
2022-03-30,407735.8474376063,0.0015359005953150913,0.0015359005953150913,0.0,0.0,1.0,-0.006174895283527437,453841.4038170081
2022-03-31,401475.60872001335,-0.015353662811192843,-0.015353662811192843,0.0,0.0,1.0,-0.015391224008643123,446856.22910646343
2022-04-01,403968.47151391715,0.006209250922743567,0.0065425842560769,0.6666666666666666,0.0003333333333333333,1.0,0.0028338569735546493,448122.5557474931
2022-04-04,406529.7771825953,0.006340360323367155,0.006340360323367155,0.0,0.0,1.0,0.00856663981976924,451961.46027769643
2022-04-05,403899.9411537901,-0.006468987455312361,-0.006468987455312361,0.0,0.0,1.0,-0.012631242768703421,446252.6253508312
2022-04-06,404748.73952419223,0.0021015065463426317,0.0021015065463426317,0.0,0.0,1.0,-0.009999301760781565,441790.41068840725
2022-04-07,404380.43039298506,-0.0009099698040817561,-0.0009099698040817561,0.0,0.0,1.0,0.0050389974141720195,444016.5914254721
2022-04-08,407132.007012879,0.0068044257661526615,0.0068044257661526615,0.0,0.0,1.0,-0.002673947824262557,442829.31422689353
2022-04-11,405228.9468826323,-0.004674307343727017,-0.004674307343727017,0.0,0.0,1.0,-0.017092382696164976,435260.30611904716
2022-04-12,410093.7113058021,0.012004977582656949,0.012004977582656949,0.0,0.0,1.0,-0.003705120314431376,433647.6143167799
2022-04-13,414724.37201034557,0.011291713520304409,0.011291713520304409,0.0,0.0,1.0,0.011453554702182345,438614.420988828
2022-04-14,414713.6255897865,-2.5912199244267683e-05,-2.5912199244267683e-05,0.0,0.0,1.0,-0.012451814696528452,433152.87549545005
2022-04-18,416156.68496040226,0.0034796526604677545,0.0034796526604677545,0.0,0.0,1.0,0.00041122933790460614,433331.0006656515
2022-04-19,413519.947719176,-0.006335924272073412,-0.006335924272073412,0.0,0.0,1.0,0.016142532795864195,440326.0605553615
2022-04-20,416635.9620081824,0.0075353421429685446,0.0075353421429685446,0.0,0.0,1.0,-0.0007415659676218711,439999.5297341966
2022-04-21,414978.57107173494,-0.00397803139330292,-0.00397803139330292,0.0,0.0,1.0,-0.014953421605450545,433420.03125988116
2022-04-22,408558.3641486892,-0.015471176997079079,-0.015471176997079079,0.0,0.0,1.0,-0.027439133980566188,421527.3609522801
2022-04-25,404760.3703770613,-0.009296086201886229,-0.009296086201886229,0.0,0.0,1.0,0.005797599041747814,423971.20757620747
2022-04-26,404600.1913263904,-0.00039573797830479585,-0.00039573797830479585,0.0,0.0,1.0,-0.02896079727872003,411692.66338157875
2022-04-27,403629.6616973348,-0.002398737444670895,-0.002398737444670895,0.0,0.0,1.0,0.002811781149324899,412850.25305179047
2022-04-28,407958.6373388932,0.010725117731324119,0.010725117731324119,0.0,0.0,1.0,0.025259328527641234,423278.5732263454
2022-04-29,400672.51931896195,-0.017859943026230507,-0.017859943026230507,0.0,0.0,1.0,-0.03695552114202538,407636.09296451294
2022-05-02,400155.2029057464,-0.0012911202747191892,-0.000957786941385856,0.6666666666666666,0.0003333333333333333,1.0,0.006019260472021282,410089.76078586344
2022-05-03,400562.4188431394,0.0010176449898338835,0.0010176449898338835,0.0,0.0,1.0,0.004583990497826651,411969.6083525619
2022-05-04,410329.2771871722,0.024382862406913564,0.024382862406913564,0.0,0.0,1.0,0.030453207414602224,424515.40428423486
2022-05-05,401098.3680640168,-0.022496345341072845,-0.022496345341072845,0.0,0.0,1.0,-0.0355429418717198,409426.8779461107
2022-05-06,398855.3153855947,-0.005592275753323661,-0.005592275753323661,0.0,0.0,1.0,-0.005968867127912336,406983.0633130544
2022-05-09,382729.4490055737,-0.040430365994825114,-0.040430365994825114,0.0,0.0,1.0,-0.03201727736139004,393952.5736935722
2022-05-10,379944.32012851257,-0.00727701744482323,-0.00727701744482323,0.0,0.0,1.0,0.002310441217777681,394862.77795768343
2022-05-11,380774.2027628335,0.0021842217144875486,0.0021842217144875486,0.0,0.0,1.0,-0.01588603014360468,388589.97596446023
2022-05-12,382231.62165673485,0.0038275147930888114,0.0038275147930888114,0.0,0.0,1.0,-0.001043887569027846,388184.3317191021
2022-05-13,390393.40147138125,0.021352968598647548,0.021352968598647548,0.0,0.0,1.0,0.023907836860080467,397464.97939348174
2022-05-16,391180.74957277975,0.0020168068887206343,0.0020168068887206343,0.0,0.0,1.0,-0.004057604739090448,395852.2236094722
2022-05-17,394220.3526361831,0.007770328848551406,0.007770328848551406,0.0,0.0,1.0,0.020570293372055737,403995.0199810997
2022-05-18,382263.7077682769,-0.030329851789617297,-0.030329851789617297,0.0,0.0,1.0,-0.040311449222537044,387709.3952469738
2022-05-19,382535.52345879684,0.0007110685241527395,0.0007110685241527395,0.0,0.0,1.0,-0.006124572750280222,385334.8408498165
2022-05-20,383585.7534074723,0.0027454442379088264,0.0027454442379088264,0.0,0.0,1.0,0.00043644122323094336,385503.0168591105
2022-05-23,388421.5462247935,0.012606810274791972,0.012606810274791972,0.0,0.0,1.0,0.018709990459243375,392715.774626554
2022-05-24,388434.47767383244,3.329230616740597e-05,3.329230616740597e-05,0.0,0.0,1.0,-0.007633674843412375,389717.9100971761
2022-05-25,391595.8476762455,0.00813874716102747,0.00813874716102747,0.0,0.0,1.0,0.008834968511331365,393161.0555611865
2022-05-26,395791.9470027435,0.010715382584871442,0.010715382584871442,0.0,0.0,1.0,0.01998130317778446,401016.9258100524
2022-05-27,404134.4865317389,0.02107809315518372,0.02107809315518372,0.0,0.0,1.0,0.024548965705398773,410861.4765690477
2022-05-31,400797.60301870015,-0.00825686404957852,-0.00825686404957852,0.0,0.0,1.0,-0.005610879317547113,408556.1824077896
2022-06-01,399260.6284166882,-0.0038347899050191017,-0.0038347899050191017,0.0,0.0,1.0,-0.008088544818332544,405251.55741557735
2022-06-02,406658.9335392361,0.01853001422125359,0.01853001422125359,0.0,0.0,1.0,0.019043593068210685,412969.0031652582
2022-06-03,403906.4327292068,-0.006768573325252342,-0.006768573325252342,0.0,0.0,1.0,-0.016411619088875007,406191.5131897976
2022-06-06,404477.3848229925,0.0014135751439454667,0.0014135751439454667,0.0,0.0,1.0,0.003044788076528082,407428.28026594484
2022-06-07,408527.23109098134,0.010012540675818544,0.010012540675818544,0.0,0.0,1.0,0.009592198098473448,411336.4130411761
2022-06-08,405123.7086313357,-0.008331200959496429,-0.008331200959496429,0.0,0.0,1.0,-0.01087204465477376,406864.345190458
2022-06-09,398932.25344078266,-0.01528287547393899,-0.01528287547393899,0.0,0.0,1.0,-0.023782803443176737,397187.97044075653
2022-06-10,390821.5694746369,-0.020330980752223615,-0.020330980752223615,0.0,0.0,1.0,-0.02899586699577772,385671.1608775335
2022-06-13,377897.8338851576,-0.03306812263932124,-0.03306812263932124,0.0,0.0,1.0,-0.03796813165729662,371027.9474649129
2022-06-14,375168.38255756977,-0.0072227228706933655,-0.0072227228706933655,0.0,0.0,1.0,-0.0030132095963314454,369909.96249310445
2022-06-15,380000.3651086401,0.012879503646149683,0.012879503646149683,0.0,0.0,1.0,0.014256180389406348,375183.4656462447
2022-06-16,373034.93774475896,-0.018330054398473423,-0.018330054398473423,0.0,0.0,1.0,-0.03309589524199241,362766.4329706889
2022-06-17,369809.4430288475,-0.008646629013924694,-0.008646629013924694,0.0,0.0,1.0,0.0021556152436672527,363548.4178234913
2022-06-21,374326.21864161646,0.012213791989126161,0.012213791989126161,0.0,0.0,1.0,0.02517359445905676,372700.2382600116
2022-06-22,373459.0759068632,-0.0023165428750890893,-0.0023165428750890893,0.0,0.0,1.0,-0.0018130151518350734,372024.5270809537
2022-06-23,374250.4638297112,0.0021190753523027865,0.0021190753523027865,0.0,0.0,1.0,0.009802577743870389,375671.32643029134
2022-06-24,382053.0358476665,0.020848529987408677,0.020848529987408677,0.0,0.0,1.0,0.03179379104917879,387615.34208598384
2022-06-27,381099.347873012,-0.002496218810402887,-0.002496218810402887,0.0,0.0,1.0,-0.0038195225064532323,386134.83656303986
2022-06-28,378476.483751826,-0.006882363183838355,-0.006882363183838355,0.0,0.0,1.0,-0.020432874236847143,378244.99200908176
2022-06-29,375425.79200386646,-0.008060452574802479,-0.008060452574802479,0.0,0.0,1.0,-0.0008143930631878682,377936.95191140403
2022-06-30,370306.5792044181,-0.013635751481335593,-0.013635751481335593,0.0,0.0,1.0,-0.008124328121958069,374866.4681046631
2022-07-01,372904.79878754745,0.007016401352391566,0.007349734685724899,0.6666666666666666,0.0003333333333333333,1.0,0.010576535767439887,378831.2567125859
2022-07-05,361561.9838996839,-0.030417454869830676,-0.030417454869830676,0.0,0.0,1.0,0.0018885554670278193,379546.70055353147
2022-07-06,357645.2951894046,-0.010832689510205884,-0.010832689510205884,0.0,0.0,1.0,0.003377297738688112,380828.54276703746
2022-07-07,362977.3770848853,0.014908855134406023,0.014908855134406023,0.0,0.0,1.0,0.01497720821270443,386532.29114540014
2022-07-08,364514.28524257516,0.004234170652818467,0.004234170652818467,0.0,0.0,1.0,-0.0008225891471367319,386214.33387768606
2022-07-11,363366.0459371378,-0.0031500529661636634,-0.0031500529661636634,0.0,0.0,1.0,-0.011423597254022755,381802.3768737367
2022-07-12,356948.4222501378,-0.017661594303476098,-0.017661594303476098,0.0,0.0,1.0,-0.008848881277488618,378423.85296931805
2022-07-13,357616.63341104885,0.0018720104061500003,0.0018720104061500003,0.0,0.0,1.0,-0.005251700887301869,376436.48408490286
2022-07-14,353771.35612532473,-0.010752512401469794,-0.010752512401469794,0.0,0.0,1.0,-0.002428657031186443,375522.24897103495
2022-07-15,357058.1279549393,0.009290666903089512,0.009290666903089512,0.0,0.0,1.0,0.0191052134022478,382696.6816749186
2022-07-18,358558.90680043516,0.00420317793657754,0.00420317793657754,0.0,0.0,1.0,-0.008257009881728838,379536.751392624
2022-07-19,362407.06845732447,0.010732299725107955,0.010732299725107955,0.0,0.0,1.0,0.027019343036038368,389791.5850732849
2022-07-20,360892.8450948769,-0.004178239041786047,-0.004178239041786047,0.0,0.0,1.0,0.00637319839208339,392275.8041765216
2022-07-21,361525.5570372933,0.0017531850548329797,0.0017531850548329797,0.0,0.0,1.0,0.010182988793860037,396270.34429455356
2022-07-22,361019.17234862305,-0.0014006884957735721,-0.0014006884957735721,0.0,0.0,1.0,-0.00927804690440337,392593.7294533646
2022-07-25,363069.0429525561,0.005678010368805552,0.005678010368805552,0.0,0.0,1.0,0.0012148739555029042,393070.6813503713
2022-07-26,363292.16069407255,0.0006145325409790587,0.0006145325409790587,0.0,0.0,1.0,-0.011830831440541423,388420.32837509626
2022-07-27,368020.18963848084,0.013014398481308621,0.013014398481308621,0.0,0.0,1.0,0.02596626688132253,398506.15428381495
2022-07-28,373585.3600152843,0.015121915953226317,0.015121915953226317,0.0,0.0,1.0,0.012542395277273188,403504.37599126855
2022-07-29,375180.90151571657,0.004270888721032762,0.004270888721032762,0.0,0.0,1.0,0.014578720077760288,409386.95333899657
2022-08-01,372340.1213820144,-0.007571761041741546,-0.007571761041741546,0.0,0.0,1.0,-0.0029613206790063407,408174.6272883584
2022-08-02,369379.21646767517,-0.007952151122874469,-0.007952151122874469,0.0,0.0,1.0,-0.00659725370847164,405481.79571477626
2022-08-03,369008.9185976288,-0.001002487020215918,-0.001002487020215918,0.0,0.0,1.0,0.015659583546155265,411831.47177121683
2022-08-04,369537.2973211019,0.0014318860516462728,0.0014318860516462728,0.0,0.0,1.0,-0.0006756564657403041,411553.21517451934
2022-08-05,368050.5018648881,-0.00402339754875088,-0.00402339754875088,0.0,0.0,1.0,-0.001690050019013234,410857.6696553887
2022-08-08,371666.1748431905,0.009823850150949479,0.009823850150949479,0.0,0.0,1.0,-0.0011610246418155556,410380.65377663984
2022-08-09,373760.11347112537,0.005633923046180525,0.005633923046180525,0.0,0.0,1.0,-0.003970905955735349,408751.0707944395
2022-08-10,377057.91454948,0.008823309281795347,0.008823309281795347,0.0,0.0,1.0,0.021003957387566885,417336.4608675283
2022-08-11,378867.77850869595,0.004799962789213426,0.004799962789213426,0.0,0.0,1.0,0.0,417336.4608675283
2022-08-12,381527.535215729,0.007020276882616786,0.007020276882616786,0.0,0.0,1.0,0.016928920854309304,424401.5167831722
2022-08-15,378843.90502129286,-0.007033909604764687,-0.007033909604764687,0.0,0.0,1.0,0.004120807469615517,426150.39372364845
2022-08-16,376867.95429894107,-0.005215738451013825,-0.005215738451013825,0.0,0.0,1.0,0.001958711808422775,426985.099531999
2022-08-17,375796.0938770294,-0.0028441272591233817,-0.0028441272591233817,0.0,0.0,1.0,-0.007097950624750271,423954.3803780168
2022-08-18,376549.2909474239,0.0020042706208676466,0.0020042706208676466,0.0,0.0,1.0,0.002906502278274381,425186.60475046997
2022-08-19,374259.3001591969,-0.006081516665362015,-0.006081516665362015,0.0,0.0,1.0,-0.013438169185726156,419472.8752203287
2022-08-22,371816.4003814021,-0.0065272921120616,-0.0065272921120616,0.0,0.0,1.0,-0.02082233218540075,410738.47166972584
2022-08-23,373126.30084130546,0.0035229765512217277,0.0035229765512217277,0.0,0.0,1.0,-0.0024193020770699736,409744.7712320827
2022-08-24,375513.1206359024,0.006396814668961321,0.006396814668961321,0.0,0.0,1.0,0.0032009236598680157,411056.33296482667
2022-08-25,375993.19574189815,0.001278450950482883,0.001278450950482883,0.0,0.0,1.0,0.014117714630105471,416859.50897052174
2022-08-26,371833.99934811355,-0.011061892717440774,-0.011061892717440774,0.0,0.0,1.0,-0.03384907667557624,402749.19948843546
2022-08-29,372611.074259037,0.002089843619157353,0.002089843619157353,0.0,0.0,1.0,-0.006612333575651608,400086.0874340913
2022-08-30,366410.54003154754,-0.016640767427054077,-0.016640767427054077,0.0,0.0,1.0,-0.01097770412220822,395694.0607428279
2022-08-31,362334.81263745605,-0.011123390156136318,-0.011123390156136318,0.0,0.0,1.0,-0.007609203936819964,392683.14393804735
2022-09-01,358911.1574798193,-0.00944887170160576,-0.00944887170160576,0.0,0.0,1.0,0.0031380424200702084,393915.40030137147
2022-09-02,359103.46845031093,0.000535817754571899,0.000535817754571899,0.0,0.0,1.0,-0.010544636484133618,389761.7055996915
2022-09-06,358777.23008496256,-0.0009084801290175633,-0.0009084801290175633,0.0,0.0,1.0,-0.0037729626613109968,388291.149237655
2022-09-07,359479.5467921843,0.0019575286510111027,0.0019575286510111027,0.0,0.0,1.0,0.01796489426500103,395266.7586777452
2022-09-08,359577.25094933785,0.0002717933691230858,0.0002717933691230858,0.0,0.0,1.0,0.006536220669297599,397850.30943570094
2022-09-09,364911.2858504026,0.014834183438974986,0.014834183438974986,0.0,0.0,1.0,0.0155352405886926,404031.00971107034
2022-09-12,368385.22435777093,0.00951995359439898,0.00951995359439898,0.0,0.0,1.0,0.010747632619696024,408373.38657040976
2022-09-13,361470.8041006014,-0.018769537429803064,-0.018769537429803064,0.0,0.0,1.0,-0.04348229694382666,390616.3737115991
2022-09-14,360151.9677777951,-0.0036485279249254265,-0.0036485279249254265,0.0,0.0,1.0,0.003815730151196739,392106.86038632155
2022-09-15,352190.0287732369,-0.0221071650772446,-0.0221071650772446,0.0,0.0,1.0,-0.011353093082097199,387655.23470222676
2022-09-16,352431.3410015528,0.0006851762077319338,0.0006851762077319338,0.0,0.0,1.0,-0.007629016207141293,384697.8066339003
2022-09-19,352730.4240758621,0.0008486279156086165,0.0008486279156086165,0.0,0.0,1.0,0.007754857554990391,387681.08332606347
2022-09-20,349062.1389586655,-0.010399684480881835,-0.010399684480881835,0.0,0.0,1.0,-0.01147832679827876,383231.1531581362
2022-09-21,347063.8098101345,-0.005724852183890405,-0.005724852183890405,0.0,0.0,1.0,-0.017443791591742808,376546.1487909824
2022-09-22,345853.99769137887,-0.0034858492431622716,-0.0034858492431622716,0.0,0.0,1.0,-0.008400036532240751,373383.1473850635
2022-09-23,338432.95503169927,-0.02145715449066954,-0.02145715449066954,0.0,0.0,1.0,-0.01675492541566659,367127.14059916
2022-09-26,331325.7440221541,-0.021000351484327218,-0.021000351484327218,0.0,0.0,1.0,-0.009892648107175384,363495.280986619
2022-09-27,331258.81835147867,-0.00020199357243696082,-0.00020199357243696082,0.0,0.0,1.0,-0.002552878252077062,362567.3217890556
2022-09-28,338919.70363066264,0.023126585179856177,0.023126585179856177,0.0,0.0,1.0,0.01967651190783548,369701.38201363
2022-09-29,334882.64008305554,-0.011911563430394456,-0.011911563430394456,0.0,0.0,1.0,-0.020888913694628974,361978.7217519622
2022-09-30,334759.75240253424,-0.0003669574525893369,-0.0003669574525893369,0.0,0.0,1.0,-0.015463546248041249,356381.2470473439
2022-10-03,341982.92135950923,0.021577172599558603,0.021577172599558603,0.0,0.0,1.0,0.026401307996379186,365790.1781147745
2022-10-04,348998.42597013334,0.020514195804676096,0.020514195804676096,0.0,0.0,1.0,0.03098658804875365,377124.7676762973
2022-10-05,348161.20793683693,-0.002398916358918054,-0.002398916358918054,0.0,0.0,1.0,-0.0023284533281214825,376246.65025588433
2022-10-06,345529.29159793584,-0.007559476124573268,-0.007559476124573268,0.0,0.0,1.0,-0.010315649189193143,372365.4218032356
2022-10-07,342703.3556247794,-0.008178571374043393,-0.008178571374043393,0.0,0.0,1.0,-0.027893836116614334,361978.72175196215
2022-10-10,338615.3245409747,-0.011928774599687995,-0.011928774599687995,0.0,0.0,1.0,-0.007635308791475559,359214.9024354423
2022-10-11,337905.7143393629,-0.0020956234115325394,-0.0020956234115325394,0.0,0.0,1.0,-0.006332985681562042,356939.99960171495
2022-10-12,337330.89880365075,-0.0017011122076939036,-0.0017011122076939036,0.0,0.0,1.0,-0.0032985712465039008,355762.6075823016
2022-10-13,340159.0513233087,0.008383911849427514,0.008383911849427514,0.0,0.0,1.0,0.026391196136520856,365151.60833704623
2022-10-14,333677.29699374794,-0.019055069398697572,-0.019055069398697572,0.0,0.0,1.0,-0.022788894297335882,356830.2069321511
2022-10-17,337924.6125861947,0.012728812031003548,0.012728812031003548,0.0,0.0,1.0,0.02569712768172061,365999.7183203814
2022-10-18,338181.7618980153,0.0007609665062645963,0.0007609665062645963,0.0,0.0,1.0,0.011749661626352381,370300.09116598614
2022-10-19,333817.3755823997,-0.012905445554251067,-0.012905445554251067,0.0,0.0,1.0,-0.007086542066732426,367675.94399262354
2022-10-20,333245.16462060256,-0.0017141437314306764,-0.0017141437314306764,0.0,0.0,1.0,-0.008385341114430567,364592.85578267515
2022-10-21,336233.43124887126,0.008967171756778008,0.008967171756778008,0.0,0.0,1.0,0.02430142975497107,373452.98345664213
2022-10-24,336170.876295748,-0.00018604620275545586,-0.00018604620275545586,0.0,0.0,1.0,0.012236699545030039,378022.8154093962
2022-10-25,341457.47164121026,0.0157259171398636,0.0157259171398636,0.0,0.0,1.0,0.01596840508221331,384059.23685617215
2022-10-26,344243.8651216338,0.008160294361200433,0.008160294361200433,0.0,0.0,1.0,-0.007534020875488379,381165.7265482736
2022-10-27,344415.39409971493,0.0004982775162037194,0.0004982775162037194,0.0,0.0,1.0,-0.005339984765201811,379130.30737548874
2022-10-28,344426.0804166598,3.102740797296822e-05,3.102740797296822e-05,0.0,0.0,1.0,0.02379049620532192,388150.00551442784
2022-10-31,342547.894616891,-0.0054530882141583525,-0.0054530882141583525,0.0,0.0,1.0,-0.007223186659951142,385346.32557253604
2022-11-01,344826.41707705235,0.006651690160611513,0.006985023493944846,0.6666666666666666,0.0003333333333333333,1.0,-0.004375738708924604,383660.15073938644
2022-11-02,342177.09069608204,-0.007683072554091322,-0.007683072554091322,0.0,0.0,1.0,-0.025096305692056453,374031.69831457036
2022-11-03,340479.8613927753,-0.004960090401885386,-0.004960090401885386,0.0,0.0,1.0,-0.01029693736461701,370180.3173446439
2022-11-04,349437.70695659483,0.02630947254024455,0.02630947254024455,0.0,0.0,1.0,0.014393200636463765,375508.3969238552
2022-11-07,349082.4730258518,-0.001016587287722507,-0.001016587287722507,0.0,0.0,1.0,0.009565695511989825,379100.39591102424
2022-11-08,350984.99312631716,0.005450059076223979,0.005450059076223979,0.0,0.0,1.0,0.005395321017212407,381145.7642447165
2022-11-09,345290.8665813932,-0.016223276369182783,-0.016223276369182783,0.0,0.0,1.0,-0.020602215641095323,373293.3170190568
2022-11-10,356160.97867665545,0.031481029900627025,0.031481029900627025,0.0,0.0,1.0,0.0549543245653239,393807.3991205884
2022-11-11,360361.3696958742,0.011793518298454984,0.011793518298454984,0.0,0.0,1.0,0.009678397055140397,397618.82349252957
2022-11-14,357810.8521329787,-0.007077666413156472,-0.007077666413156472,0.0,0.0,1.0,-0.008506706903312788,394236.3967018386
2022-11-15,360636.60177615244,0.007897327949471029,0.007897327949471029,0.0,0.0,1.0,0.008529056462731832,397598.8611889725
2022-11-16,358105.74112159637,-0.007017758713595593,-0.007017758713595593,0.0,0.0,1.0,-0.0076289112693315175,394565.61475617456
2022-11-17,354881.22095092497,-0.009004379992825957,-0.009004379992825957,0.0,0.0,1.0,-0.003059667282162226,393358.3752540389
2022-11-18,353762.5702853517,-0.003152183320875042,-0.003152183320875042,0.0,0.0,1.0,0.004540435526897202,395144.39359584486
2022-11-21,352252.79748213297,-0.004267757332272174,-0.004267757332272174,0.0,0.0,1.0,-0.003636235278039912,393707.55561193195
2022-11-22,355188.43161002256,0.008333884496796617,0.008333884496796617,0.0,0.0,1.0,0.013457034411343605,399005.6917358077
2022-11-23,355036.41468741745,-0.00042798950944430113,-0.00042798950944430113,0.0,0.0,1.0,0.006301710821723816,401520.1102213487
2022-11-25,354069.2467680258,-0.0027241372416492897,-0.0027241372416492897,0.0,0.0,1.0,-0.00022380537011779111,401430.2478644709
2022-11-28,350538.16733677057,-0.009972849840778989,-0.009972849840778989,0.0,0.0,1.0,-0.0159569343196575,395024.65176537365
2022-11-29,352434.08202335285,0.005408582754302079,0.005408582754302079,0.0,0.0,1.0,-0.0017174381397926375,394346.22136227356
2022-11-30,360275.1893381734,0.022248436558133466,0.022248436558133466,0.0,0.0,1.0,0.03150045964755277,406768.3085954608
2022-12-01,361782.21768519236,0.0041829923114809296,0.0041829923114809296,0.0,0.0,1.0,-0.00073581590194427,406469.00200558925
2022-12-02,359942.4205393498,-0.005085371961104812,-0.005085371961104812,0.0,0.0,1.0,-0.0011537267957003605,406000.04782635387
2022-12-05,352617.0139137134,-0.020351606833836855,-0.020351606833836855,0.0,0.0,1.0,-0.017989189608294653,398696.43598502886
2022-12-06,349368.8109038042,-0.009211702446961493,-0.009211702446961493,0.0,0.0,1.0,-0.014414957001301243,392949.24400373263
2022-12-07,349642.2907582304,0.000782782680911735,0.000782782680911735,0.0,0.0,1.0,-0.0017012712029991217,392280.73077066883
2022-12-08,350458.6010534492,0.002334701255527779,0.002334701255527779,0.0,0.0,1.0,0.007834030091163457,395353.86981970986
2022-12-09,350146.6892534025,-0.0008900104009692913,-0.0008900104009692913,0.0,0.0,1.0,-0.007469938909241303,392400.6005646245
2022-12-12,352133.9012909436,0.00567537006212541,0.00567537006212541,0.0,0.0,1.0,0.014417148254633139,398057.8981981717
2022-12-13,356969.1047114851,0.013731150005197682,0.013731150005197682,0.0,0.0,1.0,0.007569642957458544,401071.05436392827
2022-12-14,356838.61459799367,-0.0003655501604176896,-0.0003655501604176896,0.0,0.0,1.0,-0.006393531108242589,398506.79410123685
2022-12-15,350542.5271317973,-0.017644075524980374,-0.017644075524980374,0.0,0.0,1.0,-0.024461480798057877,388758.7278094338
2022-12-16,348700.27277663635,-0.005255437536308602,-0.005255437536308602,0.0,0.0,1.0,-0.011806361938276555,384168.90156225173
2022-12-19,347169.3533210942,-0.004390359214094437,-0.004390359214094437,0.0,0.0,1.0,-0.008479516190922798,380911.3351414056
2022-12-20,349779.1489188095,0.007517355932340929,0.007517355932340929,0.0,0.0,1.0,0.0013684529846451632,381432.59439486504
2022-12-21,352830.3863120159,0.008723325568828155,0.008723325568828155,0.0,0.0,1.0,0.014952399403849848,387135.9268919037
2022-12-22,348236.35230287164,-0.013020516903783991,-0.013020516903783991,0.0,0.0,1.0,-0.01426622429543567,381612.9589260424
2022-12-23,351373.1307801337,0.00900761352603981,0.00900761352603981,0.0,0.0,1.0,0.005752209273550246,383808.0765272837
2022-12-27,352949.48363828793,0.004486264657329782,0.004486264657329782,0.0,0.0,1.0,-0.003943429527586084,382294.55642538
2022-12-28,349625.7186589113,-0.009417112457891858,-0.009417112457891858,0.0,0.0,1.0,-0.012427831232404984,377543.4641970583
2022-12-29,352233.0150954113,0.007457393141731661,0.007457393141731661,0.0,0.0,1.0,0.018000355883947883,384339.38091426383
2022-12-30,353530.3798042741,0.003683256972693079,0.003683256972693079,0.0,0.0,1.0,-0.002634252794211589,383326.93382616487
2023-01-03,352619.637974344,-0.002576134561432204,-0.0022428012280988705,0.6666666666666666,0.0003333333333333333,1.0,-0.004209762914478166,381713.2183160229
2023-01-04,353187.23069478374,0.0016096458033372594,0.0016096458033372594,0.0,0.0,1.0,0.007720117982470853,384660.08939689124
2023-01-05,349947.9239572074,-0.009171641713104991,-0.009171641713104991,0.0,0.0,1.0,-0.011413368099189136,380269.8222035375
2023-01-06,355760.3059069446,0.016609276843282395,0.016609276843282395,0.0,0.0,1.0,0.022932368051581165,388990.30972521834
2023-01-09,357935.90557744197,0.006115352484170684,0.006115352484170684,0.0,0.0,1.0,-0.0005669680188588044,388769.76465995813
2023-01-10,358723.28877930384,0.002199788257038963,0.002199788257038963,0.0,0.0,1.0,0.007012536163275351,391496.02669382415
2023-01-11,361696.82543742046,0.008289221110330517,0.008289221110330517,0.0,0.0,1.0,0.012648084916318636,396447.701683849
2023-01-12,365860.4704838591,0.011511422698839905,0.011511422698839905,0.0,0.0,1.0,0.003640662121669136,397891.03381459217
2023-01-13,369159.4779007597,0.009017119046880406,0.009017119046880406,0.0,0.0,1.0,0.003879513184290584,399434.6573261869
2023-01-17,369581.76812929905,0.0011439235718413428,0.0011439235718413428,0.0,0.0,1.0,-0.0018318270336247222,398702.96212273015
2023-01-18,367460.030473772,-0.00574091537649853,-0.00574091537649853,0.0,0.0,1.0,-0.015787983380918136,392408.2463828136
2023-01-19,370452.8657629766,0.008144655312159577,0.008144655312159577,0.0,0.0,1.0,-0.007279971388174933,389551.52557666285
2023-01-20,371871.35432681534,0.0038290662454919886,0.0038290662454919886,0.0,0.0,1.0,0.018629117499697534,396808.5267188169
2023-01-23,372909.08603173506,0.0027905663957316453,0.0027905663957316453,0.0,0.0,1.0,0.01199873748418323,401569.7280624015
2023-01-24,372510.0212905327,-0.001070139495524073,-0.001070139495524073,0.0,0.0,1.0,-0.0010734001267462823,401138.68306540186
2023-01-25,373553.70769360114,0.0028017673174337934,0.0028017673174337934,0.0,0.0,1.0,0.00037482571601077375,401289.0401595015
2023-01-26,373079.5610946169,-0.0012692862879389864,-0.0012692862879389864,0.0,0.0,1.0,0.010990077138131493,405699.2376655411
2023-01-27,371273.6169100952,-0.004840640905717378,-0.004840640905717378,0.0,0.0,1.0,0.0022978746020156926,406631.48363982985
2023-01-30,368562.057116815,-0.0073034001603641254,-0.0073034001603641254,0.0,0.0,1.0,-0.01254667268776466,401529.6115100607
2023-01-31,371827.20742445276,0.008859160199995442,0.008859160199995442,0.0,0.0,1.0,0.014703322287802356,407433.4307961893
2023-02-01,372154.8255479828,0.0008811031494962611,0.0008811031494962611,0.0,0.0,1.0,0.010627729679376419,411763.5231610321
2023-02-02,368493.53118722304,-0.009838094549408871,-0.009838094549408871,0.0,0.0,1.0,0.014556825031104115,417757.4927218783
2023-02-03,361192.75206228363,-0.019812502817668328,-0.019812502817668328,0.0,0.0,1.0,-0.010628972511470769,413317.15981527645
2023-02-06,360568.98117982625,-0.001726975081575747,-0.001726975081575747,0.0,0.0,1.0,-0.006111295280818774,410791.25660701597
2023-02-07,363983.76352214796,0.009470538289644503,0.009470538289644503,0.0,0.0,1.0,0.013078532718526548,416163.80349703546
2023-02-08,363786.1748398543,-0.0005428502644778306,-0.0005428502644778306,0.0,0.0,1.0,-0.010934649772500693,411613.19805780356
2023-02-09,362096.3819282847,-0.004645016849014416,-0.004645016849014416,0.0,0.0,1.0,-0.008669356891414015,408044.77634262416
2023-02-10,363510.05436179496,0.0039041329990153013,0.0039041329990153013,0.0,0.0,1.0,0.002333666116870914,408997.0166113411
2023-02-13,363863.307890241,0.0009717847531513688,0.0009717847531513688,0.0,0.0,1.0,0.011738936318460569,413798.20654378197
2023-02-14,364575.25298940734,0.0019566278976969422,0.0019566278976969422,0.0,0.0,1.0,-0.0004601510148835031,413607.7968790839
2023-02-15,361523.447529124,-0.008370851930457352,-0.008370851930457352,0.0,0.0,1.0,0.003247367996057182,414950.9336015887
2023-02-16,360482.1987947229,-0.002880169298886681,-0.002880169298886681,0.0,0.0,1.0,-0.013768648739329703,409237.6199527715
2023-02-17,360246.33173720335,-0.0006543098613696434,-0.0006543098613696434,0.0,0.0,1.0,-0.00249829487602915,408215.22370376514
2023-02-21,358629.7993368137,-0.004487297324012428,-0.004487297324012428,0.0,0.0,1.0,-0.020060944960356153,400026.04056906444
2023-02-22,355741.5639842535,-0.00805352861893005,-0.00805352861893005,0.0,0.0,1.0,-0.0013779170676261332,399474.8378602695
2023-02-23,357195.4144157917,0.004086816326029622,0.004086816326029622,0.0,0.0,1.0,0.005319307822897246,401599.7674903502
2023-02-24,353953.5952028702,-0.009075758204297327,-0.009075758204297327,0.0,0.0,1.0,-0.010682455848828432,397309.6957052347
2023-02-27,355917.13319009857,0.005547444675913023,0.005547444675913023,0.0,0.0,1.0,0.003405942169356413,398662.9095521313
2023-02-28,355942.1055627006,7.016344613205083e-05,7.016344613205083e-05,0.0,0.0,1.0,-0.003696103868382705,397189.410029955
2023-03-01,359307.32552474976,0.009454402582490676,0.009454402582490676,0.0,0.0,1.0,-0.003835785159625571,395665.87678540166
2023-03-02,359031.7462774,-0.000766973640037268,-0.000766973640037268,0.0,0.0,1.0,0.007777193029124163,398743.04668419936
2023-03-03,363950.9779317403,0.013701383527627026,0.013701383527627026,0.0,0.0,1.0,0.016037915078260356,405138.05380496744
2023-03-06,362435.82164913916,-0.004163077926624736,-0.004163077926624736,0.0,0.0,1.0,0.000692583497529986,405418.6457352541
2023-03-07,355825.81521389826,-0.018237729386583152,-0.018237729386583152,0.0,0.0,1.0,-0.015328635452461437,399204.1311091478
2023-03-08,355771.10560734273,-0.00015375389928525473,-0.00015375389928525473,0.0,0.0,1.0,0.0016320624706649411,399855.6571896654
2023-03-09,354623.40890077286,-0.0032259413102438588,-0.0032259413102438588,0.0,0.0,1.0,-0.01844995481658418,392478.3383813605
2023-03-10,357173.5202495283,0.007191040649741557,0.007191040649741557,0.0,0.0,1.0,-0.014429208975740071,386815.1864184046
2023-03-13,358336.0909759966,0.0032549185775477456,0.0032549185775477456,0.0,0.0,1.0,-0.0014253904254784011,386263.82375525415
2023-03-14,357715.07056776306,-0.0017330668717795428,-0.0017330668717795428,0.0,0.0,1.0,0.016530302780584316,392648.88171511475
2023-03-15,352179.3461420979,-0.015475234009232267,-0.015475234009232267,0.0,0.0,1.0,-0.0062546343713700825,390193.00652365934
2023-03-16,354602.3856016352,0.006880129360452791,0.006880129360452791,0.0,0.0,1.0,0.01754528220069651,397039.0529358552
2023-03-17,356272.5494426915,0.00470996222493721,0.00470996222493721,0.0,0.0,1.0,-0.011692681603456823,392396.60170573817
2023-03-20,358645.17622764735,0.00665958348086959,0.00665958348086959,0.0,0.0,1.0,0.009615687989451782,396169.76499586174
2023-03-21,358613.4207854866,-8.854278341278478e-05,-8.854278341278478e-05,0.0,0.0,1.0,0.013130420472231563,401371.6405886426
2023-03-22,360547.6678745088,0.0053936829379826285,0.0053936829379826285,0.0,0.0,1.0,-0.0170464250305844,394529.68900794565
2023-03-23,361757.20442968345,0.0033547202296580667,0.0033547202296580667,0.0,0.0,1.0,0.002703329257135456,395596.2326590494
2023-03-24,360613.9896142462,-0.0031601715223322406,-0.0031601715223322406,0.0,0.0,1.0,0.006562234400864897,398192.2278658572
2023-03-27,362887.8256755503,0.006305457155826014,0.006305457155826014,0.0,0.0,1.0,0.0018695180821042268,398936.65543600573
2023-03-28,364499.5150892137,0.004441288187783702,0.004441288187783702,0.0,0.0,1.0,-0.0022444477803631457,398041.2629452069
2023-03-29,364589.7435354963,0.00024754064833409873,0.00024754064833409873,0.0,0.0,1.0,0.014534726951259014,403826.6840174498
2023-03-30,367989.8888335768,0.009325948846253002,0.009325948846253002,0.0,0.0,1.0,0.005855336826640745,406191.22527195734
2023-03-31,369118.44632500526,0.0030668165775034435,0.0030668165775034435,0.0,0.0,1.0,0.014094638003109061,411916.3435522049
2023-04-03,370917.6115014903,0.004874221796276391,0.005207555129609724,0.6666666666666666,0.0003333333333333333,1.0,0.00381040503153951,413485.91166024964
2023-04-04,371071.2592128877,0.0004142367648042322,0.0004142367648042322,0.0,0.0,1.0,-0.005547955369396118,411191.9102764845
2023-04-05,368901.53021952114,-0.0058472030357967775,-0.0058472030357967775,0.0,0.0,1.0,-0.002618292696399571,410115.289500989
2023-04-06,368792.3082151716,-0.0002960736006829926,-0.0002960736006829926,0.0,0.0,1.0,0.0039008530580915135,411715.08898220904
2023-04-10,369112.1250467752,0.0008672003848220942,0.0008672003848220942,0.0,0.0,1.0,0.001026358827913576,412137.6563983712
2023-04-11,371273.63463413896,0.005855970152944293,0.005855970152944293,0.0,0.0,1.0,0.0002685714644992121,412248.3448123254
2023-04-12,371759.21080260916,0.0013078660135635483,0.0013078660135635483,0.0,0.0,1.0,-0.004076068505204367,410567.9923177132
2023-04-13,376663.72176395374,0.013192708664180762,0.013192708664180762,0.0,0.0,1.0,0.013282934562971471,416021.54009331996
2023-04-14,372757.9977027446,-0.010369259993816918,-0.010369259993816918,0.0,0.0,1.0,-0.00244279178796869,415005.28609156195
2023-04-17,373581.93951704976,0.002210393390304044,0.002210393390304044,0.0,0.0,1.0,0.0035880966491261823,416494.36516795674
2023-04-18,374217.3685049058,0.0017009092802438746,0.0017009092802438746,0.0,0.0,1.0,0.0006522692741461888,416766.03164521075
2023-04-19,373392.06054043904,-0.0022054239966574998,-0.0022054239966574998,0.0,0.0,1.0,-0.00016879476774600555,416695.6837196948
2023-04-20,373239.85886469256,-0.000407618939530082,-0.000407618939530082,0.0,0.0,1.0,-0.005457160194621946,414421.7086212289
2023-04-21,372799.3842041579,-0.001180138321438817,-0.001180138321438817,0.0,0.0,1.0,0.0007768032635153688,414743.6327569575
2023-04-24,373413.778039721,0.0016480548562993376,0.0016480548562993376,0.0,0.0,1.0,0.0010432385147152168,415176.3092883825
2023-04-25,369237.6558076484,-0.011183631878811995,-0.011183631878811995,0.0,0.0,1.0,-0.015873832886858508,408585.8699361561
2023-04-26,367296.1666117996,-0.005258101835800074,-0.005258101835800074,0.0,0.0,1.0,-0.004235609404106722,406855.25978306937
2023-04-27,370470.3159612921,0.0086419343244802,0.0086419343244802,0.0,0.0,1.0,0.019907995491378117,414954.93246047414
2023-04-28,371534.1914294617,0.002871688829937935,0.002871688829937935,0.0,0.0,1.0,0.008535320446884764,418496.7057800398
2023-05-01,370526.9912212637,-0.0027109219862720964,-0.002377588652938763,0.6666666666666666,0.0003333333333333333,1.0,-0.0010098798677914411,418074.07438213547
2023-05-02,370589.7663480215,0.00016942119803686762,0.00016942119803686762,0.0,0.0,1.0,-0.011239202411470028,413375.2552371667
2023-05-03,371151.3803913301,0.001515460205075314,0.001515460205075314,0.0,0.0,1.0,-0.006864054572542244,410537.82492628024
2023-05-04,371330.39043947234,0.00048231006969053514,0.00048231006969053514,0.0,0.0,1.0,-0.00708300683053209,407629.9827081356
2023-05-05,373843.36315113254,0.006767484634602934,0.006767484634602934,0.0,0.0,1.0,0.018512687732419097,415176.30928838265
2023-05-08,374338.7085502239,0.0013250078720566567,0.0013250078720566567,0.0,0.0,1.0,0.00026668285821762616,415287.029693208
2023-05-09,373926.1273242635,-0.0011021602002056299,-0.0011021602002056299,0.0,0.0,1.0,-0.004385420612208701,413465.82139320846
2023-05-10,374850.35323362873,0.0024716804786517237,0.0024716804786517237,0.0,0.0,1.0,0.004672368604914157,415397.6861162911
2023-05-11,373879.1023489934,-0.0025910363329176103,-0.0025910363329176103,0.0,0.0,1.0,-0.001744028170606371,414673.2208496996
2023-05-12,372997.8546481328,-0.002357039201506428,-0.002357039201506428,0.0,0.0,1.0,-0.001310190618347029,414129.91988606256
2023-05-15,374889.2740942359,0.005070858779837594,0.005070858779837594,0.0,0.0,1.0,0.003449990510034917,415558.664179591
2023-05-16,372281.92726478126,-0.006954978468653782,-0.006954978468653782,0.0,0.0,1.0,-0.00668264624384729,412781.6326333131
2023-05-17,373932.31859622704,0.004433176070542647,0.004433176070542647,0.0,0.0,1.0,0.012138936769260367,417792.3627713609
2023-05-18,374443.45505751483,0.0013669223970976434,0.0013669223970976434,0.0,0.0,1.0,0.009633195523003346,421817.03828995494
2023-05-19,376130.6207360955,0.004505795616914997,0.004505795616914997,0.0,0.0,1.0,-0.0014550783797770972,421203.2614373176
2023-05-22,376292.09058434796,0.00042929195165353196,0.00042929195165353196,0.0,0.0,1.0,0.000405958883998192,421374.25264326704
2023-05-23,373014.13730791677,-0.008711193666975071,-0.008711193666975071,0.0,0.0,1.0,-0.011222694590061755,416645.29809773614
2023-05-24,369557.7327421814,-0.009266148974086138,-0.009266148974086138,0.0,0.0,1.0,-0.007244845065768057,413626.76746563724
2023-05-25,371198.207092693,0.004439020497119936,0.004439020497119936,0.0,0.0,1.0,0.008659869562106959,417208.7213192857
2023-05-26,376066.4064096943,0.013114824436060896,0.013114824436060896,0.0,0.0,1.0,0.012950894502646193,422611.9474546756
2023-05-30,376142.4165454982,0.00020211891971292717,0.00020211891971292717,0.0,0.0,1.0,0.0003808365414137427,422772.89352710434
2023-05-31,374323.0896277026,-0.004836803396182569,-0.004836803396182569,0.0,0.0,1.0,-0.005545263288205038,420428.5065213803
2023-06-01,378603.81767095055,0.01143591769213459,0.01143591769213459,0.0,0.0,1.0,0.009501040165452501,424423.0146485411
2023-06-02,379325.65877155575,0.0019065869569033032,0.0019065869569033032,0.0,0.0,1.0,0.014461215207291822,430560.6872023013
2023-06-05,379445.0375111873,0.00031471306216975436,0.00031471306216975436,0.0,0.0,1.0,-0.0019162097000630096,429735.6426370184
2023-06-06,380613.1572066801,0.00307849511790866,0.00307849511790866,0.0,0.0,1.0,0.002177387434340261,430671.3436253844
2023-06-07,375821.16082736675,-0.012590201595976864,-0.012590201595976864,0.0,0.0,1.0,-0.003457724968653264,429182.20056724746
2023-06-08,380356.60491477937,0.012068091316167113,0.012068091316167113,0.0,0.0,1.0,0.006048627395324413,431778.1637831842
2023-06-09,380288.5259004927,-0.00017898733295806935,-0.00017898733295806935,0.0,0.0,1.0,0.0017941132931236226,432552.8227265081
2023-06-12,382868.52240961435,0.0067843133131941045,0.0067843133131941045,0.0,0.0,1.0,0.009072020813640336,436476.9509372818
2023-06-13,384117.0910972522,0.0032610899422597464,0.0032610899422597464,0.0,0.0,1.0,0.00659295942324567,439354.6257639933
2023-06-14,385595.2441312405,0.0038481834530348365,0.0038481834530348365,0.0,0.0,1.0,0.001190789114407842,439877.80446971784
2023-06-15,389390.3404520084,0.009842176164071606,0.009842176164071606,0.0,0.0,1.0,0.01239779713666156,445331.32025445346
2023-06-16,388091.4097301843,-0.0033358062254864596,-0.0033358062254864596,0.0,0.0,1.0,-0.0034062529744640635,443814.40912021475
2023-06-20,384857.3874618931,-0.008333145715695323,-0.008333145715695323,0.0,0.0,1.0,-0.005188292384473714,441511.7702012567
2023-06-21,383118.45656913426,-0.0045183773247200465,-0.0045183773247200465,0.0,0.0,1.0,-0.005123619864388362,439249.6317250923
2023-06-22,382566.4654339854,-0.001440784503289069,-0.001440784503289069,0.0,0.0,1.0,0.003609709443261444,440835.19526867947
2023-06-23,379672.386132031,-0.007564905875038848,-0.007564905875038848,0.0,0.0,1.0,-0.007560142644091328,437502.41830991243
2023-06-26,378356.515550679,-0.003465805334851006,-0.003465805334851006,0.0,0.0,1.0,-0.0040857417877877555,435714.89639716543
2023-06-27,381046.23308222205,0.0071089499479830565,0.0071089499479830565,0.0,0.0,1.0,0.01096330859907546,440491.7732675817
2023-06-28,381089.6501901267,0.00011394183732882368,0.00011394183732882368,0.0,0.0,1.0,0.0005044557107349856,440713.9818581383
2023-06-29,380522.01237509376,-0.001489512545800394,-0.001489512545800394,0.0,0.0,1.0,0.0039412780350402965,442450.9581945709
2023-06-30,384881.5684574289,0.011456777638497801,0.011456777638497801,0.0,0.0,1.0,0.011800770150806938,447672.2202552293
2023-07-03,385061.4476140893,0.00046736235611721826,0.0008006956894505516,0.6666666666666666,0.0003333333333333333,1.0,0.0011505137043690272,448187.2732796982
2023-07-05,383431.485983816,-0.0042329909690332155,-0.0042329909690332155,0.0,0.0,1.0,-0.0014871680629819917,447520.7434806417
2023-07-06,379244.0853924646,-0.010920857426737651,-0.010920857426737651,0.0,0.0,1.0,-0.007830644818855759,444016.36748937453
2023-07-07,379457.3440232946,0.0005623255287140472,0.0005623255287140472,0.0,0.0,1.0,-0.002524663944324712,442895.37537568406
2023-07-10,380175.72787175066,0.0018931873628778018,0.0018931873628778018,0.0,0.0,1.0,0.002531054005112443,444016.3674893745
2023-07-11,382749.624582141,0.006770281534802747,0.006770281534802747,0.0,0.0,1.0,0.006368686529911738,446844.1685480644
2023-07-12,387823.9069308674,0.013257445658545475,0.013257445658545475,0.0,0.0,1.0,0.008045753592263338,450439.3666223419
2023-07-13,393113.6518281289,0.013639553422900278,0.013639553422900278,0.0,0.0,1.0,0.007936721564614668,454014.3784569648
2023-07-14,392263.5143232038,-0.002162574362328991,-0.002162574362328991,0.0,0.0,1.0,-0.0006225339096017635,453731.7391109285
2023-07-17,393779.22172436863,0.003864003012821526,0.003864003012821526,0.0,0.0,1.0,0.003472004093868275,455307.09756663966
2023-07-18,396682.4248732505,0.007372667191957541,0.007372667191957541,0.0,0.0,1.0,0.007430647535585422,458690.32412910776
2023-07-19,396874.3787440294,0.00048389809767919917,0.00048389809767919917,0.0,0.0,1.0,0.0022237855714153376,459710.3530536539
2023-07-20,392269.6892499571,-0.011602385391177342,-0.011602385391177342,0.0,0.0,1.0,-0.006634494192364615,456660.40738614957
2023-07-21,392143.21068786853,-0.00032242756846797183,-0.00032242756846797183,0.0,0.0,1.0,0.0,456660.40738614957
2023-07-24,392617.8635256253,0.001210406873866828,0.001210406873866828,0.0,0.0,1.0,0.004467201084995764,458700.40125349956
2023-07-25,394004.07978765026,0.0035307009456394902,0.0035307009456394902,0.0,0.0,1.0,0.002730136350594492,459952.715892994
2023-07-26,393942.8774112917,-0.00015533437215046553,-0.00015533437215046553,0.0,0.0,1.0,0.000153571967106636,460023.3517363498
2023-07-27,392457.9125466775,-0.0037694928624483572,-0.0037694928624483572,0.0,0.0,1.0,-0.006629910558064944,456973.4380597166
2023-07-28,397059.5750504308,0.011725238188963575,0.011725238188963575,0.0,0.0,1.0,0.009790335605143863,461447.3613809576
2023-07-31,397416.17591248493,0.0008981041749435517,0.0008981041749435517,0.0,0.0,1.0,0.0019040725939374337,462325.9906553078
2023-08-01,395075.2513401023,-0.005890360569767328,-0.005890360569767328,0.0,0.0,1.0,-0.0028615100807442007,461003.0401724575
2023-08-02,387899.76058952097,-0.018162339266359868,-0.018162339266359868,0.0,0.0,1.0,-0.013910732595831754,454590.15015475306
2023-08-03,386963.61531151214,-0.0024133690533505447,-0.0024133690533505447,0.0,0.0,1.0,-0.002866010658975515,453287.2899389442
2023-08-04,386134.8798561232,-0.0021416366361003782,-0.0021416366361003782,0.0,0.0,1.0,-0.004522604199087232,451237.2509380735
2023-08-07,389436.1583196104,0.008549547413891393,0.008549547413891393,0.0,0.0,1.0,0.008728348746574577,455175.80703170656
2023-08-08,386983.0310196325,-0.006299177021884502,-0.006299177021884502,0.0,0.0,1.0,-0.004348726619049392,453196.37188332045
2023-08-09,384666.75992191,-0.00598545908232595,-0.00598545908232595,0.0,0.0,1.0,-0.0066851008595815165,450166.70842808404
2023-08-10,385499.4669650101,0.002164749153966694,0.002164749153966694,0.0,0.0,1.0,0.0003588046496647568,450328.23033619236
2023-08-11,383738.23659288895,-0.0045686972954518765,-0.0045686972954518765,0.0,0.0,1.0,-0.0005830171446253862,450065.6812571975
2023-08-14,385312.28175178496,0.004101872080487919,0.004101872080487919,0.0,0.0,1.0,0.005520036654766303,452550.0603147896
2023-08-15,380861.4013844733,-0.011551358672181822,-0.011551358672181822,0.0,0.0,1.0,-0.011648902799156646,447278.34865043015
2023-08-16,377547.23544911586,-0.008701763747416009,-0.008701763747416009,0.0,0.0,1.0,-0.007338015398560271,443996.2132405907
2023-08-17,374319.06657427177,-0.008550370845661162,-0.008550370845661162,0.0,0.0,1.0,-0.0076198005294534354,440613.05065986473
2023-08-18,374222.52383296465,-0.00025791563916488514,-0.00025791563916488514,0.0,0.0,1.0,0.0004811557496151586,440825.05416254525
2023-08-21,377508.2609164292,0.008780169215392078,0.008780169215392078,0.0,0.0,1.0,0.0065063033964274375,443693.1957096734
2023-08-22,376754.230413916,-0.0019973880854493586,-0.0019973880854493586,0.0,0.0,1.0,-0.0027087749990645227,442491.33067388
2023-08-23,381497.3685869161,0.012589475552242805,0.012589475552242805,0.0,0.0,1.0,0.01113781286600446,447419.716309755
2023-08-24,375272.723183785,-0.016316352131569123,-0.016316352131569123,0.0,0.0,1.0,-0.013859001551281502,441218.92576734413
2023-08-25,377967.0618841006,0.007179681692442393,0.007179681692442393,0.0,0.0,1.0,0.007049798194985968,444329.4301538124
2023-08-28,381041.81838597916,0.008134985325312242,0.008134985325312242,0.0,0.0,1.0,0.006341375928172299,447147.09010636836
2023-08-29,387226.6766812785,0.016231442316481694,0.016231442316481694,0.0,0.0,1.0,0.014454902487126553,453610.55769125826
2023-08-30,388406.21501133236,0.0030461184651923152,0.0030461184651923152,0.0,0.0,1.0,0.00411851721250045,455478.7605808817
2023-08-31,388100.1964139399,-0.0007878828545098136,-0.0007878828545098136,0.0,0.0,1.0,-0.0014631501710274941,454812.32675443834
2023-09-01,388132.2262888274,8.252991156276754e-05,8.252991156276754e-05,0.0,0.0,1.0,0.0018651691668412074,455660.628683
2023-09-05,386615.5065069377,-0.003907739886461018,-0.003907739886461018,0.0,0.0,1.0,-0.004322054377525419,453691.23866813467
2023-09-06,384341.3084698208,-0.005882324942587447,-0.005882324942587447,0.0,0.0,1.0,-0.006722302383101453,450641.38897324365
2023-09-07,382615.09179885144,-0.004491363881342783,-0.004491363881342783,0.0,0.0,1.0,-0.0030703020367922607,449257.7837988162
2023-09-08,382804.50826148276,0.0004950574786288056,0.0004950574786288056,0.0,0.0,1.0,0.0015062686067217612,449934.48669487773
2023-09-11,386470.52502926113,0.00957673352497257,0.00957673352497257,0.0,0.0,1.0,0.0065765032654991895,452893.4823158873
2023-09-12,383810.1180496658,-0.006883854802106626,-0.006883854802106626,0.0,0.0,1.0,-0.005485640985070206,450409.0712674241
2023-09-13,384049.2297778509,0.000622994853288835,0.000622994853288835,0.0,0.0,1.0,0.0011658960317628697,450934.2014162848
2023-09-14,387885.95099182625,0.009990180728118192,0.009990180728118192,0.0,0.0,1.0,0.008622478533369948,454822.3718879591
2023-09-15,383825.05213795375,-0.010469311516668115,-0.010469311516668115,0.0,0.0,1.0,-0.012048317343959836,449342.52761632047
2023-09-18,383585.34086777444,-0.0006245326323649122,-0.0006245326323649122,0.0,0.0,1.0,0.0005864319287232078,449606.0364214479
2023-09-19,383155.5295836003,-0.001120510192599733,-0.001120510192599733,0.0,0.0,1.0,-0.0020739710654424925,448673.5665110615
2023-09-20,379835.8901219777,-0.008663947680019768,-0.008663947680019768,0.0,0.0,1.0,-0.009193193607152872,444548.8235477136
2023-09-21,373319.4691402428,-0.017155885347333217,-0.017155885347333217,0.0,0.0,1.0,-0.016528288661974977,437201.1922677756
2023-09-22,373163.96826713986,-0.0004165356643762718,-0.0004165356643762718,0.0,0.0,1.0,-0.0022485745369166255,436218.11279933265
2023-09-25,373726.19517684076,0.0015066484374461158,0.0015066484374461158,0.0,0.0,1.0,0.00420506279616184,438052.4373564771
2023-09-26,368414.2602420509,-0.014213440222664353,-0.014213440222664353,0.0,0.0,1.0,-0.014691107785010593,431616.9617837865
2023-09-27,368518.59764300403,0.00028320673820958486,0.00028320673820958486,0.0,0.0,1.0,0.0003990548684880135,431789.20063370833
2023-09-28,371261.71919538133,0.0074436448253139735,0.0074436448253139735,0.0,0.0,1.0,0.005797471679999111,434292.48629611166
2023-09-29,370693.12163645035,-0.0015315275708016236,-0.0015315275708016236,0.0,0.0,1.0,-0.002426943276471416,433238.4830664733
2023-10-02,369864.459283898,-0.0022354403256639546,-0.0022354403256639546,0.0,0.0,1.0,-0.00039763513059487554,433066.2122256804
2023-10-03,364507.316149166,-0.01448407112460618,-0.01448407112460618,0.0,0.0,1.0,-0.01338602180173254,427269.17846723367
2023-10-04,367262.99152459897,0.0075600001792701646,0.0075600001792701646,0.0,0.0,1.0,0.007281836170366374,430380.4826254791
2023-10-05,367931.2642493597,0.0018196026830434862,0.0018196026830434862,0.0,0.0,1.0,-0.0003766382313598049,430218.3848816913
2023-10-06,372799.62002484134,0.013231699093073349,0.013231699093073349,0.0,0.0,1.0,0.011872552685828097,435326.17532261106
2023-10-09,374047.62933415564,0.003347667868414635,0.003347667868414635,0.0,0.0,1.0,0.006402345709178414,438113.28399328084
2023-10-10,377100.04368159093,0.008160496439634827,0.008160496439634827,0.0,0.0,1.0,0.005204839419969964,440393.59328422154
2023-10-11,379037.4371502627,0.0051376113610521,0.0051376113610521,0.0,0.0,1.0,0.0040962567303299835,442197.5585047063
2023-10-12,376775.96963485016,-0.0059663434103371564,-0.0059663434103371564,0.0,0.0,1.0,-0.006096457711300296,439501.7197892421
2023-10-13,373407.9857092839,-0.008938956294984274,-0.008938956294984274,0.0,0.0,1.0,-0.004980875429855147,437312.61647176475
2023-10-16,377034.3431749123,0.009711515565850037,0.009711515565850037,0.0,0.0,1.0,0.010521422987217477,441913.76748731104
2023-10-17,376689.886167304,-0.0009135958403885999,-0.0009135958403885999,0.0,0.0,1.0,-4.589631226747937e-05,441893.4852750431
2023-10-18,371184.91278447927,-0.014614072702710496,-0.014614072702710496,0.0,0.0,1.0,-0.013325020458822001,436005.24554313306
2023-10-19,367844.6732776455,-0.008998855804177697,-0.008998855804177697,0.0,0.0,1.0,-0.008786451177968946,432174.3067398299
2023-10-20,363413.59094896825,-0.0120460690355918,-0.0120460690355918,0.0,0.0,1.0,-0.01228797848238039,426863.7581579732
2023-10-23,363660.1221670579,0.0006783764400387636,0.0006783764400387636,0.0,0.0,1.0,-0.0017332295409103748,426123.9052823898
2023-10-24,366444.72275338613,0.00765715132507457,0.00765715132507457,0.0,0.0,1.0,0.007539317059869877,429336.58851110365
2023-10-25,360826.8376935427,-0.01533078445674374,-0.01533078445674374,0.0,0.0,1.0,-0.014352118612905196,423174.69886793225
2023-10-26,356225.4205655684,-0.012752424840090166,-0.012752424840090166,0.0,0.0,1.0,-0.011974539126637818,418107.376878935
2023-10-27,355897.685815061,-0.0009200206711442356,-0.0009200206711442356,0.0,0.0,1.0,-0.004532814510393002,416212.1736941158
2023-10-30,360165.9817900484,0.011993042228449397,0.011993042228449397,0.0,0.0,1.0,0.011955719534505693,421188.2897096496
2023-10-31,361926.2007528613,0.004887243803716412,0.004887243803716412,0.0,0.0,1.0,0.006280395780308146,423833.5188670573
2023-11-01,366152.9663407321,0.01167852887986165,0.012011862213194982,0.6666666666666666,0.0003333333333333333,1.0,0.010664617037739132,428353.54103353183
2023-11-02,373003.8035031967,0.018710314519449673,0.018710314519449673,0.0,0.0,1.0,0.019164266593218127,436562.6224900474
2023-11-03,378321.5102957569,0.014256441201449198,0.014256441201449198,0.0,0.0,1.0,0.009123528237145573,440545.61390361766
2023-11-06,379218.82890269207,0.0023718413638011597,0.0023718413638011597,0.0,0.0,1.0,0.002300417421303269,441559.0527087202
2023-11-07,379419.44770616904,0.0005290317573561909,0.0005290317573561909,0.0,0.0,1.0,0.0028460460296850787,442815.75009755336
2023-11-08,378485.9790759448,-0.0024602550972745068,-0.0024602550972745068,0.0,0.0,1.0,0.0007324839775000314,443140.1055394844
2023-11-09,376315.2283546565,-0.005735353068000326,-0.005735353068000326,0.0,0.0,1.0,-0.007798828767954014,439684.1317361689
2023-11-10,380590.0579365296,0.011359703939071967,0.011359703939071967,0.0,0.0,1.0,0.015604934498928635,446545.3738121301
2023-11-13,380491.77454222983,-0.00025823952110759485,-0.00025823952110759485,0.0,0.0,1.0,-0.0009532525822033566,446119.7032814727
2023-11-14,389836.55696837604,0.02455974886024544,0.02455974886024544,0.0,0.0,1.0,0.019400699264744414,454774.7374809136
2023-11-15,390822.6402037125,0.0025294786179234454,0.0025294786179234454,0.0,0.0,1.0,0.0021169453689657836,455737.4707553464
2023-11-16,389595.04634902335,-0.003141051025215002,-0.003141051025215002,0.0,0.0,1.0,0.00122337296590036,456295.0076566163
2023-11-17,391549.1564010884,0.005015746658940889,0.005015746658940889,0.0,0.0,1.0,0.0012436122722896403,456862.46172792255
2023-11-20,395253.46613335394,0.009460650525501192,0.009460650525501192,0.0,0.0,1.0,0.00769776625292895,460379.2821680418
2023-11-21,393149.9858094537,-0.005321851682865622,-0.005321851682865622,0.0,0.0,1.0,-0.0021794935403188775,459375.88849646
2023-11-22,393731.71633675956,0.001479665644927112,0.001479665644927112,0.0,0.0,1.0,0.0038607640202614757,461149.4303985427
2023-11-24,394615.5142701054,0.0022446704105236748,0.0022446704105236748,0.0,0.0,1.0,0.0006153992582187406,461433.221415938
2023-11-27,393515.21147951944,-0.002788290755930086,-0.002788290755930086,0.0,0.0,1.0,-0.0018009688501093857,460602.19455776224
2023-11-28,394994.5461395694,0.0037592820223848462,0.0037592820223848462,0.0,0.0,1.0,0.0009900036991439265,461058.1924342083
2023-11-29,394376.71003862494,-0.0015641636244925206,-0.0015641636244925206,0.0,0.0,1.0,-0.0007032940193641979,460733.93296489044
2023-11-30,394203.7935214048,-0.00043845519478880046,-0.00043845519478880046,0.0,0.0,1.0,0.003937566084369681,462548.10327325127
2023-12-01,397362.95363878517,0.008014027691513936,0.008680694358180602,1.3333333333333333,0.0006666666666666666,1.0,0.005915793706414485,465284.4424315091
2023-12-04,392575.2292526223,-0.01204874370476679,-0.01204874370476679,0.0,0.0,1.0,-0.005249345997549004,462842.00340590946
2023-12-05,392383.4345870758,-0.0004885551895662902,-0.0004885551895662902,0.0,0.0,1.0,-0.00019719462480494165,462750.73345070385
2023-12-06,391582.09117534716,-0.0020422457756707293,-0.0020422457756707293,0.0,0.0,1.0,-0.004029702690346748,460885.9855751576
2023-12-07,394617.24850466236,0.007751011595563684,0.007751011595563684,0.0,0.0,1.0,0.007630356698994145,464402.71004266356
2023-12-08,394014.21441185876,-0.0015281493525402343,-0.0015281493525402343,0.0,0.0,1.0,0.004299316526329644,466399.3242888222
2023-12-11,394196.59312355344,0.0004628734320330321,0.0004628734320330321,0.0,0.0,1.0,0.0038893931863461795,468213.33464282757
2023-12-12,395771.6634611878,0.003995646753701675,0.003995646753701675,0.0,0.0,1.0,0.00456728078917501,470351.7964113773
2023-12-13,402245.1328764478,0.016356576311317518,0.016356576311317518,0.0,0.0,1.0,0.013789995407642364,476837.94552386657
2023-12-14,403345.3182057591,0.002735111600838687,0.002735111600838687,0.0,0.0,1.0,0.0032094997812208703,478368.35680570325
2023-12-15,402541.4281478382,-0.00199305662328475,-0.00199305662328475,0.0,0.0,1.0,-0.0016464618424443245,477580.74155958986
2023-12-18,404751.29442343256,0.0054897859476532584,0.0054897859476532584,0.0,0.0,1.0,0.005625154359162998,480267.2069498261
2023-12-19,407180.3777730774,0.006001422066123603,0.006001422066123603,0.0,0.0,1.0,0.006080745462837767,483187.58958943596
2023-12-20,402543.5535713046,-0.011387641583153344,-0.011387641583153344,0.0,0.0,1.0,-0.013857196419393314,476491.96425308194
2023-12-21,406325.810359838,0.009395894568370903,0.009395894568370903,0.0,0.0,1.0,0.009481743848098745,481009.93900380714
2023-12-22,407401.2396778174,0.0026467167247559154,0.0026467167247559154,0.0,0.0,1.0,0.0020097300784458483,481976.63914625446
2023-12-26,409840.8990029022,0.005988345364423164,0.005988345364423164,0.0,0.0,1.0,0.004222535037011754,484011.80239207065
2023-12-27,410985.95103079604,0.0027938939980847177,0.0027938939980847177,0.0,0.0,1.0,0.0018080349987459332,484886.9126706016
2023-12-28,410174.44013849855,-0.0019745465514383236,-0.0019745465514383236,0.0,0.0,1.0,0.0003778442228825618,485070.1243893056
2023-12-29,408972.6866781932,-0.0029298594517483214,-0.0029298594517483214,0.0,0.0,1.0,-0.0028949201685946058,483665.88510302827
2024-01-02,404246.77393249626,-0.011555570578764994,-0.01122223724543166,0.6666666666666666,0.0003333333333333333,1.0,-0.005596515401413593,480959.0415279108
2024-01-03,400707.7349057583,-0.008754650018132137,-0.008754650018132137,0.0,0.0,1.0,-0.008166548148465402,477031.26635783334
2024-01-04,399897.1339223418,-0.002022923225096044,-0.002022923225096044,0.0,0.0,1.0,-0.0032210750897244678,475494.7128287484
2024-01-05,400327.7068490642,0.0010767092089387642,0.0010767092089387642,0.0,0.0,1.0,0.00136953399109907,476145.9190005553
2024-01-08,406412.0309753691,0.015198358800078877,0.015198358800078877,0.0,0.0,1.0,0.014275918404203836,482943.3392887019
2024-01-09,405263.30793635576,-0.0028264986059995945,-0.0028264986059995945,0.0,0.0,1.0,-0.001517061878663406,482210.6843591126
2024-01-10,407815.6726370885,0.0062980404363022205,0.0062980404363022205,0.0,0.0,1.0,0.005655531631118871,484937.84213736904
2024-01-11,408020.4829205022,0.0005022128798761738,0.0005022128798761738,0.0,0.0,1.0,-0.00044060704158532804,484724.1751093921
2024-01-12,408748.4300386511,0.0017840945457895754,0.0017840945457895754,0.0,0.0,1.0,0.0006927159818934658,485059.9512923004
2024-01-16,405948.0125777723,-0.006851200530883949,-0.006851200530883949,0.0,0.0,1.0,-0.003671306660289475,483279.14746248134
2024-01-17,403149.2557413309,-0.006894372554429373,-0.006894372554429373,0.0,0.0,1.0,-0.0055586288622799795,480592.77804485837
2024-01-18,407446.5317450558,0.010659268106108325,0.010659268106108325,0.0,0.0,1.0,0.00889274376764404,484866.56647659146
2024-01-19,412145.9850928184,0.011533914223383382,0.011533914223383382,0.0,0.0,1.0,0.012466083643587256,490910.9536502676
2024-01-22,413043.3230020148,0.0021772331689567563,0.0021772331689567563,0.0,0.0,1.0,0.0021145174644168208,491948.9934352346
2024-01-23,413626.30457828374,0.0014114296099300518,0.0014114296099300518,0.0,0.0,1.0,0.0029165433557338805,493383.78400339815
2024-01-24,415586.2069869678,0.004738340833236728,0.004738340833236728,0.0,0.0,1.0,0.0010931329993180139,493923.1180990206
2024-01-25,416899.2635752401,0.0031595287961843814,0.0031595287961843814,0.0,0.0,1.0,0.00543884122687377,496609.4875166436
2024-01-26,416508.5140306744,-0.0009372756891310083,-0.0009372756891310083,0.0,0.0,1.0,-0.0012704629601297812,495978.5635571047
2024-01-29,419843.7098113581,0.008007509254512064,0.008007509254512064,0.0,0.0,1.0,0.007919437313017141,499906.43469979544
2024-01-30,418618.53268992994,-0.002918174293902435,-0.002918174293902435,0.0,0.0,1.0,-0.0007735560553606691,499519.72905011964
2024-01-31,412905.2564496449,-0.01364792954476505,-0.01364792954476505,0.0,0.0,1.0,-0.01631719754898764,491368.96695159207
2024-02-01,417685.13358986785,0.011576208017603468,0.011576208017603468,0.0,0.0,1.0,0.013088048421898923,497800.02778407297
2024-02-02,420401.08805747103,0.006502396779747584,0.006502396779747584,0.0,0.0,1.0,0.010527489462228257,503040.61233086674
2024-02-05,418962.03204724187,-0.0034230549137694113,-0.0034230549137694113,0.0,0.0,1.0,-0.0036413228906092554,501208.8790342802
2024-02-06,419946.6060929812,0.0023500316745365493,0.0023500316745365493,0.0,0.0,1.0,0.0029034456404497533,502664.111769067
2024-02-07,422480.07838242943,0.006032843825120296,0.006032843825120296,0.0,0.0,1.0,0.00834030432383015,506856.4834338888
2024-02-08,422559.54118641285,0.00018808651117393127,0.00018808651117393127,0.0,0.0,1.0,0.0004416873871995186,507080.3555497418
2024-02-09,425248.05719385704,0.006362454862327041,0.006362454862327041,0.0,0.0,1.0,0.005779399036627941,510010.97526809905
2024-02-12,424875.96605532925,-0.0008749978565055401,-0.0008749978565055401,0.0,0.0,1.0,-0.00043889276081610085,509787.1351431171
2024-02-13,418538.39296980115,-0.014916289910130607,-0.014916289910130607,0.0,0.0,1.0,-0.013773114113149632,502765.7787573753
2024-02-14,422885.6937809463,0.01038686267297543,0.01038686267297543,0.0,0.0,1.0,0.009087731073102123,507334.77894748107
2024-02-15,425873.4768578023,0.007065226184746809,0.007065226184746809,0.0,0.0,1.0,0.006899604104639856,510835.18807073374
2024-02-16,424103.60438664246,-0.00415586451689461,-0.00415586451689461,0.0,0.0,1.0,-0.004979786330981839,508291.33798379457
2024-02-20,422834.3349467405,-0.0029928287021696214,-0.0029928287021696214,0.0,0.0,1.0,-0.005505443921967612,505492.9685265029
2024-02-21,422508.73514153284,-0.000770041073529922,-0.000770041073529922,0.0,0.0,1.0,0.0009058194007618425,505950.85386434296
2024-02-22,431130.963831503,0.020407219952699673,0.020407219952699673,0.0,0.0,1.0,0.02069548839377333,516421.7538883122
2024-02-23,430992.773601751,-0.00032052958693529193,-0.00032052958693529193,0.0,0.0,1.0,0.0006895960021768843,516777.87626523076
2024-02-26,430186.76752709417,-0.001870115055343365,-0.001870115055343365,0.0,0.0,1.0,-0.00366251727057898,514885.16836835624
2024-02-27,431187.69367580203,0.0023267246327952256,0.0023267246327952256,0.0,0.0,1.0,0.0018576861664170163,515841.66342292744
2024-02-28,429397.8874599707,-0.004150874995001552,-0.004150874995001552,0.0,0.0,1.0,-0.0013215789091137742,515159.93796010554
2024-02-29,431510.51978820964,0.004919987708220515,0.004919987708220515,0.0,0.0,1.0,0.0035949059518203264,517011.88948721776
2024-03-01,436423.14190305537,0.011384709965488016,0.011384709965488016,0.0,0.0,1.0,0.009388331285634655,521865.76838433574
2024-03-04,435375.0407051986,-0.002401571083711196,-0.002401571083711196,0.0,0.0,1.0,-0.001072337642729293,521306.15207644535
2024-03-05,431058.548355811,-0.00991442307394552,-0.00991442307394552,0.0,0.0,1.0,-0.009994191022214438,516096.1188115378
2024-03-06,434391.6988544506,0.007732477435729541,0.007732477435729541,0.0,0.0,1.0,0.00506719125229993,518711.2765501255
2024-03-07,439740.4372765867,0.01231316905051701,0.01231316905051701,0.0,0.0,1.0,0.009926390525727413,523860.2072512607
2024-03-08,436265.4504845071,-0.007902358977038948,-0.007902358977038948,0.0,0.0,1.0,-0.006002148479328895,520715.92050492665
2024-03-11,434774.78023211507,-0.003416888160032938,-0.003416888160032938,0.0,0.0,1.0,-0.0008598627660008074,520268.1762732206
2024-03-12,439569.9718796094,0.011029139374032418,0.011029139374032418,0.0,0.0,1.0,0.010757473089254121,525864.9471786751
2024-03-13,438232.5259760183,-0.0030426234482582673,-0.0030426234482582673,0.0,0.0,1.0,-0.0015675294192366573,525040.6384034272
2024-03-14,436508.96150224085,-0.003932990756308744,-0.003932990756308744,0.0,0.0,1.0,-0.001976760948957379,524002.7585728156
2024-03-15,433835.5983377927,-0.006124417595569734,-0.006124417595569734,0.0,0.0,1.0,-0.006866645595945631,520404.61733839824
2024-03-18,436037.6230680095,0.005075712409617202,0.005075712409617202,0.0,0.0,1.0,0.005943093761497487,523497.4307731566
2024-03-19,437465.4084991395,0.0032744546699524273,0.0032744546699524273,0.0,0.0,1.0,0.005557027964436134,526406.5206352734
2024-03-20,442093.4670888565,0.010579256096144777,0.010579256096144777,0.0,0.0,1.0,0.009249404037630526,531275.4672326724
2024-03-21,443204.0192046189,0.0025120301439313466,0.0025120301439313466,0.0,0.0,1.0,0.003304671689740246,533031.1582286898
2024-03-22,442778.2337123309,-0.0009606986260007517,-0.0009606986260007517,0.0,0.0,1.0,-0.001895753427099356,532020.6625837269
2024-03-25,441519.7599313387,-0.002842221421863892,-0.002842221421863892,0.0,0.0,1.0,-0.0027627734526971537,530550.8100208543
2024-03-26,440938.1086914797,-0.001317384390563984,-0.001317384390563984,0.0,0.0,1.0,-0.0018470923716225052,529570.8336669067
2024-03-27,443560.68703952874,0.005947724400214996,0.005947724400214996,0.0,0.0,1.0,0.008403925839191917,534021.3076796425
2024-03-28,442927.35503937386,-0.0014278361871560286,-0.0014278361871560286,0.0,0.0,1.0,-0.00019115879491005128,533919.22481001
2024-04-01,441445.3461747975,-0.0033459411520081472,-0.0030126078186748137,0.6666666666666666,0.0003333333333333333,1.0,-0.0017398117178240025,532990.3058863141
2024-04-02,436534.48411180597,-0.011124507496896197,-0.011124507496896197,0.0,0.0,1.0,-0.006358016169788816,529601.5449031483
2024-04-03,437974.4131902423,0.0032985460045980757,0.0032985460045980757,0.0,0.0,1.0,0.0010984144691581488,530183.2669029584
2024-04-04,432499.0152972668,-0.01250163874435554,-0.01250163874435554,0.0,0.0,1.0,-0.012206030849658323,523711.8335911682
2024-04-05,436185.0487914387,0.008522640199858747,0.008522640199858747,0.0,0.0,1.0,0.010446735059327139,529182.9123641297
2024-04-08,437105.757756006,0.0021108219255069707,0.0021108219255069707,0.0,0.0,1.0,0.0005593142415660779,529478.8919034083
2024-04-09,438387.44616907573,0.002932215808937544,0.002932215808937544,0.0,0.0,1.0,0.0011569737713339467,530091.4850938155
2024-04-10,431789.83493188035,-0.015049726662680932,-0.015049726662680932,0.0,0.0,1.0,-0.010013225036973217,524783.5597633878
2024-04-11,436148.5822667261,0.010094603861004284,0.010094603861004284,0.0,0.0,1.0,0.007546924360555707,528744.0615945853
2024-04-12,429236.90626508807,-0.015847067450539615,-0.015847067450539615,0.0,0.0,1.0,-0.013803149534362014,521445.7282469893
2024-04-15,422995.07442116615,-0.014541694231826163,-0.014541694231826163,0.0,0.0,1.0,-0.012527984189282027,514913.0644079424
2024-04-16,422232.4669391725,-0.0018028755607552016,-0.0018028755607552016,0.0,0.0,1.0,-0.001823849648584619,513973.94039637037
2024-04-17,418195.8404513108,-0.009560199188669126,-0.009560199188669126,0.0,0.0,1.0,-0.00591836225324005,510932.05642837944
2024-04-18,416997.9925774566,-0.002864322783702189,-0.002864322783702189,0.0,0.0,1.0,-0.0020575808316766198,509880.7724227833
2024-04-19,413125.21550218505,-0.009287279901118956,-0.009287279901118956,0.0,0.0,1.0,-0.008728334684688588,505430.3623917897
2024-04-22,417318.3720022025,0.010149844024699206,0.010149844024699206,0.0,0.0,1.0,0.009209133674185965,510084.93816204794
2024-04-23,423374.03873918846,0.014510903768583772,0.014510903768583772,0.0,0.0,1.0,0.011866448688319986,516137.8349074328
2024-04-24,423152.60059413884,-0.0005230319405250909,-0.0005230319405250909,0.0,0.0,1.0,-0.000474466511837468,515892.94478927687
2024-04-25,421079.2767536123,-0.0048997071921935325,-0.0048997071921935325,0.0,0.0,1.0,-0.0037990221536245983,513933.05606312375
2024-04-26,425918.0692960986,0.011491405085977789,0.011491405085977789,0.0,0.0,1.0,0.009474017134525559,518802.06664226484
2024-04-29,428142.4601508415,0.005222579212051418,0.005222579212051418,0.0,0.0,1.0,0.0035413654559535157,520639.3343595491
2024-04-30,420292.9841461069,-0.01833379478869975,-0.01833379478869975,0.0,0.0,1.0,-0.015841166694993025,512391.7998759893
2024-05-01,419118.2843150001,-0.0027949546516780055,-0.0027949546516780055,0.0,0.0,1.0,-0.0032472752226051504,510727.922679986
2024-05-02,424777.2299424164,0.013502025178083446,0.013502025178083446,0.0,0.0,1.0,0.00935351406174667,515505.02348649985
2024-05-03,430780.4238775538,0.014132569996633629,0.014132569996633629,0.0,0.0,1.0,0.012395333312771761,521894.88007702323
2024-05-06,435692.39750784385,0.01140249964489152,0.01140249964489152,0.0,0.0,1.0,0.010326857473233364,527284.4141195889
2024-05-07,436202.42369448993,0.0011706107096735399,0.0011706107096735399,0.0,0.0,1.0,0.0011033627506773502,527866.2001011412
2024-05-08,435286.4290344459,-0.0020999302394649386,-0.0020999302394649386,0.0,0.0,1.0,9.66635851487041e-05,527917.2255405218
2024-05-09,437920.0033915552,0.0060502101178553,0.0060502101178553,0.0,0.0,1.0,0.005761865398999255,530959.0135358995
2024-05-10,437353.1453933276,-0.0012944327590369933,-0.0012944327590369933,0.0,0.0,1.0,0.001288048276083087,531642.9143779551
2024-05-13,438015.95024342835,0.00151549121592498,0.00151549121592498,0.0,0.0,1.0,0.00013448800866400212,531714.4139748302
2024-05-14,441136.84022207395,0.007125060119183161,0.007125060119183161,0.0,0.0,1.0,0.004588222107252626,534154.0378037744
2024-05-15,447090.0503420848,0.01349515519269236,0.01349515519269236,0.0,0.0,1.0,0.01238282604793639,540768.3743367012
2024-05-16,445406.2039606736,-0.0037662354152654394,-0.0037662354152654394,0.0,0.0,1.0,-0.002057521388343031,539655.7318403639
2024-05-17,445654.49330793234,0.0005574447438109568,0.0005574447438109568,0.0,0.0,1.0,0.0014376621237919274,540431.5744459181
2024-05-20,447189.8443575303,0.0034451600346306526,0.0034451600346306526,0.0,0.0,1.0,0.0011520539555727183,541054.1807789749
2024-05-21,447704.07906736375,0.001149924839129938,0.001149924839129938,0.0,0.0,1.0,0.0024524666807941298,542381.0981298396
2024-05-22,445984.2392369465,-0.0038414656261338553,-0.0038414656261338553,0.0,0.0,1.0,-0.002879160771879774,540819.4957486952
2024-05-23,441790.09623980045,-0.00940424039271437,-0.00940424039271437,0.0,0.0,1.0,-0.007304279476561093,536869.1990053739
2024-05-24,445787.72188450355,0.009048699096534902,0.009048699096534902,0.0,0.0,1.0,0.00661651357559756,540421.4013489131
2024-05-28,446250.4201285327,0.0010379340240085724,0.0010379340240085724,0.0,0.0,1.0,0.000698751458297453,540799.0215912008
2024-05-29,441963.4591097469,-0.00960662629191696,-0.00960662629191696,0.0,0.0,1.0,-0.007002393167570453,537012.1342173818
2024-05-30,440807.2523209946,-0.002616068738083658,-0.002616068738083658,0.0,0.0,1.0,-0.00663387507686275,533449.6628042243
2024-05-31,443110.74848775036,0.005225631281307337,0.005225631281307337,0.0,0.0,1.0,0.009108153680295716,538308.4043137471
2024-06-03,445193.740196281,0.00470083769269769,0.005034171026031023,0.6666666666666666,0.0003333333333333333,1.0,0.0008153592768926909,538747.3190650336
2024-06-04,444433.55180293525,-0.0017075451083624256,-0.0017075451083624256,0.0,0.0,1.0,0.0011178898116688263,539349.5792040803
2024-06-05,450935.69479841075,0.014630180302765748,0.014630180302765748,0.0,0.0,1.0,0.011885179878577512,545759.8459703558
2024-06-06,451992.0022596904,0.0023424791460607457,0.0023424791460607457,0.0,0.0,1.0,-1.875747881197043e-05,545749.6088916085
2024-06-07,446299.3097184678,-0.012594675376472408,-0.012594675376472408,0.0,0.0,1.0,-0.001215859136194819,545086.054243563
2024-06-10,448723.80817156506,0.00543244948020812,0.00543244948020812,0.0,0.0,1.0,0.003090006338474449,546770.3736061897
2024-06-11,450537.7860757904,0.004042526541252256,0.004042526541252256,0.0,0.0,1.0,0.002408104637113828,548087.0538783072
2024-06-12,454137.96841882804,0.007990855493820836,0.007990855493820836,0.0,0.0,1.0,0.008213227081364405,552588.6173121657
2024-06-13,454029.52324115083,-0.00023879346194018635,-0.00023879346194018635,0.0,0.0,1.0,0.002013509619053,553701.259808503
2024-06-14,456867.0661653443,0.006249688134677411,0.006249688134677411,0.0,0.0,1.0,0.0006082700460166013,554038.0596992861
2024-06-17,459154.0121441576,0.005005714239830168,0.005005714239830168,0.0,0.0,1.0,0.007958943634686966,558447.6173879041
2024-06-18,460203.52586423856,0.0022857553072006542,0.0022857553072006542,0.0,0.0,1.0,0.002540720150261855,559866.4765022672
2024-06-20,460519.4737917905,0.000686539563030478,0.000686539563030478,0.0,0.0,1.0,-0.0027167869848384596,558345.4385456585
2024-06-21,457524.10172594234,-0.006504333120128657,-0.006504333120128657,0.0,0.0,1.0,-0.0013403788882246914,557597.0441074953
2024-06-24,455895.6554509936,-0.003559257903147964,-0.003559257903147964,0.0,0.0,1.0,-0.0032507395346381696,555784.4413518177
2024-06-25,457464.55352100625,0.003441353413338806,0.003441353413338806,0.0,0.0,1.0,0.0038507542067618417,557924.630627406
2024-06-26,456562.6482132422,-0.001971530473393527,-0.001971530473393527,0.0,0.0,1.0,0.0012483859056016122,558621.1358726693
2024-06-27,458920.7472516895,0.005164896970165422,0.005164896970165422,0.0,0.0,1.0,0.0015764614739341987,559501.7805718979
2024-06-28,457538.8884747076,-0.003011105480101676,-0.003011105480101676,0.0,0.0,1.0,-0.003935293451698185,557299.9768785998
2024-07-01,459144.55250394903,0.003509349849133573,0.003509349849133573,0.0,0.0,1.0,0.002058253581938674,558447.0415522245
2024-07-02,461774.3334690064,0.0057275665162875855,0.0057275665162875855,0.0,0.0,1.0,0.006729546958287536,562205.137142067
2024-07-03,465479.75720827386,0.008024317227488678,0.008024317227488678,0.0,0.0,1.0,0.004462748330993138,564714.1171795236
2024-07-05,470084.89705815766,0.009893319265918668,0.009893319265918668,0.0,0.0,1.0,0.005766370396420806,567970.4679472684
2024-07-08,468695.0211705599,-0.002956648674092029,-0.002956648674092029,0.0,0.0,1.0,0.001153984236467176,568625.8969140585
2024-07-09,469246.96705110715,0.0011776226663742229,0.0011776226663742229,0.0,0.0,1.0,0.0009723971750748017,569178.8271298921
2024-07-10,472998.13737549854,0.00799402145945649,0.00799402145945649,0.0,0.0,1.0,0.009895281643110376,574811.0119296376
2024-07-11,470976.95479156496,-0.004273130112411187,-0.004273130112411187,0.0,0.0,1.0,-0.008622676907853233,569854.6022906922
2024-07-12,472791.07460052386,0.0038518228769002607,0.0038518228769002607,0.0,0.0,1.0,0.006307851586012436,573449.1605475481
2024-07-15,474156.6299147303,0.0028882848843123643,0.0028882848843123643,0.0,0.0,1.0,0.0027498410077320123,575026.0545650712
2024-07-16,478303.7722970843,0.008746355361728925,0.008746355361728925,0.0,0.0,1.0,0.005930338055305739,578436.1534592508
2024-07-17,470647.8291380496,-0.016006445281136927,-0.016006445281136927,0.0,0.0,1.0,-0.014021235655336084,570325.7638400324
2024-07-18,467698.6619855648,-0.006266186668460719,-0.006266186668460719,0.0,0.0,1.0,-0.007684866404461421,565942.8865378994
2024-07-19,462485.03703064483,-0.011147401903580618,-0.011147401903580618,0.0,0.0,1.0,-0.00664064103061246,562184.6629845726
2024-07-22,466419.8242176157,0.008507923223276462,0.008507923223276462,0.0,0.0,1.0,0.010310082054099778,567980.8329894999
2024-07-23,466174.66632550233,-0.0005256163640227074,-0.0005256163640227074,0.0,0.0,1.0,-0.0015687320587394193,567089.8232480397
2024-07-24,456534.62834933156,-0.020679025851309686,-0.020679025851309686,0.0,0.0,1.0,-0.02266253442422783,554238.1306070517
2024-07-25,451682.76177785255,-0.01062759814961182,-0.01062759814961182,0.0,0.0,1.0,-0.0052103090560375875,551350.3786559484
2024-07-26,456499.18503346195,0.010663287739057484,0.010663287739057484,0.0,0.0,1.0,0.011199321180118016,557525.1286292961
2024-07-29,456680.5362652194,0.00039726518185164333,0.00039726518185164333,0.0,0.0,1.0,0.0005881464561565686,557853.0350579176
2024-07-30,455339.080147234,-0.0029374059357902453,-0.0029374059357902453,0.0,0.0,1.0,-0.0050663262889381055,555026.7695610397
2024-07-31,465046.7266609237,0.021319598815350355,0.021319598815350355,0.0,0.0,1.0,0.016254382826145886,564048.387152244
2024-08-01,458563.1363964777,-0.013941803893554372,-0.013941803893554372,0.0,0.0,1.0,-0.014160984898541451,556060.9064597344
2024-08-02,451798.1756014809,-0.014752517719060127,-0.014752517719060127,0.0,0.0,1.0,-0.018618028379238094,545708.1487226823
2024-08-05,441010.4349471848,-0.023877344435785448,-0.023877344435785448,0.0,0.0,1.0,-0.029123979100782127,529814.9560041563
2024-08-06,442594.24674475705,0.0035913249938448093,0.0035913249938448093,0.0,0.0,1.0,0.009219607809513253,534699.6421101291
2024-08-07,439910.13392367575,-0.006064500026429849,-0.006064500026429849,0.0,0.0,1.0,-0.006684044376339737,531125.6859742521
2024-08-08,450086.1986816864,0.02313214443879182,0.02313214443879182,0.0,0.0,1.0,0.02311748159032767,543403.974241912
2024-08-09,451899.6203452048,0.004029054143028269,0.004029054143028269,0.0,0.0,1.0,0.004409456606590423,545800.0904861805
2024-08-12,454885.72162819374,0.006607886239665017,0.006607886239665017,0.0,0.0,1.0,0.0005254051316678776,546086.8566545867
2024-08-13,460909.3159291625,0.0132419946693606,0.0132419946693606,0.0,0.0,1.0,0.016445730436944528,555067.6538942865
2024-08-14,460190.82526854344,-0.001558854715640952,-0.001558854715640952,0.0,0.0,1.0,0.0031546646745219675,556818.7062139966
2024-08-15,467176.8685110218,0.01518075298090012,0.01518075298090012,0.0,0.0,1.0,0.017140394874048726,566362.7987117615
2024-08-16,471212.54980949266,0.00863844417497243,0.00863844417497243,0.0,0.0,1.0,0.002241880427621412,567632.5163851262
2024-08-19,474520.3689597564,0.007019802744220426,0.007019802744220426,0.0,0.0,1.0,0.00956143118372177,573059.8956281854
2024-08-20,474511.74887829344,-1.8165882914145115e-05,-1.8165882914145115e-05,0.0,0.0,1.0,-0.0016259489074891276,572128.1295169629
2024-08-21,475582.0353119376,0.002255553073604958,0.002255553073604958,0.0,0.0,1.0,0.0034362355043076054,574094.0965086222
2024-08-22,469926.0690707697,-0.011892724748230108,-0.011892724748230108,0.0,0.0,1.0,-0.007848403727718778,569588.3742615225
2024-08-23,475099.07849551924,0.011008134609298503,0.011008134609298503,0.0,0.0,1.0,0.010625499446326403,575640.5352168723
2024-08-26,473689.1296316613,-0.002967694377187062,-0.002967694377187062,0.0,0.0,1.0,-0.002384030143548599,574268.1908290669
2024-08-27,474805.0549848224,0.002355817947582587,0.002355817947582587,0.0,0.0,1.0,0.0013732938139052742,575056.829783055
2024-08-28,470978.15407258034,-0.008059941384500205,-0.008059941384500205,0.0,0.0,1.0,-0.005805407691981568,571718.3904401059
2024-08-29,471575.2988383782,0.001267882088870483,0.001267882088870483,0.0,0.0,1.0,8.952903141112856e-05,571769.5758338419
2024-08-30,473829.3506512052,0.004779834351755551,0.004779834351755551,0.0,0.0,1.0,0.009546185515074246,577227.7942766271
2024-09-03,465100.8728345781,-0.018421142136153385,-0.018421142136153385,0.0,0.0,1.0,-0.020579026837119763,565349.0080070769
2024-09-04,464474.93871131557,-0.0013458029425911973,-0.0013458029425911973,0.0,0.0,1.0,-0.00204683084696089,564191.8342181894
2024-09-05,465532.9544468448,0.0022778747513582482,0.0022778747513582482,0.0,0.0,1.0,-0.002432293987318923,562819.5538121259
2024-09-06,457615.78041503235,-0.017006688691286742,-0.017006688691286742,0.0,0.0,1.0,-0.01683009220076248,553347.2488290758
2024-09-09,461926.77528327605,0.009420555524404904,0.009420555524404904,0.0,0.0,1.0,0.011196137881657853,559542.6009234022
2024-09-10,464698.5709846161,0.006000508846105108,0.006000508846105108,0.0,0.0,1.0,0.0043555728142550265,561979.7294644017
2024-09-11,469405.0447574954,0.010128014301630016,0.010128014301630016,0.0,0.0,1.0,0.01025930731687219,567745.2522148298
2024-09-12,475007.62140536594,0.011935484525448459,0.011935484525448459,0.0,0.0,1.0,0.00842300900732984,572527.375588104
2024-09-13,478118.3235190249,0.0065487414800957655,0.0065487414800957655,0.0,0.0,1.0,0.0052226720783505876,575517.4983266793
2024-09-16,477636.2984447945,-0.0010081710959802075,-0.0010081710959802075,0.0,0.0,1.0,0.0014771495405183632,576367.6237348929
2024-09-17,476904.86848648294,-0.0015313533763935034,-0.0015313533763935034,0.0,0.0,1.0,0.0004085115150294083,576603.0765460788
2024-09-18,474519.4455922968,-0.00500188413206315,-0.00500188413206315,0.0,0.0,1.0,-0.002965714357998861,574893.0365230998
2024-09-19,483675.9254257604,0.01929632161235132,0.01929632161235132,0.0,0.0,1.0,0.017064156245996998,584703.1011230657
2024-09-20,485139.6787876667,0.003026310148924257,0.003026310148924257,0.0,0.0,1.0,-0.0017284936532352413,583692.4455237475
2024-09-23,486286.2280233826,0.0023633384071594468,0.0023633384071594468,0.0,0.0,1.0,0.0024989046670664816,585151.0372999982
2024-09-24,489796.22268387955,0.0072179602428061864,0.0072179602428061864,0.0,0.0,1.0,0.002861268497158287,586825.3115291041
2024-09-25,489361.9114070253,-0.0008867183059811563,-0.0008867183059811563,0.0,0.0,1.0,-0.002205574021654777,585531.0248667462
2024-09-26,492063.94457146147,0.005521543670342706,0.005521543670342706,0.0,0.0,1.0,0.003964690943036642,587852.4744179023
2024-09-27,489612.9376212198,-0.0049810740601535786,-0.0049810740601535786,0.0,0.0,1.0,-0.0014502902539623719,586999.9177034863
2024-09-30,489404.0029529634,-0.0004267343695438428,-0.0004267343695438428,0.0,0.0,1.0,0.004007306781378839,589352.2064543683
2024-10-01,487381.1934118818,-0.004133210045027091,-0.004133210045027091,0.0,0.0,1.0,-0.008958495996637117,584072.4970722377
2024-10-02,487712.3941226578,0.0006795516840882865,0.0006795516840882865,0.0,0.0,1.0,0.0004220737216988901,584319.0187248188
2024-10-03,487181.2453986003,-0.0010890613616924374,-0.0010890613616924374,0.0,0.0,1.0,-0.0018281779867485026,583250.7795575476
2024-10-04,490264.99985244544,0.006329788929625545,0.006329788929625545,0.0,0.0,1.0,0.009087314968778681,588550.9630971728
2024-10-07,486483.46092149,-0.007713254937826744,-0.007713254937826744,0.0,0.0,1.0,-0.009040266741082714,583230.3054000533
2024-10-08,489243.49949891894,0.005673447915785243,0.005673447915785243,0.0,0.0,1.0,0.009457550341865462,588746.2353742758
2024-10-09,490768.0481562462,0.003116134724096923,0.003116134724096923,0.0,0.0,1.0,0.006926264849700381,592824.0477297421
2024-10-10,491497.24414196727,0.0014858261218524775,0.0014858261218524775,0.0,0.0,1.0,-0.0017499289570287457,591786.6477621968
2024-10-11,494522.3340653454,0.006154846155158451,0.006154846155158451,0.0,0.0,1.0,0.005988125594301508,595330.3405340275
2024-10-14,496985.1381927972,0.004980167644210757,0.004980167644210757,0.0,0.0,1.0,0.008178455361924408,600199.2231496844
2024-10-15,494058.18590203417,-0.005889416133058711,-0.005889416133058711,0.0,0.0,1.0,-0.0077698155240459865,595535.7859081356
2024-10-16,495617.8296267477,0.0031568017072036714,0.0031568017072036714,0.0,0.0,1.0,0.00434652191224183,598124.2952511094
2024-10-17,496735.6995710982,0.0022555079287449593,0.0022555079287449593,0.0,0.0,1.0,8.56834873372847e-05,598175.5446265877
2024-10-18,500216.0931600895,0.007006530015854383,0.007006530015854383,0.0,0.0,1.0,0.0038465487808529986,600476.4560385072
2024-10-21,500229.45390006364,2.670993627925304e-05,2.670993627925304e-05,0.0,0.0,1.0,-0.0016420670930010761,599490.4334099244
2024-10-22,502121.33304980415,0.0037820226997640205,0.0037820226997640205,0.0,0.0,1.0,-0.0005310729434451211,599172.0602608862
2024-10-23,496010.1948892933,-0.012170640357765345,-0.012170640357765345,0.0,0.0,1.0,-0.009137578372479305,593697.0786016525
2024-10-24,498980.4805280208,0.00598835602439666,0.00598835602439666,0.0,0.0,1.0,0.002162910365631987,594981.1921670055
2024-10-25,500278.65683946444,0.0026016575038564724,0.0026016575038564724,0.0,0.0,1.0,-0.00034551232929502795,594775.6188294131
2024-10-28,500827.7145203019,0.0010975037078457075,0.0010975037078457075,0.0,0.0,1.0,0.003091537766534813,596614.3901176383
2024-10-29,504520.75179178355,0.007373867628349609,0.007373867628349609,0.0,0.0,1.0,0.001618272212904115,597579.8746069844
2024-10-30,503666.9311840275,-0.001692339918078156,-0.001692339918078156,0.0,0.0,1.0,-0.0030253162524023214,595772.0065002274
2024-10-31,493536.3382267249,-0.020113674990509235,-0.020113674990509235,0.0,0.0,1.0,-0.01960308836489222,584093.0352114743
2024-11-01,493466.12701049785,-0.0001422614927997226,0.00019107184053361072,0.6666666666666666,0.0003333333333333333,1.0,0.004220588805548209,586558.2517372866
2024-11-04,494434.5617601377,0.001962515148722958,0.001962515148722958,0.0,0.0,1.0,-0.002154001685066964,585294.8042746545
2024-11-05,500718.5314512091,0.012709406212828492,0.012709406212828492,0.0,0.0,1.0,0.012091814888343544,592372.0807030528
2024-11-06,505850.170658529,0.01024855060276501,0.01024855060276501,0.0,0.0,1.0,0.024865595825653397,607101.7654402162
2024-11-07,511831.6837691626,0.01182467350529263,0.01182467350529263,0.0,0.0,1.0,0.007732061978746874,611795.9139180067
2024-11-08,515316.51617524424,0.006808551554329541,0.006808551554329541,0.0,0.0,1.0,0.004331712096133478,614446.0376786904
2024-11-11,514520.01187737996,-0.0015456603327524965,-0.0015456603327524965,0.0,0.0,1.0,0.0009528858299909793,615031.5346012885
2024-11-12,511303.78394347575,-0.006250928748463669,-0.006250928748463669,0.0,0.0,1.0,-0.003106440394440191,613120.9757983485
2024-11-13,512109.32074794045,0.0015754563720454435,0.0015754563720454435,0.0,0.0,1.0,0.00048597745803413694,613418.9387716344
2024-11-14,508291.5487548152,-0.0074549941554458155,-0.0074549941554458155,0.0,0.0,1.0,-0.006430206460433574,609474.5283485927
2024-11-15,502174.9118550176,-0.012033717489070709,-0.012033717489070709,0.0,0.0,1.0,-0.01280864082508093,601667.98802294
2024-11-18,505237.24261678866,0.006098135708251536,0.006098135708251536,0.0,0.0,1.0,0.004097410127560819,604133.2685304943
2024-11-19,507831.4729704198,0.005134677602535387,0.005134677602535387,0.0,0.0,1.0,0.0036555804977529416,606341.7263249782
2024-11-20,507577.3445580715,-0.000500418792206451,-0.000500418792206451,0.0,0.0,1.0,0.00033861666072065866,606547.0437356019
2024-11-21,510343.3107326634,0.005449349156826673,0.005449349156826673,0.0,0.0,1.0,0.005368458783025609,609803.2665398625
2024-11-22,512425.6770165752,0.004080324440663677,0.004080324440663677,0.0,0.0,1.0,0.00309939412825333,611693.2872035658
2024-11-25,515653.4994296264,0.0062991035731153975,0.0062991035731153975,0.0,0.0,1.0,0.003392105066349016,613768.2151021407
2024-11-26,518160.83216550155,0.004862437157216052,0.004862437157216052,0.0,0.0,1.0,0.005221380682413512,616972.9326039545
2024-11-27,517388.29225104465,-0.0014909268831227633,-0.0014909268831227633,0.0,0.0,1.0,-0.003029984694522536,615103.5140612298
2024-11-29,519205.4602338273,0.0035121938590388555,0.0035121938590388555,0.0,0.0,1.0,0.006212153757098493,618924.6316671097
2024-12-02,519711.8304431428,0.000975279052511343,0.0013086123858446763,0.6666666666666666,0.0003333333333333333,1.0,0.0017923271897524184,620033.9471128542
2024-12-03,520672.08163045195,0.001847660820979128,0.001847660820979128,0.0,0.0,1.0,0.0004637390430815014,620321.4810621664
2024-12-04,524421.9361929246,0.007201950507371415,0.007201950507371415,0.0,0.0,1.0,0.006209510619023417,624173.3738860303
2024-12-05,522356.6921708207,-0.003938134314320699,-0.003938134314320699,0.0,0.0,1.0,-0.0016456371446975648,623146.2109972322
2024-12-06,524309.5947476062,0.003738637995943872,0.003738637995943872,0.0,0.0,1.0,0.0018957972729021222,624327.5698846601
2024-12-09,523782.2055642244,-0.001005873607244689,-0.001005873607244689,0.0,0.0,1.0,-0.005149877504406208,621112.3593771305
2024-12-10,524942.8872983765,0.002215962516141349,0.002215962516141349,0.0,0.0,1.0,-0.0031089913624822163,619181.326416696
2024-12-11,531096.389865444,0.011722232486540621,0.011722232486540621,0.0,0.0,1.0,0.007730637008498853,623967.9924936644
2024-12-12,526445.76028082,-0.008756658251437639,-0.008756658251437639,0.0,0.0,1.0,-0.005152640171807943,620752.9099496191
2024-12-13,525632.2643634068,-0.0015452606494147738,-0.0015452606494147738,0.0,0.0,1.0,-0.0001985151151840947,620629.6811141996
2024-12-16,529326.7388041252,0.0070286295024006105,0.0070286295024006105,0.0,0.0,1.0,0.00426995333865432,623279.7408931411
2024-12-17,527145.4474595598,-0.004120878815782936,-0.004120878815782936,0.0,0.0,1.0,-0.004120094133105434,620711.7696894038
2024-12-18,512198.17458847025,-0.028355120855399665,-0.028355120855399665,0.0,0.0,1.0,-0.029803361147563545,602212.4726488072
2024-12-19,511628.03603201977,-0.0011131210237298461,-0.0011131210237298461,0.0,0.0,1.0,-0.0003071527492615189,602027.5014321936
2024-12-20,516945.12823431886,0.010392495773953772,0.010392495773953772,0.0,0.0,1.0,0.012010907432213225,609258.3980235422
2024-12-23,518844.44709612004,0.0036741208264957264,0.0036741208264957264,0.0,0.0,1.0,0.0059884194905495125,612906.8928890473
2024-12-24,523456.3765784436,0.008888848108784394,0.008888848108784394,0.0,0.0,1.0,0.011114888892345354,619719.2849048617
2024-12-26,524527.4824498687,0.002046218021884427,0.002046218021884427,0.0,0.0,1.0,6.669504475431687e-05,619760.6171103035
2024-12-27,519161.5214401277,-0.01023008553275173,-0.01023008553275173,0.0,0.0,1.0,-0.010526584203640499,613236.6547881917
2024-12-30,514333.1911986575,-0.00930024672875725,-0.00930024672875725,0.0,0.0,1.0,-0.011411482033024556,606238.7157200841
2024-12-31,513321.7626314707,-0.0019664851199466447,-0.0019664851199466447,0.0,0.0,1.0,-0.00363813553785719,604033.137103998
2025-01-02,514891.6248109887,0.003058242010762139,0.003058242010762139,0.0,0.0,1.0,-0.002456912408398071,602549.0805943636
2025-01-03,518496.6247982196,0.007001473346074038,0.007001473346074038,0.0,0.0,1.0,0.01250340323286947,610082.9947166296
2025-01-06,521265.6478081167,0.00534048415642944,0.00534048415642944,0.0,0.0,1.0,0.00576050990496646,613597.3838505464
2025-01-07,517179.8152565521,-0.00783829237308294,-0.00783829237308294,0.0,0.0,1.0,-0.011304045433904064,606661.2511453752
2025-01-08,518378.2154943981,0.0023171829265060673,0.0023171829265060673,0.0,0.0,1.0,0.0014610115160782478,607547.5902196569
2025-01-10,514682.1014721851,-0.007130149207153344,-0.007130149207153344,0.0,0.0,1.0,-0.015267533310024395,598271.8371485533
2025-01-13,512689.54734668205,-0.0038714268862345413,-0.0038714268862345413,0.0,0.0,1.0,0.001550691849189434,599199.5724100191
2025-01-14,513659.49117131217,0.001891873609769982,0.001891873609769982,0.0,0.0,1.0,0.001375736572713837,600023.9131761381
2025-01-15,521995.4145482972,0.016228500631763804,0.016228500631763804,0.0,0.0,1.0,0.018190030783588274,610938.3666277012
2025-01-16,521644.25540865026,-0.0006727245678025775,-0.0006727245678025775,0.0,0.0,1.0,-0.0019229971694386672,609763.5338779746
2025-01-17,525401.9871900085,0.007203629182908214,0.007203629182908214,0.0,0.0,1.0,0.010039690359374687,615885.3709505475
2025-01-21,530744.2065448584,0.010167870478415164,0.010167870478415164,0.0,0.0,1.0,0.009153585280629262,621522.9302166355
2025-01-22,534909.3679206976,0.007847775490484063,0.007847775490484063,0.0,0.0,1.0,0.005621641275482148,625016.9091747998
2025-01-23,536009.3338469082,0.0020563594361535653,0.0020563594361535653,0.0,0.0,1.0,0.005458057980426423,628428.2877038228
2025-01-24,535589.1359927049,-0.0007839375691233164,-0.0007839375691233164,0.0,0.0,1.0,-0.0029194682871930278,626593.6112470964
2025-01-27,526008.3735378949,-0.01788826884446067,-0.01788826884446067,0.0,0.0,1.0,-0.014145255556364478,617730.284486021
2025-01-28,531624.1757077317,0.010676260022374429,0.010676260022374429,0.0,0.0,1.0,0.008592315317060173,623038.0178712222
2025-01-29,529816.4277715192,-0.003400424621032331,-0.003400424621032331,0.0,0.0,1.0,-0.0044828644654661964,620245.0228802728
2025-01-30,534191.8189237561,0.008258315376592718,0.008258315376592718,0.0,0.0,1.0,0.005367082266790391,623573.9289436386
2025-01-31,533337.349498689,-0.001599555430835083,-0.001599555430835083,0.0,0.0,1.0,-0.005321911081975883,620255.3239407622
2025-02-03,531667.0291445841,-0.00313182708031771,-0.00313182708031771,0.0,0.0,1.0,-0.006729655863189077,616081.21906333
2025-02-04,536776.7300407792,0.009610716136406442,0.009610716136406442,0.0,0.0,1.0,0.006708369785656254,620214.1196988047
2025-02-05,539425.169974192,0.004933969349251832,0.004933969349251832,0.0,0.0,1.0,0.004054423062778145,622728.7301295722
2025-02-06,540512.1427839142,0.002015057639550159,0.002015057639550159,0.0,0.0,1.0,0.0034757322910417,624893.168485443
2025-02-07,536911.8437685617,-0.006660903114607393,-0.006660903114607393,0.0,0.0,1.0,-0.00915361540214743,619173.136753698
2025-02-10,543325.1899165862,0.011944877399256907,0.011944877399256907,0.0,0.0,1.0,0.006791328320455037,623378.1448125982
2025-02-11,542370.3935734963,-0.0017573202214986963,-0.0017573202214986963,0.0,0.0,1.0,0.0007603358409977723,623852.1215585939
2025-02-12,542083.4727423415,-0.0005290127089427517,-0.0005290127089427517,0.0,0.0,1.0,-0.0032213828439672243,621842.4550370326
2025-02-13,548372.7378713568,0.011602023388019113,0.011602023388019113,0.0,0.0,1.0,0.01055750138825129,628407.5576193597
2025-02-14,546412.7859059012,-0.0035741236390847515,-0.0035741236390847515,0.0,0.0,1.0,-4.907515727980982e-05,628376.7184196337
2025-02-18,550376.7628082755,0.007254546388043347,0.007254546388043347,0.0,0.0,1.0,0.0029357955473410247,630221.5039916228
2025-02-19,550961.481968841,0.0010623979791261433,0.0010623979791261433,0.0,0.0,1.0,0.0023548173146026308,631705.5605012572
2025-02-20,549512.7967139283,-0.002629376648501639,-0.002629376648501639,0.0,0.0,1.0,-0.004160346537541604,629077.44645988
2025-02-21,542409.2067875578,-0.012927069158079285,-0.012927069158079285,0.0,0.0,1.0,-0.017104007876210026,618317.700860884
2025-02-24,540433.9474235377,-0.003641640553482965,-0.003641640553482965,0.0,0.0,1.0,-0.004550406866907997,615504.1037489559
2025-02-25,534892.5138182278,-0.01025367416634008,-0.01025367416634008,0.0,0.0,1.0,-0.004973286891179596,612443.025258314
2025-02-26,535685.3892449542,0.0014823079520530265,0.0014823079520530265,0.0,0.0,1.0,0.0005050065539069504,612752.312999964
2025-02-27,525155.0385280465,-0.019657715010204448,-0.019657715010204448,0.0,0.0,1.0,-0.015961909523318774,602971.6160196543
2025-02-28,529554.266153982,0.008377007365798422,0.008377007365798422,0.0,0.0,1.0,0.015605382783750565,612381.2188953776
2025-03-03,524925.6267481325,-0.008740632833469892,-0.008740632833469892,0.0,0.0,1.0,-0.01751987501654706,601652.3764778499
2025-03-04,523848.3062902032,-0.002052329707359209,-0.002052329707359209,0.0,0.0,1.0,-0.011836867992038314,594530.6967203855
2025-03-05,528364.7895910122,0.008621738863286543,0.008621738863286543,0.0,0.0,1.0,0.010747947228388455,600920.6812743931
2025-03-06,519498.4782946085,-0.016780662661618408,-0.016780662661618408,0.0,0.0,1.0,-0.017751367776947857,590253.5172563173
2025-03-07,521832.85678702156,0.004493523253573809,0.004493523253573809,0.0,0.0,1.0,0.0056049948495140445,593561.8851804466
2025-03-10,508935.24423429195,-0.024715984026267474,-0.024715984026267474,0.0,0.0,1.0,-0.026635619444153158,577751.996690226
2025-03-11,509109.0182349995,0.000341446191192881,0.000341446191192881,0.0,0.0,1.0,-0.00831278043479966,572949.271195973
2025-03-12,512661.57198249147,0.006977982357900517,0.006977982357900517,0.0,0.0,1.0,0.005306376283698455,575989.5556204097
2025-03-13,510343.51987578283,-0.004521603009456217,-0.004521603009456217,0.0,0.0,1.0,-0.013330437810785023,568311.3626695501
2025-03-14,518037.12731213024,0.015075350497680606,0.015075350497680606,0.0,0.0,1.0,0.020655793553070456,580050.2848507165
2025-03-17,521423.14145450655,0.006536238357943258,0.006536238357943258,0.0,0.0,1.0,0.00771144794455525,584523.3124275672
2025-03-18,518610.2508604379,-0.005394640878849592,-0.005394640878849592,0.0,0.0,1.0,-0.010808597358321625,578205.4352969852
2025-03-19,523516.3176930583,0.009460026724270671,0.009460026724270671,0.0,0.0,1.0,0.010891068511607482,584502.7103065884
2025-03-20,522196.6889625726,-0.0025207021937746115,-0.0025207021937746115,0.0,0.0,1.0,-0.0028919175507399197,582812.3766601979
2025-03-21,521426.8028416501,-0.0014743221035202019,-0.0014743221035202019,0.0,0.0,1.0,0.00033011155289441874,583004.7697589032
2025-03-24,527579.6427465931,0.01180000696437448,0.01180000696437448,0.0,0.0,1.0,0.017908266296636555,593445.3744279549
2025-03-25,529779.7938712558,0.004170272971884881,0.004170272971884881,0.0,0.0,1.0,0.002403929606058286,594871.9753331207
2025-03-26,524276.29664895684,-0.010388273176829443,-0.010388273176829443,0.0,0.0,1.0,-0.011938228305225729,587770.2578792133
2025-03-27,525159.159882193,0.0016839655709768309,0.0016839655709768309,0.0,0.0,1.0,-0.0026558447361686444,586209.2313337483
2025-03-28,518322.6423102935,-0.013017991675957888,-0.013017991675957888,0.0,0.0,1.0,-0.020138214540216803,574404.0240676937
2025-03-31,521956.6725246394,0.007011135377277932,0.007011135377277932,0.0,0.0,1.0,0.006712800625198856,578259.883759572
2025-04-01,523506.430654105,0.0029691317518167155,0.0029691317518167155,0.0,0.0,1.0,0.0028245533885180585,579893.2096736893
2025-04-02,526242.3490590537,0.005226140969329199,0.005226140969329199,0.0,0.0,1.0,0.006328297594604848,583562.946477595
2025-04-03,507148.06465175253,-0.036284203355056215,-0.036284203355056215,0.0,0.0,1.0,-0.04928080108999533,554804.496988741
2025-04-04,482797.4828262542,-0.04801473873753085,-0.04801473873753085,0.0,0.0,1.0,-0.05854299254528794,522324.5814574369
2025-04-07,479441.4381732643,-0.006951247204819507,-0.006951247204819507,0.0,0.0,1.0,-0.0017812496995063265,521394.1909536711
2025-04-08,474930.3217099842,-0.009409108400116809,-0.009409108400116809,0.0,0.0,1.0,-0.01566269392150721,513227.75332831184
2025-04-09,516414.09851886664,0.08734708000853741,0.08734708000853741,0.0,0.0,1.0,0.10501925332407813,567126.5487680454
2025-04-10,505754.0065120357,-0.02064252706772592,-0.02064252706772592,0.0,0.0,1.0,-0.043818954699414436,542275.6562187432
2025-04-11,515085.5751890113,0.018450805246865782,0.018450805246865782,0.0,0.0,1.0,0.01784277577362925,551951.3591601519
2025-04-14,516935.37071478274,0.0035912392326123235,0.0035912392326123235,0.0,0.0,1.0,0.00970139106478829,557306.0551441059
2025-04-15,517546.4365985982,0.0011820933881356115,0.0011820933881356115,0.0,0.0,1.0,-0.002800907238158734,555745.0925803831
2025-04-16,514123.6353989046,-0.006613515150811914,-0.006613515150811914,0.0,0.0,1.0,-0.022227850695285878,543392.0736378685
2025-04-17,513584.8191422278,-0.0010480285666282598,-0.0010480285666282598,0.0,0.0,1.0,0.0014267171117980926,544167.3404077431
2025-04-21,510569.38224802143,-0.005871351297420852,-0.005871351297420852,0.0,0.0,1.0,-0.02380276591259234,531214.6525867397
2025-04-22,517049.25324359845,0.0126914602028159,0.0126914602028159,0.0,0.0,1.0,0.02601794197538787,545035.7645942173
2025-04-23,519495.7495573753,0.004731650415176683,0.004731650415176683,0.0,0.0,1.0,0.01549536109982208,553481.2905789223
2025-04-24,530533.7106854632,0.021247452240932718,0.021247452240932718,0.0,0.0,1.0,0.021048912949868326,565131.4700836987
2025-04-25,531865.6274299596,0.00251052236204848,0.00251052236204848,0.0,0.0,1.0,0.007225311311978455,569214.7208872496
2025-04-28,534401.8998029509,0.0047686337341387155,0.0047686337341387155,0.0,0.0,1.0,0.000381272763119167,569431.7469566903
2025-04-29,534965.6639713348,0.0010549441695319275,0.0010549441695319275,0.0,0.0,1.0,0.006299389544388578,573018.8193497122
2025-04-30,533679.7206523252,-0.0024037866457884416,-0.0024037866457884416,0.0,0.0,1.0,0.00039694175083582195,573246.2744431267
2025-05-01,531651.3742288757,-0.0038006810919668506,-0.003467347758633517,0.6666666666666666,0.0003333333333333333,1.0,0.007086979683865069,577308.8591439566
2025-05-02,536771.5092047501,0.009630624924652421,0.009630624924652421,0.0,0.0,1.0,0.014844024038501491,585878.4457267293
2025-05-05,540690.6530621195,0.0073013261511882055,0.0073013261511882055,0.0,0.0,1.0,-0.005734324797424639,582518.828427122
2025-05-06,542845.6670701439,0.0039856690620037796,0.0039856690620037796,0.0,0.0,1.0,-0.008358326594873233,577649.9458114651
2025-05-07,541097.391408333,-0.003220575879783157,-0.003220575879783157,0.0,0.0,1.0,0.00420552756227166,580079.26857992
2025-05-08,538092.0403109128,-0.005554177760122052,-0.005554177760122052,0.0,0.0,1.0,0.006967762571935099,584121.1231962866
2025-05-09,540359.5352238382,0.0042139536418626476,0.0042139536418626476,0.0,0.0,1.0,-0.0012742213508586397,583376.8235896224
2025-05-12,542123.2504368233,0.003263966115180317,0.003263966115180317,0.0,0.0,1.0,0.03304754271395138,602655.9940855297
2025-05-13,541787.060315348,-0.0006201359583903883,-0.0006201359583903883,0.0,0.0,1.0,0.006603860821533747,606635.8503937336
2025-05-14,536442.3656480528,-0.009864935984599438,-0.009864935984599438,0.0,0.0,1.0,0.001277977174232836,607411.1171636081
2025-05-15,543436.7277183869,0.013038422239236569,0.013038422239236569,0.0,0.0,1.0,0.004884285649128461,610377.8865662914
2025-05-16,544649.0029666125,0.002230756933406389,0.002230756933406389,0.0,0.0,1.0,0.00633404459345166,614244.0473186591
2025-05-19,547226.3289974334,0.004732086200071484,0.004732086200071484,0.0,0.0,1.0,0.0010940280836999605,614916.0475566712
2025-05-20,548939.4965308025,0.0031306379875904638,0.0031306379875904638,0.0,0.0,1.0,-0.0033622573759429786,612848.5415401881
2025-05-21,542335.7872851299,-0.0120299400706394,-0.0120299400706394,0.0,0.0,1.0,-0.016850775346555102,602521.5684452305
2025-05-22,539977.8112411412,-0.0043478156877539975,-0.0043478156877539975,0.0,0.0,1.0,0.00039470808698149895,602759.3885808766
2025-05-23,542878.3913401013,0.005371665351013484,0.005371665351013484,0.0,0.0,1.0,-0.0068258512570531504,598645.0426506313
2025-05-27,546731.8686270206,0.007098232953068884,0.007098232953068884,0.0,0.0,1.0,0.020790577842265234,611091.2190097454
2025-05-28,545079.4204121734,-0.0030224106361257013,-0.0030224106361257013,0.0,0.0,1.0,-0.005785452346737663,607555.7798826547
2025-05-29,548515.1966191753,0.006303257981018273,0.006303257981018273,0.0,0.0,1.0,0.003947548002436463,609954.1354878992
2025-05-30,547108.192360612,-0.002565114453045969,-0.002565114453045969,0.0,0.0,1.0,-0.0011184010326800164,609271.9621528821
2025-06-02,553969.2355787755,0.0125405601926013,0.012873893525934633,0.6666666666666666,0.0003333333333333333,1.0,0.005632920704039535,612703.9428028839
2025-06-03,550563.4505967492,-0.0061479677268866375,-0.0061479677268866375,0.0,0.0,1.0,0.00570245224869792,616197.8577793062
2025-06-04,553083.772136533,0.004577713135610913,0.004577713135610913,0.0,0.0,1.0,-0.0002684085986693896,616032.4649757966
2025-06-05,551884.9646024976,-0.002167497211868004,-0.002167497211868004,0.0,0.0,1.0,-0.004832859623354335,613055.2665491396
2025-06-06,550959.6793575861,-0.0016765907829686304,-0.0016765907829686304,0.0,0.0,1.0,0.010269030973764526,619350.7500699622
2025-06-09,552051.0280154397,0.0019808140209571037,0.0019808140209571037,0.0,0.0,1.0,0.0009013320810069558,619908.9907703961
2025-06-10,553925.65346493,0.003395746687094044,0.003395746687094044,0.0,0.0,1.0,0.005669821016794474,623423.7637947659
2025-06-11,553619.8609112416,-0.0005520462029074598,-0.0005520462029074598,0.0,0.0,1.0,-0.0028521796888598683,621645.6471981179
2025-06-12,558230.9375632933,0.008328958149120306,0.008328958149120306,0.0,0.0,1.0,0.0039742753822695764,624116.2381902725
2025-06-13,556475.5110386153,-0.0031446242165303158,-0.0031446242165303158,0.0,0.0,1.0,-0.011180162300879815,617138.5173526907
2025-06-16,554670.8742281094,-0.0032429761502670664,-0.0032429761502670664,0.0,0.0,1.0,0.009514344503849026,623010.1858133788
2025-06-17,551839.5917599404,-0.00510443688269931,-0.00510443688269931,0.0,0.0,1.0,-0.0085450687006845,617686.5209743772
2025-06-18,551802.7529496198,-6.675637426275171e-05,-6.675637426275171e-05,0.0,0.0,1.0,-0.0001508166576998926,617593.3635577776
2025-06-20,549955.9367526543,-0.0033468774613636394,-0.0033468774613636394,0.0,0.0,1.0,-0.0023485778516780798,616142.8974627825
2025-06-23,554652.7014618657,0.008540256401166438,0.008540256401166438,0.0,0.0,1.0,0.00987759060766491,622228.9047597402
2025-06-24,554486.1860556811,-0.00030021562275935553,-0.00030021562275935553,0.0,0.0,1.0,0.011047186039507384,629102.78322978
2025-06-25,549592.0346214405,-0.008826462330928282,-0.008826462330928282,0.0,0.0,1.0,0.0005603844216792719,629455.322629137
2025-06-26,551269.6068510555,0.0030523954568784464,0.0030523954568784464,0.0,0.0,1.0,0.007823809728070064,634380.0613057084
2025-06-27,550057.5704662392,-0.0021986272592454297,-0.0021986272592454297,0.0,0.0,1.0,0.0049683222933454285,637531.8659067474
2025-06-30,553538.6276419761,0.006328532434861939,0.006328532434861939,0.0,0.0,1.0,0.004781179328798402,640580.020085471
2025-07-01,556222.0887041903,0.004847829813874845,0.004847829813874845,0.0,0.0,1.0,-0.00032361428413474336,640372.7192408401
2025-07-02,558221.1340330957,0.003593969692146537,0.003593969692146537,0.0,0.0,1.0,0.00453326557880418,643275.6988465798
2025-07-03,557200.063459539,-0.0018291506919122882,-0.0018291506919122882,0.0,0.0,1.0,0.007881400243543668,648345.6120961349
2025-07-07,553737.9307725981,-0.006213446325625224,-0.006213446325625224,0.0,0.0,1.0,-0.007451971921066947,643514.1587996476
2025-07-08,552896.3424209552,-0.001519831503087839,-0.001519831503087839,0.0,0.0,1.0,-0.0005477352950125081,643161.6833820327
2025-07-09,555249.4680028713,0.004255997736596647,0.004255997736596647,0.0,0.0,1.0,0.005996656078344209,647018.5028000437
2025-07-10,556699.9178386674,0.0026122489428277067,0.0026122489428277067,0.0,0.0,1.0,0.0028203571621754353,648843.3260684758
2025-07-11,556725.3840768011,4.574500070460748e-05,4.574500070460748e-05,0.0,0.0,1.0,-0.0035155067463294998,646562.3129783712
2025-07-14,557246.1688632711,0.0009354428617146158,0.0009354428617146158,0.0,0.0,1.0,0.0019080851570825175,647796.0089308941
2025-07-15,551797.5922134166,-0.009777683462533566,-0.009777683462533566,0.0,0.0,1.0,-0.004273212611414445,645027.8388559066
2025-07-16,555203.1334466477,0.00617172180757534,0.00617172180757534,0.0,0.0,1.0,0.0033432737161649406,647184.3434757483
2025-07-17,555076.5246090124,-0.00022804056751135615,-0.00022804056751135615,0.0,0.0,1.0,0.006119637877514572,651144.8772978169
2025-07-18,555427.4416431685,0.0006321957758946468,0.0006321957758946468,0.0,0.0,1.0,-0.0007323346017438226,650668.0213734235
2025-07-21,560019.5638670456,0.008267726582416849,0.008267726582416849,0.0,0.0,1.0,0.001896143492131186,651901.7813076886
2025-07-22,566023.7243794465,0.010721340645567956,0.010721340645567956,0.0,0.0,1.0,0.0001431954391026835,651995.1306695148
2025-07-23,568743.0639953254,0.004804285578065003,0.004804285578065003,0.0,0.0,1.0,0.008507476351847565,657541.9638252055
2025-07-24,565515.7550779668,-0.005674458506249258,-0.005674458506249258,0.0,0.0,1.0,0.00033102965109055305,657759.6297120679
2025-07-25,563564.401813198,-0.0034505727687458294,-0.0034505727687458294,0.0,0.0,1.0,0.004224338152491125,660538.228811029
2025-07-28,556315.6402596965,-0.012862348172062516,-0.012862348172062516,0.0,0.0,1.0,-0.0002510690047468067,660372.3881353241
2025-07-29,559430.8526666707,0.005599721060367656,0.005599721060367656,0.0,0.0,1.0,-0.0026376616892719307,658630.5491864865
2025-07-30,552227.1108855465,-0.012876911859232674,-0.012876911859232674,0.0,0.0,1.0,-0.0012593696215839056,657801.089880994
2025-07-31,548887.9947894023,-0.0060466355785930475,-0.0060466355785930475,0.0,0.0,1.0,-0.003751066887460741,655333.6339942059
2025-08-01,547275.6225114315,-0.0029375251294931153,-0.0022708584628264488,1.3333333333333333,0.0006666666666666666,1.0,-0.016390611285710288,644592.3151369549
2025-08-04,553596.3235953216,0.011549392707982609,0.011549392707982609,0.0,0.0,1.0,0.015199864928028717,654390.0312606818
2025-08-05,553022.286739648,-0.0010369231716454244,-0.0010369231716454244,0.0,0.0,1.0,-0.005070024116712868,651072.2580204537
2025-08-06,555818.9956523895,0.00505713599578339,0.00505713599578339,0.0,0.0,1.0,0.007659857740445197,656059.3788956408
2025-08-07,559557.3837830018,0.006725909261565317,0.006725909261565317,0.0,0.0,1.0,-0.0008377338742812102,655509.7757304001
2025-08-08,561104.7754580305,0.0027653851416762723,0.0027653851416762723,0.0,0.0,1.0,0.007797554830949682,660621.1491488814
2025-08-11,557333.1786679038,-0.0067217335426310205,-0.0067217335426310205,0.0,0.0,1.0,-0.0019774044951013092,659314.8339189955
2025-08-12,561760.5895910484,0.007943921324990295,0.007943921324990295,0.0,0.0,1.0,0.010646077812391797,666333.9509437613
2025-08-13,564676.7442340405,0.00519109865844262,0.00519109865844262,0.0,0.0,1.0,0.003423132057329248,668614.9000521237
2025-08-14,561026.8160133203,-0.006463748078860853,-0.006463748078860853,0.0,0.0,1.0,9.29178689290655e-05,668677.0263237708
2025-08-15,560538.9407739486,-0.0008696112653555262,-0.0008696112653555262,0.0,0.0,1.0,-0.0023411979263346927,667111.5210563538
2025-08-18,561257.8091300433,0.0012824592616207757,0.0012824592616207757,0.0,0.0,1.0,-0.00021771255650937515,666966.2825016278
2025-08-19,556168.4402634316,-0.009067791634828477,-0.009067791634828477,0.0,0.0,1.0,-0.005425196957653422,663347.8590549425
2025-08-20,556683.8035684251,0.0009266316958749612,0.0009266316958749612,0.0,0.0,1.0,-0.0026569846084518733,661585.354003384
2025-08-21,554770.5356428461,-0.003436902445004793,-0.003436902445004793,0.0,0.0,1.0,-0.004011809805612443,658931.1993929436
2025-08-22,563291.3205208174,0.01535911576143419,0.01535911576143419,0.0,0.0,1.0,0.015356833041096918,669050.2958075908
2025-08-25,561220.7835302905,-0.0036757835867460287,-0.0036757835867460287,0.0,0.0,1.0,-0.004401115665894628,666105.7280694407
2025-08-26,562847.3411672298,0.0028982491109963426,0.0028982491109963426,0.0,0.0,1.0,0.004187065214133812,668894.7561923756
2025-08-27,562393.4521584434,-0.0008064158353225568,-0.0008064158353225568,0.0,0.0,1.0,0.002278548405594716,670418.8652726084
2025-08-28,565671.4167129068,0.0058285965846201675,0.0058285965846201675,0.0,0.0,1.0,0.003541324132844581,672793.0357793125
2025-08-29,564405.068400521,-0.0022386641342859353,-0.0022386641342859353,0.0,0.0,1.0,-0.005963639392962183,668780.7407278283
2025-09-02,567125.537508921,0.004820064986499339,0.004820064986499339,0.0,0.0,1.0,-0.007410347641911175,663824.8429428203
2025-09-03,570814.3300645687,0.006504366867079373,0.006504366867079373,0.0,0.0,1.0,0.005419642546478309,667422.5363050424
2025-09-04,571087.0439330777,0.00047776282785009583,0.00047776282785009583,0.0,0.0,1.0,0.008357320883294106,673000.4006056857
2025-09-05,576193.5015821506,0.00894164506675669,0.00894164506675669,0.0,0.0,1.0,-0.0028961941058495144,671051.2608122171
2025-09-08,581068.8713183632,0.008461341064808298,0.008461341064808298,0.0,0.0,1.0,0.0024565777359784047,672699.7503992287
2025-09-09,582243.2238393476,0.002021021223043336,0.002021021223043336,0.0,0.0,1.0,0.0023118846201510834,674254.9546061561
2025-09-10,584330.9424725826,0.0035856469388660566,0.0035856469388660566,0.0,0.0,1.0,0.002890900188266654,676204.1583813668
2025-09-11,588008.4958123665,0.0062936138966429205,0.0062936138966429205,0.0,0.0,1.0,0.008310195052279257,681823.5468326783
2025-09-12,589148.27027133,0.001938363930250412,0.001938363930250412,0.0,0.0,1.0,-0.000334630409346115,681595.3879400998
2025-09-15,594300.0006962372,0.00874436994024356,0.00874436994024356,0.0,0.0,1.0,0.005323962798345239,685224.1764290165
2025-09-16,595997.7329067045,0.002856692257241167,0.002856692257241167,0.0,0.0,1.0,-0.0013768848246955567,684280.701658977
2025-09-17,594930.1079349472,-0.0017913238806304503,-0.0017913238806304503,0.0,0.0,1.0,-0.001242457061691904,683430.5122690212
2025-09-18,595439.7368910863,0.0008566198774306124,0.0008566198774306124,0.0,0.0,1.0,0.004672499536354291,686623.8410207286
2025-09-19,598440.3590176975,0.005039338056741319,0.005039338056741319,0.0,0.0,1.0,0.004952868450893266,690024.5985805513
2025-09-22,604051.9562430704,0.009377036726907853,0.009377036726907853,0.0,0.0,1.0,0.004730956629250382,693289.0750295519
2025-09-23,603650.6966961684,-0.000664279856649556,-0.000664279856649556,0.0,0.0,1.0,-0.005443378865093829,689515.2399311356
2025-09-24,600441.1609400841,-0.005316875758862267,-0.005316875758862267,0.0,0.0,1.0,-0.003181757023221321,687321.3699738665
2025-09-25,599243.9099134661,-0.0019939522879205787,-0.0019939522879205787,0.0,0.0,1.0,-0.004613374905433676,684150.4988136608
2025-09-26,600839.7812522639,0.002663141522836976,0.002663141522836976,0.0,0.0,1.0,0.0057290340826092745,688070.0203389984
2025-09-29,606895.0646912726,0.010078033492369945,0.010078033492369945,0.0,0.0,1.0,0.0028104467833012237,690003.8045143462
2025-09-30,609975.5489645321,0.005075810387132747,0.005075810387132747,0.0,0.0,1.0,0.003766834755358328,692602.9348265203
2025-10-01,611760.7164817478,0.0029266214362956284,0.003259954769628962,0.6666666666666666,0.0003333333333333333,1.0,0.0034075722246513784,694963.0293499472
2025-10-02,612123.6797774547,0.0005933092562634041,0.0005933092562634041,0.0,0.0,1.0,0.0011517326256851312,695763.4409444946
2025-10-03,612900.7609620434,0.0012694839462366787,0.0012694839462366787,0.0,0.0,1.0,-1.4805406382656372e-05,695753.1398840051
2025-10-06,619017.9529010146,0.009980721722990285,0.009980721722990285,0.0,0.0,1.0,0.003586271966467658,698248.2998651529
2025-10-07,618231.0320776684,-0.001271240712257815,-0.001271240712257815,0.0,0.0,1.0,-0.0037075138893177817,695659.5345952103
2025-10-08,625220.7217989324,0.011305950944866083,0.011305950944866083,0.0,0.0,1.0,0.005963055269571305,699807.7908488058
2025-10-09,620519.0667968957,-0.007519992281299959,-0.007519992281299959,0.0,0.0,1.0,-0.002896974724933221,697780.4653664056
2025-10-10,609836.9235807501,-0.017214850901014895,-0.017214850901014895,0.0,0.0,1.0,-0.027027862178845674,678920.9511173916
2025-10-13,622209.8130033832,0.020288849271349108,0.020288849271349108,0.0,0.0,1.0,0.015344118135168339,689338.3943957776
2025-10-14,622056.0438749406,-0.0002471338851124383,-0.0002471338851124383,0.0,0.0,1.0,-0.0012216462876413203,688496.2667053354
2025-10-15,628033.7545995411,0.009609601551917738,0.009609601551917738,0.0,0.0,1.0,0.004439529909605389,691552.8664740253
2025-10-16,630728.9012726522,0.004291404169557089,0.004291404169557089,0.0,0.0,1.0,-0.006810134562330372,686843.2983963719
2025-10-17,629346.7261906023,-0.0021913932899871496,-0.0021913932899871496,0.0,0.0,1.0,0.005676205164253156,690741.9618737621
2025-10-20,641808.4679102127,0.019801074989363267,0.019801074989363267,0.0,0.0,1.0,0.010400500262923273,697926.0238298422
2025-10-21,627999.8774372017,-0.021515126651371598,-0.021515126651371598,0.0,0.0,1.0,-1.494287878323064e-05,697915.5948058685
2025-10-22,624917.0579517471,-0.0049089491832949115,-0.0049089491832949115,0.0,0.0,1.0,-0.005198916065879078,694287.1902074047
2025-10-23,628737.1197509313,0.006112910106350696,0.006112910106350696,0.0,0.0,1.0,0.005929962705964353,698404.2873525633
2025-10-24,631985.1762537602,0.005166000862356819,0.005166000862356819,0.0,0.0,1.0,0.008172554694480416,704112.0345898118
2025-10-27,632357.5116693262,0.0005891521345058326,0.0005891521345058326,0.0,0.0,1.0,0.011797664492784632,712418.9121392345
2025-10-28,633027.7680605795,0.0010599326787214718,0.0010599326787214718,0.0,0.0,1.0,0.002656016019079832,714311.1081821717
2025-10-29,633280.1548517968,0.00039869782014534416,0.00039869782014534416,0.0,0.0,1.0,0.0004803706386860007,714654.2422654297
2025-10-30,631877.4692472537,-0.002214952724787926,-0.002214952724787926,0.0,0.0,1.0,-0.010998187142508109,706794.3411668072
2025-10-31,632440.5997253197,0.0008912020217096326,0.0008912020217096326,0.0,0.0,1.0,0.0032802220875831622,709112.7835760814
2025-11-03,634950.7313543983,0.0039689602947199,0.004302293628053233,0.6666666666666666,0.0003333333333333333,1.0,0.0018767398754619968,710443.6038132184
2025-11-04,623067.8225573765,-0.018714694243559128,-0.018714694243559128,0.0,0.0,1.0,-0.01185354736001909,702022.3269087957
2025-11-05,628684.076563366,0.009013872651836802,0.009013872651836802,0.0,0.0,1.0,0.003465476340313245,704455.1686730698
2025-11-06,622970.1512456296,-0.009088706920924264,-0.009088706920924264,0.0,0.0,1.0,-0.010729453719183435,696896.7495435525
2025-11-07,622978.2810614138,1.3050088784864354e-05,1.3050088784864354e-05,0.0,0.0,1.0,0.000984565078659072,697582.8897465842
2025-11-10,636904.712949632,0.022354602578585382,0.022354602578585382,0.0,0.0,1.0,0.01560437034633999,708468.2315054599
2025-11-11,637404.7329024631,0.0007850781171260255,0.0007850781171260255,0.0,0.0,1.0,0.002289177027853917,710090.0407059866
2025-11-12,640698.4957107488,0.005167458975849433,0.005167458975849433,0.0,0.0,1.0,0.0005563903663643455,710485.1279638866
2025-11-13,632114.4311200611,-0.013397978375405906,-0.013397978375405906,0.0,0.0,1.0,-0.016593996414786205,698695.3402976949
2025-11-14,628586.0272365861,-0.0055819068664875555,-0.0055819068664875555,0.0,0.0,1.0,-0.0001635496688257021,698581.0689061792
2025-11-17,621916.483250469,-0.010610391731801744,-0.010610391731801744,0.0,0.0,1.0,-0.009316620573407763,692072.6541474146
2025-11-18,619867.7964860313,-0.0032941509344311943,-0.0032941509344311943,0.0,0.0,1.0,-0.008397461670685558,686261.0005608822
2025-11-19,620711.5588024177,0.0013611972120018594,0.0013611972120018594,0.0,0.0,1.0,0.0038631766432766224,688912.1480294405
2025-11-20,612909.8483837862,-0.012568978792152574,-0.012568978792152574,0.0,0.0,1.0,-0.015242227316648038,678411.5924679755
2025-11-21,614090.134069644,0.0019257084691497077,0.0019257084691497077,0.0,0.0,1.0,0.009961138168965045,685169.3440759765
2025-11-24,624726.9187878391,0.017321210890824796,0.017321210890824796,0.0,0.0,1.0,0.014718606876234608,695254.0822950784
2025-11-25,626682.0722218045,0.003129612915926579,0.003129612915926579,0.0,0.0,1.0,0.009405836039293458,701793.5281987954
2025-11-26,631711.4925979497,0.008025473520112254,0.008025473520112254,0.0,0.0,1.0,0.006903582418005261,706638.4176611385
2025-11-28,636345.4021560735,0.007335484018292204,0.007335484018292204,0.0,0.0,1.0,0.0054584342293309,710495.5569878602
2025-12-01,636499.3307477009,0.0002418947180350406,0.0002418947180350406,0.0,0.0,1.0,-0.004565470301164498,707251.8106233228
2025-12-02,636871.5702809616,0.0005848231337862351,0.0005848231337862351,0.0,0.0,1.0,0.0018522768711999316,708561.8367942547
2025-12-03,637349.414934434,0.000750299865421226,0.000750299865421226,0.0,0.0,1.0,0.003462749080359595,711015.4086429919
2025-12-04,637249.9645546345,-0.00015603745366221666,-0.00015603745366221666,0.0,0.0,1.0,0.000731139787988333,711535.2602981236
2025-12-05,639340.4877757926,0.0032805387798164887,0.0032805387798164887,0.0,0.0,1.0,0.001899394752821859,712886.7466379815
2025-12-08,637901.9086282182,-0.0022500986173722053,-0.0022500986173722053,0.0,0.0,1.0,-0.0030042091058060105,710745.0857823233
2025-12-09,638906.1486340561,0.0015742859399769196,0.0015742859399769196,0.0,0.0,1.0,-0.0008631180942337835,710131.6288383967
2025-12-10,643067.8435526758,0.0065137812924749286,0.0065137812924749286,0.0,0.0,1.0,0.006632235252757246,714841.3888612767
2025-12-11,643672.3781432705,0.000940079023785271,0.000940079023785271,0.0,0.0,1.0,0.0023269460314641055,716504.7861942138
2025-12-12,638268.6253447551,-0.008395191376866173,-0.008395191376866173,0.0,0.0,1.0,-0.010752075575282682,708800.8725830017
2025-12-15,636766.7927191909,-0.0023529789275683237,-0.0023529789275683237,0.0,0.0,1.0,-0.0015108085502177904,707730.0101643015
2025-12-16,635894.1150089216,-0.001370482443883085,-0.001370482443883085,0.0,0.0,1.0,-0.002732285145230273,705796.289970696
2025-12-17,632265.0113702185,-0.005707087946005199,-0.005707087946005199,0.0,0.0,1.0,-0.011003593983400228,698029.9941608682
2025-12-18,637342.9006882807,0.008031267311562265,0.008031267311562265,0.0,0.0,1.0,0.00755126270975226,703301.0020260637
2025-12-19,642428.6605104189,0.007979628888383253,0.007979628888383253,0.0,0.0,1.0,0.009063506223587092,709675.375034982
2025-12-22,649553.9117348667,0.011091116667781693,0.011091116667781693,0.0,0.0,1.0,0.006229803850433591,714096.5134189329
2025-12-23,654639.9668127588,0.00783007381836572,0.00783007381836572,0.0,0.0,1.0,0.004570492347330646,717360.2860687696
2025-12-24,654818.2333972089,0.0002723124060359424,0.0002723124060359424,0.0,0.0,1.0,0.003517674396244841,719883.7259799566
2025-12-26,658877.0725364157,0.006198421076562581,0.006198421076562581,0.0,0.0,1.0,-0.00010140966545213459,719810.7228121406
2025-12-29,647692.9407165963,-0.01697453483510177,-0.01697453483510177,0.0,0.0,1.0,-0.0035636535074947684,717245.5668050587
2025-12-30,648218.225961849,0.0008110096810249138,0.0008110096810249138,0.0,0.0,1.0,-0.0012212136133650242,716369.6567547506
